mondo_id	subset	doid_id	mondo_label	doid_label
ID	A oboInOwl:inSubset	>A oboInOwl:source		
MONDO:0000023	http://purl.obolibrary.org/obo/mondo#doid_rare	DOID:0080716	infantile liver failure	infantile liver failure syndrome
MONDO:0000030	http://purl.obolibrary.org/obo/mondo#doid_rare	DOID:0060681	familial sleep-related hypermotor epilepsy	autosomal dominant nocturnal frontal lobe epilepsy
MONDO:0000050	http://purl.obolibrary.org/obo/mondo#doid_rare	DOID:0060870	isolated congenital growth hormone deficiency	isolated growth hormone deficiency
MONDO:0000127	http://purl.obolibrary.org/obo/mondo#doid_rare	DOID:0111724	geleophysic dysplasia	geleophysic dysplasia
MONDO:0000133	http://purl.obolibrary.org/obo/mondo#doid_rare	DOID:0090007	immunodeficiency-centromeric instability-facial anomalies syndrome	immunodeficiency-centromeric instability-facial anomalies syndrome
MONDO:0000136	http://purl.obolibrary.org/obo/mondo#doid_rare	DOID:0080753	keratosis follicularis spinulosa decalvans	keratosis follicularis spinulosa decalvans
MONDO:0000141	http://purl.obolibrary.org/obo/mondo#doid_rare	DOID:0080688	mosaic variegated aneuploidy syndrome	mosaic variegated aneuploidy syndrome
MONDO:0000160	http://purl.obolibrary.org/obo/mondo#doid_rare	DOID:0111689	epilepsy, familial adult myoclonic	familial adult myoclonic epilepsy
MONDO:0000171	http://purl.obolibrary.org/obo/mondo#doid_rare	DOID:0050560	muscular dystrophy-dystroglycanopathy, type A	Walker-Warburg syndrome
MONDO:0000193	http://purl.obolibrary.org/obo/mondo#doid_rare	DOID:0090139	cortisone reductase deficiency	cortisone reductase deficiency
MONDO:0000225	http://purl.obolibrary.org/obo/mondo#doid_rare	DOID:0050026	human monocytic ehrlichiosis	human monocytic ehrlichiosis
MONDO:0000241	http://purl.obolibrary.org/obo/mondo#doid_rare	DOID:0050083	Keshan disease	Keshan disease
MONDO:0000290	http://purl.obolibrary.org/obo/mondo#doid_rare	DOID:0050242	primary amebic meningoencephalitis	primary amebic meningoencephalitis
MONDO:0000291	http://purl.obolibrary.org/obo/mondo#doid_rare	DOID:0050246	granulomatous amebic encephalitis	granulomatous amebic encephalitis
MONDO:0000327	http://purl.obolibrary.org/obo/mondo#doid_rare	DOID:0050456	Buruli ulcer disease	Buruli ulcer disease
MONDO:0000332	http://purl.obolibrary.org/obo/mondo#doid_rare	DOID:0050485	sennetsu fever	sennetsu fever
MONDO:0000334	http://purl.obolibrary.org/obo/mondo#doid_rare	DOID:0050489	multinodular goiter	multinodular goiter
MONDO:0000351	http://purl.obolibrary.org/obo/mondo#doid_rare	DOID:0050544	disorder of methionine catabolism	hypermethioninemia
MONDO:0000355	http://purl.obolibrary.org/obo/mondo#doid_rare	DOID:0050558	Ullrich congenital muscular dystrophy	Ullrich congenital muscular dystrophy
MONDO:0000359	http://purl.obolibrary.org/obo/mondo#doid_rare	DOID:0050568	spondylocostal dysostosis	spondylocostal dysostosis
MONDO:0000390	http://purl.obolibrary.org/obo/mondo#doid_rare	DOID:0050661	vitelliform macular dystrophy	vitelliform macular dystrophy
MONDO:0000397	http://purl.obolibrary.org/obo/mondo#doid_rare	DOID:0050670	ataxic cerebral palsy	ataxic cerebral palsy
MONDO:0000430	http://purl.obolibrary.org/obo/mondo#doid_rare	DOID:0050749	mature T-cell and NK-cell non-Hodgkin lymphoma	peripheral T-cell lymphoma
MONDO:0000447	http://purl.obolibrary.org/obo/mondo#doid_rare	DOID:0050770	autosomal dominant polycystic liver disease	polycystic liver disease
MONDO:0000455	http://purl.obolibrary.org/obo/mondo#doid_rare	DOID:0050795	cone dystrophy	cone dystrophy
MONDO:0000463	http://purl.obolibrary.org/obo/mondo#doid_rare	DOID:0050816	Ochoa syndrome	urofacial syndrome
MONDO:0000477	http://purl.obolibrary.org/obo/mondo#doid_rare	DOID:0050836	focal dystonia	focal dystonia
MONDO:0000481	http://purl.obolibrary.org/obo/mondo#doid_rare	DOID:0050840	cervical dystonia	cervical dystonia
MONDO:0000507	http://purl.obolibrary.org/obo/mondo#doid_rare	DOID:0050881	inclusion body myopathy with Paget disease of bone and frontotemporal dementia	inclusion body myopathy with Paget disease of bone and frontotemporal dementia
MONDO:0000565	http://purl.obolibrary.org/obo/mondo#doid_rare	DOID:0060000	infective endocarditis	infective endocarditis
MONDO:0000607	http://purl.obolibrary.org/obo/mondo#doid_rare	DOID:0060061	primary cutaneous T-cell non-Hodgkin lymphoma	primary cutaneous T-cell non-Hodgkin lymphoma
MONDO:0000608	http://purl.obolibrary.org/obo/mondo#doid_rare	DOID:0060062	familial juvenile hyperuricemic nephropathy	autosomal dominant tubulointerstitial kidney disease
MONDO:0000665	http://purl.obolibrary.org/obo/mondo#doid_rare	DOID:0060135	apraxia	apraxia
MONDO:0000678	http://purl.obolibrary.org/obo/mondo#doid_rare	DOID:0060148	simultanagnosia	simultanagnosia
MONDO:0000688	http://purl.obolibrary.org/obo/mondo#doid_rare	DOID:0060159	inborn organic aciduria	organic acidemia
MONDO:0000700	http://purl.obolibrary.org/obo/mondo#doid_rare	DOID:0060178	familial hemiplegic migraine	familial hemiplegic migraine
MONDO:0000702	http://purl.obolibrary.org/obo/mondo#doid_rare	DOID:0060182	microscopic colitis	microscopic colitis
MONDO:0000703	http://purl.obolibrary.org/obo/mondo#doid_rare	DOID:0060183	collagenous colitis	collagenous colitis
MONDO:0000704	http://purl.obolibrary.org/obo/mondo#doid_rare	DOID:0060184	lymphocytic colitis	lymphocytic colitis
MONDO:0000722	http://purl.obolibrary.org/obo/mondo#doid_rare	DOID:0060242	non-syndromic synpolydactyly	synpolydactyly
MONDO:0000726	http://purl.obolibrary.org/obo/mondo#doid_rare	DOID:0060250	idiopathic scoliosis	idiopathic scoliosis
MONDO:0000732	http://purl.obolibrary.org/obo/mondo#doid_rare	DOID:0060286	combined oxidative phosphorylation deficiency	combined oxidative phosphorylation deficiency
MONDO:0000733	http://purl.obolibrary.org/obo/mondo#doid_rare	DOID:0060287	cornea plana	cornea plana
MONDO:0000734	http://purl.obolibrary.org/obo/mondo#doid_rare	DOID:0060289	Ohdo syndrome and variants	Ohdo syndrome
MONDO:0000736	http://purl.obolibrary.org/obo/mondo#doid_rare	DOID:0060304	dyschromatosis universalis hereditaria	dyschromatosis universalis hereditaria
MONDO:0000755	http://purl.obolibrary.org/obo/mondo#doid_rare	DOID:0060329	ectopic pregnancy	ectopic pregnancy
MONDO:0000809	http://purl.obolibrary.org/obo/mondo#doid_rare	DOID:0060538	purpura fulminans	purpura fulminans
MONDO:0000816	http://purl.obolibrary.org/obo/mondo#doid_rare	DOID:0060611	abdominal obesity-metabolic syndrome	abdominal obesity-metabolic syndrome
MONDO:0000819	http://purl.obolibrary.org/obo/mondo#doid_rare	DOID:0060668	anencephaly	anencephaly
MONDO:0000820	http://purl.obolibrary.org/obo/mondo#doid_rare	DOID:0060669	cerebral cavernous malformation	cerebral cavernous malformation
MONDO:0000845	http://purl.obolibrary.org/obo/mondo#doid_rare	DOID:0080031	fibrous dysplasia	fibrous dysplasia
MONDO:0000858	http://purl.obolibrary.org/obo/mondo#doid_rare	DOID:0080072	neuronal intestinal dysplasia	intestinal pseudo-obstruction
MONDO:0000863	http://purl.obolibrary.org/obo/mondo#doid_rare	DOID:0080099	myopathy, lactic acidosis, and sideroblastic anemia	myopathy, lactic acidosis, and sideroblastic anemia
MONDO:0000873	http://purl.obolibrary.org/obo/mondo#doid_rare	DOID:0080147	lymphoblastic lymphoma	lymphoblastic lymphoma
MONDO:0000878	http://purl.obolibrary.org/obo/mondo#doid_rare	DOID:0080160	cytomegalovirus retinitis	Cytomegalovirus retinitis
MONDO:0000891	http://purl.obolibrary.org/obo/mondo#doid_rare	DOID:0080182	mixed fibrolamellar hepatocellular carcinoma	mixed fibrolamellar hepatocellular carcinoma
MONDO:0000902	http://purl.obolibrary.org/obo/mondo#doid_rare	DOID:0090003	agenesis of the corpus callosum with peripheral neuropathy	agenesis of the corpus callosum with peripheral neuropathy
MONDO:0000930	http://purl.obolibrary.org/obo/mondo#doid_rare	DOID:10047	nodular malignant melanoma	nodular malignant melanoma
MONDO:0000936	http://purl.obolibrary.org/obo/mondo#doid_rare	DOID:10073	syphilitic meningitis	syphilitic meningitis
MONDO:0000956	http://purl.obolibrary.org/obo/mondo#doid_rare	DOID:10154	small intestine cancer	small intestine cancer
MONDO:0000979	http://purl.obolibrary.org/obo/mondo#doid_rare	DOID:1022	pinta disease	pinta disease
MONDO:0000984	http://purl.obolibrary.org/obo/mondo#doid_rare	DOID:10241	thalassemia	thalassemia
MONDO:0000989	http://purl.obolibrary.org/obo/mondo#doid_rare	DOID:10264	mumps infectious disease	mumps
MONDO:0000995	http://purl.obolibrary.org/obo/mondo#doid_rare	DOID:1029	familial periodic paralysis	familial periodic paralysis
MONDO:0001001	http://purl.obolibrary.org/obo/mondo#doid_rare	DOID:10321	baritosis	baritosis
MONDO:0001005	http://purl.obolibrary.org/obo/mondo#doid_rare	DOID:10331	kaolin pneumoconiosis	kaolin pneumoconiosis
MONDO:0001008	http://purl.obolibrary.org/obo/mondo#doid_rare	DOID:10348	blepharophimosis	blepharophimosis
MONDO:0001023	http://purl.obolibrary.org/obo/mondo#doid_rare	DOID:1039	prolymphocytic leukemia	prolymphocytic leukemia
MONDO:0001029	http://purl.obolibrary.org/obo/mondo#doid_rare	DOID:10426	Klippel-Feil syndrome	Klippel-Feil syndrome
MONDO:0001044	http://purl.obolibrary.org/obo/mondo#doid_rare	DOID:10485	esophageal atresia	esophageal atresia
MONDO:0001046	http://purl.obolibrary.org/obo/mondo#doid_rare	DOID:10488	imperforate anus	imperforate anus
MONDO:0001056	http://purl.obolibrary.org/obo/mondo#doid_rare	DOID:10534	gastric cancer	stomach cancer
MONDO:0001059	http://purl.obolibrary.org/obo/mondo#doid_rare	DOID:10540	gastric lymphoma	gastric lymphoma
MONDO:0001068	http://purl.obolibrary.org/obo/mondo#doid_rare	DOID:10573	osteomalacia	osteomalacia
MONDO:0001078	http://purl.obolibrary.org/obo/mondo#doid_rare	DOID:10607	tropical sprue	tropical sprue
MONDO:0001082	http://purl.obolibrary.org/obo/mondo#doid_rare	DOID:10619	lymph node cancer	lymph node cancer
MONDO:0001083	http://purl.obolibrary.org/obo/mondo#doid_rare	DOID:1062	Fanconi renotubular syndrome	Fanconi syndrome
MONDO:0001104	http://purl.obolibrary.org/obo/mondo#doid_rare	DOID:10719	toxic diffuse goiter	toxic diffuse goiter
MONDO:0001112	http://purl.obolibrary.org/obo/mondo#doid_rare	DOID:10773	bubonic plague	bubonic plague
MONDO:0001134	http://purl.obolibrary.org/obo/mondo#doid_rare	DOID:10825	essential hypertension	essential hypertension
MONDO:0001149	http://purl.obolibrary.org/obo/mondo#doid_rare	DOID:10907	microcephaly	microcephaly
MONDO:0001150	http://purl.obolibrary.org/obo/mondo#doid_rare	DOID:10908	hydrocephalus	hydrocephalus
MONDO:0001168	http://purl.obolibrary.org/obo/mondo#doid_rare	DOID:10967	spastic hemiplegia	spastic hemiplegia
MONDO:0001169	http://purl.obolibrary.org/obo/mondo#doid_rare	DOID:10968	spastic monoplegia	spastic monoplegia
MONDO:0001170	http://purl.obolibrary.org/obo/mondo#doid_rare	DOID:10969	hemiplegia	hemiplegia
MONDO:0001186	http://purl.obolibrary.org/obo/mondo#doid_rare	DOID:11038	depersonalization disorder	depersonalization disorder
MONDO:0001187	http://purl.obolibrary.org/obo/mondo#doid_rare	DOID:11054	urinary bladder cancer	urinary bladder cancer
MONDO:0001195	http://purl.obolibrary.org/obo/mondo#doid_rare	DOID:11104	spotted fever	spotted fever
MONDO:0001220	http://purl.obolibrary.org/obo/mondo#doid_rare	DOID:11199	hypoparathyroidism	hypoparathyroidism
MONDO:0001221	http://purl.obolibrary.org/obo/mondo#doid_rare	DOID:112	esophageal varices	esophageal varix
MONDO:0001246	http://purl.obolibrary.org/obo/mondo#doid_rare	DOID:11256	typhus	typhus
MONDO:0001249	http://purl.obolibrary.org/obo/mondo#doid_rare	DOID:11265	trachoma	trachoma
MONDO:0001250	http://purl.obolibrary.org/obo/mondo#doid_rare	DOID:11267	keratomalacia	keratomalacia
MONDO:0001260	http://purl.obolibrary.org/obo/mondo#doid_rare	DOID:11302	cercarial dermatitis	cercarial dermatitis
MONDO:0001266	http://purl.obolibrary.org/obo/mondo#doid_rare	DOID:11330	erysipelas	erysipelas
MONDO:0001275	http://purl.obolibrary.org/obo/mondo#doid_rare	DOID:1138	spinal meningioma	spinal meningioma
MONDO:0001280	http://purl.obolibrary.org/obo/mondo#doid_rare	DOID:11406	choroiditis	choroiditis
MONDO:0001294	http://purl.obolibrary.org/obo/mondo#doid_rare	DOID:11486	Horner syndrome	Horner's syndrome
MONDO:0001301	http://purl.obolibrary.org/obo/mondo#doid_rare	DOID:11507	rumination disorder	rumination disorder
MONDO:0001314	http://purl.obolibrary.org/obo/mondo#doid_rare	DOID:1156	chondrocalcinosis	chondrocalcinosis
MONDO:0001332	http://purl.obolibrary.org/obo/mondo#doid_rare	DOID:1166	palindromic rheumatism	palindromic rheumatism
MONDO:0001340	http://purl.obolibrary.org/obo/mondo#doid_rare	DOID:117	heart cancer	heart cancer
MONDO:0001341	http://purl.obolibrary.org/obo/mondo#doid_rare	DOID:0060025	selective IgA deficiency disease	immunoglobulin alpha deficiency
MONDO:0001347	http://purl.obolibrary.org/obo/mondo#doid_rare	DOID:11727	facioscapulohumeral muscular dystrophy	facioscapulohumeral muscular dystrophy
MONDO:0001378	http://purl.obolibrary.org/obo/mondo#doid_rare	DOID:11817	urachus cancer	urachus cancer
MONDO:0001382	http://purl.obolibrary.org/obo/mondo#doid_rare	DOID:11823	hepatorenal syndrome	hepatorenal syndrome
MONDO:0001402	http://purl.obolibrary.org/obo/mondo#doid_rare	DOID:119	vaginal cancer	vaginal cancer
MONDO:0001414	http://purl.obolibrary.org/obo/mondo#doid_rare	DOID:11991	osteopoikilosis	osteopoikilosis
MONDO:0001422	http://purl.obolibrary.org/obo/mondo#doid_rare	DOID:12028	primary aldosteronism	Conn's syndrome
MONDO:0001427	http://purl.obolibrary.org/obo/mondo#doid_rare	DOID:12070	Dieulafoy lesion	Dieulafoy lesion
MONDO:0001436	http://purl.obolibrary.org/obo/mondo#doid_rare	DOID:12119	hemosiderosis	hemosiderosis
MONDO:0001437	http://purl.obolibrary.org/obo/mondo#doid_rare	DOID:12120	pulmonary alveolar proteinosis	pulmonary alveolar proteinosis
MONDO:0001444	http://purl.obolibrary.org/obo/mondo#doid_rare	DOID:12140	Chagas disease	Chagas disease
MONDO:0001476	http://purl.obolibrary.org/obo/mondo#doid_rare	DOID:12270	coloboma	coloboma
MONDO:0001508	http://purl.obolibrary.org/obo/mondo#doid_rare	DOID:12358	patulous eustachian tube	patulous eustachian tube
MONDO:0001516	http://purl.obolibrary.org/obo/mondo#doid_rare	DOID:12377	spinal muscular atrophy	spinal muscular atrophy
MONDO:0001528	http://purl.obolibrary.org/obo/mondo#doid_rare	DOID:1245	vulva cancer	vulva cancer
MONDO:0001549	http://purl.obolibrary.org/obo/mondo#doid_rare	DOID:12554	hemolytic-uremic syndrome	hemolytic-uremic syndrome
MONDO:0001558	http://purl.obolibrary.org/obo/mondo#doid_rare	DOID:12594	Potter sequence	Potter's syndrome
MONDO:0001567	http://purl.obolibrary.org/obo/mondo#doid_rare	DOID:12679	nephrocalcinosis	nephrocalcinosis
MONDO:0001569	http://purl.obolibrary.org/obo/mondo#doid_rare	DOID:12689	acoustic neuroma	acoustic neuroma
MONDO:0001584	http://purl.obolibrary.org/obo/mondo#doid_rare	DOID:1279	ocular motility disease	ocular motility disease
MONDO:0001586	http://purl.obolibrary.org/obo/mondo#doid_rare	DOID:12802	mucopolysaccharidosis type 1	mucopolysaccharidosis I
MONDO:0001595	http://purl.obolibrary.org/obo/mondo#doid_rare	DOID:12859	choreatic disease	choreatic disease
MONDO:0001617	http://purl.obolibrary.org/obo/mondo#doid_rare	DOID:13027	transient global amnesia	transient global amnesia
MONDO:0001676	http://purl.obolibrary.org/obo/mondo#doid_rare	DOID:13270	erythropoietic protoporphyria	erythropoietic protoporphyria
MONDO:0001705	http://purl.obolibrary.org/obo/mondo#doid_rare	DOID:1340	pure red-cell aplasia	pure red-cell aplasia
MONDO:0001711	http://purl.obolibrary.org/obo/mondo#doid_rare	DOID:13413	hepatic encephalopathy	hepatic encephalopathy
MONDO:0001714	http://purl.obolibrary.org/obo/mondo#doid_rare	DOID:13431	bejel	bejel
MONDO:0001718	http://purl.obolibrary.org/obo/mondo#doid_rare	DOID:13452	scleritis	scleritis
MONDO:0001734	http://purl.obolibrary.org/obo/mondo#doid_rare	DOID:13515	tuberous sclerosis	tuberous sclerosis
MONDO:0001741	http://purl.obolibrary.org/obo/mondo#doid_rare	DOID:13543	hyperparathyroidism	hyperparathyroidism
MONDO:0001754	http://purl.obolibrary.org/obo/mondo#doid_rare	DOID:13593	eclampsia	eclampsia
MONDO:0001797	http://purl.obolibrary.org/obo/mondo#doid_rare	DOID:13778	chancroid	chancroid
MONDO:0001822	http://purl.obolibrary.org/obo/mondo#doid_rare	DOID:1387	hypolipoproteinemia	hypolipoproteinemia
MONDO:0001823	http://purl.obolibrary.org/obo/mondo#doid_rare	DOID:13884	sick sinus syndrome	sick sinus syndrome
MONDO:0001867	http://purl.obolibrary.org/obo/mondo#doid_rare	DOID:14049	phaeohyphomycosis	phaeohyphomycosis
MONDO:0001879	http://purl.obolibrary.org/obo/mondo#doid_rare	DOID:14110	anus cancer	anus cancer
MONDO:0001901	http://purl.obolibrary.org/obo/mondo#doid_rare	DOID:14176	selective IgG subclass deficiency	selective IgG deficiency disease
MONDO:0001909	http://purl.obolibrary.org/obo/mondo#doid_rare	DOID:14219	renal tubular acidosis	renal tubular acidosis
MONDO:0001910	http://purl.obolibrary.org/obo/mondo#doid_rare	DOID:14223	ochronosis disorder	ochronosis
MONDO:0001956	http://purl.obolibrary.org/obo/mondo#doid_rare	DOID:14400	capillary leak syndrome	capillary leak syndrome
MONDO:0001967	http://purl.obolibrary.org/obo/mondo#doid_rare	DOID:14447	gonadal dysgenesis	gonadal dysgenesis
MONDO:0001971	http://purl.obolibrary.org/obo/mondo#doid_rare	DOID:14453	farmer's lung disease	farmer's lung
MONDO:0001982	http://purl.obolibrary.org/obo/mondo#doid_rare	DOID:14504	Niemann-Pick disease	Niemann-Pick disease
MONDO:0001999	http://purl.obolibrary.org/obo/mondo#doid_rare	DOID:14557	idiopathic pulmonary arterial hypertension	primary pulmonary hypertension
MONDO:0002010	http://purl.obolibrary.org/obo/mondo#doid_rare	DOID:14711	FG syndrome	FG syndrome
MONDO:0002012	http://purl.obolibrary.org/obo/mondo#doid_rare	DOID:14749	methylmalonic acidemia	methylmalonic acidemia
MONDO:0002013	http://purl.obolibrary.org/obo/mondo#doid_rare	DOID:1475	lymphangioma	lymphangioma
MONDO:0002049	http://purl.obolibrary.org/obo/mondo#doid_rare	DOID:1588	thrombocytopenia	thrombocytopenia
MONDO:0002070	http://purl.obolibrary.org/obo/mondo#doid_rare	DOID:1657	ventricular septal defect	ventricular septal defect
MONDO:0002073	http://purl.obolibrary.org/obo/mondo#doid_rare	DOID:1660	malignant pineal area germ cell neoplasm	malignant pineal area germ cell neoplasm
MONDO:0002083	http://purl.obolibrary.org/obo/mondo#doid_rare	DOID:1703	Richter transformation	Richter's syndrome
MONDO:0002093	http://purl.obolibrary.org/obo/mondo#doid_rare	DOID:174	acanthoma	acanthoma
MONDO:0002104	http://purl.obolibrary.org/obo/mondo#doid_rare	DOID:1768	conversion disorder	conversion disorder
MONDO:0002109	http://purl.obolibrary.org/obo/mondo#doid_rare	DOID:1785	pituitary cancer	pituitary cancer
MONDO:0002125	http://purl.obolibrary.org/obo/mondo#doid_rare	DOID:1824	obsolete status epilepticus	status epilepticus
MONDO:0002128	http://purl.obolibrary.org/obo/mondo#doid_rare	DOID:1835	mononeuritis multiplex	mononeuritis multiplex
MONDO:0002155	http://purl.obolibrary.org/obo/mondo#doid_rare	DOID:1949	cholecystitis	cholecystitis
MONDO:0002158	http://purl.obolibrary.org/obo/mondo#doid_rare	DOID:1964	fallopian tube cancer	fallopian tube cancer
MONDO:0002191	http://purl.obolibrary.org/obo/mondo#doid_rare	DOID:2065	syringoma	syringoma
MONDO:0002299	http://purl.obolibrary.org/obo/mondo#doid_rare	DOID:2436	glomangioma	glomangioma
MONDO:0002304	http://purl.obolibrary.org/obo/mondo#doid_rare	DOID:2451	protein S deficiency	protein S deficiency
MONDO:0002308	http://purl.obolibrary.org/obo/mondo#doid_rare	DOID:2457	giant papillary conjunctivitis	giant papillary conjunctivitis
MONDO:0002313	http://purl.obolibrary.org/obo/mondo#doid_rare	DOID:2474	vernal conjunctivitis	vernal conjunctivitis
MONDO:0002352	http://purl.obolibrary.org/obo/mondo#doid_rare	DOID:2596	larynx cancer	larynx cancer
MONDO:0002360	http://purl.obolibrary.org/obo/mondo#doid_rare	DOID:2602	chondroma	chondroma
MONDO:0002370	http://purl.obolibrary.org/obo/mondo#doid_rare	DOID:2636	ovarian Brenner tumor	ovarian Brenner tumor
MONDO:0002387	http://purl.obolibrary.org/obo/mondo#doid_rare	DOID:268	liver angiosarcoma	liver angiosarcoma
MONDO:0002400	http://purl.obolibrary.org/obo/mondo#doid_rare	DOID:2703	synovitis	synovitis
MONDO:0002413	http://purl.obolibrary.org/obo/mondo#doid_rare	DOID:0081329	glycogen storage disease I	glycogen storage disease I
MONDO:0002422	http://purl.obolibrary.org/obo/mondo#doid_rare	DOID:2776	adamantinoma	adamantinoma
MONDO:0002441	http://purl.obolibrary.org/obo/mondo#doid_rare	DOID:2842	Jervell and Lange-Nielsen syndrome	Jervell-Lange Nielsen syndrome
MONDO:0002442	http://purl.obolibrary.org/obo/mondo#doid_rare	DOID:2843	long QT syndrome	long QT syndrome
MONDO:0002457	http://purl.obolibrary.org/obo/mondo#doid_rare	DOID:2908	Treacher-Collins syndrome	Treacher Collins syndrome
MONDO:0002461	http://purl.obolibrary.org/obo/mondo#doid_rare	DOID:2920	membranoproliferative glomerulonephritis	membranoproliferative glomerulonephritis
MONDO:0002462	http://purl.obolibrary.org/obo/mondo#doid_rare	DOID:2921	glomerulonephritis	glomerulonephritis
MONDO:0002474	http://purl.obolibrary.org/obo/mondo#doid_rare	DOID:2977	primary hyperoxaluria	primary hyperoxaluria
MONDO:0002479	http://purl.obolibrary.org/obo/mondo#doid_rare	DOID:2997	Sertoli-Leydig cell tumor	Sertoli-Leydig cell tumor
MONDO:0002520	http://purl.obolibrary.org/obo/mondo#doid_rare	DOID:3133	hepatic porphyria	acute porphyria
MONDO:0002565	http://purl.obolibrary.org/obo/mondo#doid_rare	DOID:322	myelitis	myelitis
MONDO:0002594	http://purl.obolibrary.org/obo/mondo#doid_rare	DOID:3292	monkeypox	mpox
MONDO:0002661	http://purl.obolibrary.org/obo/mondo#doid_rare	DOID:3480	uveal disorder	uveal disease
MONDO:0002675	http://purl.obolibrary.org/obo/mondo#doid_rare	DOID:3512	neurofibrosarcoma	neurofibrosarcoma
MONDO:0002682	http://purl.obolibrary.org/obo/mondo#doid_rare	DOID:3541	cerebral ventricle cancer	cerebral ventricle cancer
MONDO:0002687	http://purl.obolibrary.org/obo/mondo#doid_rare	DOID:3557	superior mesenteric artery syndrome	superior mesenteric artery syndrome
MONDO:0002728	http://purl.obolibrary.org/obo/mondo#doid_rare	DOID:3672	rhabdoid tumor	rhabdoid cancer
MONDO:0002783	http://purl.obolibrary.org/obo/mondo#doid_rare	DOID:3825	Shwartzman phenomenon	Shwartzman phenomenon
MONDO:0002791	http://purl.obolibrary.org/obo/mondo#doid_rare	DOID:3857	large cell medulloblastoma	large cell medulloblastoma
MONDO:0002817	http://purl.obolibrary.org/obo/mondo#doid_rare	DOID:3953	adrenal gland cancer	adrenal gland cancer
MONDO:0002822	http://purl.obolibrary.org/obo/mondo#doid_rare	DOID:3965	trabecular adenocarcinoma	Merkel cell carcinoma
MONDO:0002898	http://purl.obolibrary.org/obo/mondo#doid_rare	DOID:4159	skin cancer	skin cancer
MONDO:0002912	http://purl.obolibrary.org/obo/mondo#doid_rare	DOID:4203	brainstem cancer	brain stem cancer
MONDO:0002984	http://purl.obolibrary.org/obo/mondo#doid_rare	DOID:4394	reticulohistiocytic granuloma	reticulohistiocytic granuloma
MONDO:0002999	http://purl.obolibrary.org/obo/mondo#doid_rare	DOID:4438	central nervous system germinoma	central nervous system germinoma
MONDO:0003004	http://purl.obolibrary.org/obo/mondo#doid_rare	DOID:4448	macular degeneration	macular degeneration
MONDO:0003008	http://purl.obolibrary.org/obo/mondo#doid_rare	DOID:4455	hereditary renal cell carcinoma	hereditary renal cell carcinoma
MONDO:0003009	http://purl.obolibrary.org/obo/mondo#doid_rare	DOID:446	hyperaldosteronism	primary hyperaldosteronism
MONDO:0003036	http://purl.obolibrary.org/obo/mondo#doid_rare	DOID:4531	mucoepidermoid carcinoma	mucoepidermoid carcinoma
MONDO:0003037	http://purl.obolibrary.org/obo/mondo#doid_rare	DOID:4535	hypotrichosis	hypotrichosis
MONDO:0003060	http://purl.obolibrary.org/obo/mondo#doid_rare	DOID:4607	biliary tract cancer	biliary tract cancer
MONDO:0003139	http://purl.obolibrary.org/obo/mondo#doid_rare	DOID:4783	mesangial proliferative glomerulonephritis	mesangial proliferative glomerulonephritis
MONDO:0003145	http://purl.obolibrary.org/obo/mondo#doid_rare	DOID:4791	supratentorial primitive neuroectodermal tumor	supratentorial primitive neuroectodermal tumor
MONDO:0003157	http://purl.obolibrary.org/obo/mondo#doid_rare	DOID:4837	disappearing bone disease	Gorham's disease
MONDO:0003158	http://purl.obolibrary.org/obo/mondo#doid_rare	DOID:4838	malignant myoepithelioma	myoepithelial carcinoma
MONDO:0003198	http://purl.obolibrary.org/obo/mondo#doid_rare	DOID:4906	small intestine adenocarcinoma	small intestine adenocarcinoma
MONDO:0003210	http://purl.obolibrary.org/obo/mondo#doid_rare	DOID:4928	intrahepatic cholangiocarcinoma	intrahepatic cholangiocarcinoma
MONDO:0003214	http://purl.obolibrary.org/obo/mondo#doid_rare	DOID:4933	apocrine adenocarcinoma	apocrine carcinoma
MONDO:0003233	http://purl.obolibrary.org/obo/mondo#doid_rare	DOID:4990	essential tremor	essential tremor
MONDO:0003235	http://purl.obolibrary.org/obo/mondo#doid_rare	DOID:4992	optic nerve glioma	optic nerve glioma
MONDO:0003345	http://purl.obolibrary.org/obo/mondo#doid_rare	DOID:4927	hilar cholangiocarcinoma	Klatskin's tumor
MONDO:0003402	http://purl.obolibrary.org/obo/mondo#doid_rare	DOID:5344	testicular yolk sac tumor	testicular yolk sac tumor
MONDO:0003450	http://purl.obolibrary.org/obo/mondo#doid_rare	DOID:5446	eccrine papillary adenoma	eccrine papillary adenoma
MONDO:0003578	http://purl.obolibrary.org/obo/mondo#doid_rare	DOID:5677	extragonadal nonseminomatous germ cell tumor	malignant extragonadal nonseminomatous germ cell tumor
MONDO:0003606	http://purl.obolibrary.org/obo/mondo#doid_rare	DOID:5719	adrenal medulla cancer	adrenal medulla cancer
MONDO:0003608	http://purl.obolibrary.org/obo/mondo#doid_rare	DOID:5723	optic atrophy	optic atrophy
MONDO:0003614	http://purl.obolibrary.org/obo/mondo#doid_rare	DOID:5729	intravenous leiomyomatosis	intravenous leiomyomatosis
MONDO:0003633	http://purl.obolibrary.org/obo/mondo#doid_rare	DOID:5758	malignant mesenchymoma	malignant mesenchymoma
MONDO:0003658	http://purl.obolibrary.org/obo/mondo#doid_rare	DOID:5822	B-cell lymphoma, unclassifiable, with features intermediate between diffuse large b-cell lymphoma and classical Hodgkin lymphoma	gray zone lymphoma
MONDO:0003689	http://purl.obolibrary.org/obo/mondo#doid_rare	DOID:589	familial hemolytic anemia	congenital hemolytic anemia
MONDO:0003754	http://purl.obolibrary.org/obo/mondo#doid_rare	DOID:606	Brown-Sequard syndrome	Brown-Sequard syndrome
MONDO:0003757	http://purl.obolibrary.org/obo/mondo#doid_rare	DOID:607	paraplegia	paraplegia
MONDO:0003792	http://purl.obolibrary.org/obo/mondo#doid_rare	DOID:6170	ovarian carcinosarcoma	ovarian carcinosarcoma
MONDO:0003795	http://purl.obolibrary.org/obo/mondo#doid_rare	DOID:6179	ovarian small cell carcinoma	ovarian small cell carcinoma
MONDO:0003825	http://purl.obolibrary.org/obo/mondo#doid_rare	DOID:6245	kidney oncocytoma	renal oncocytoma
MONDO:0003865	http://purl.obolibrary.org/obo/mondo#doid_rare	DOID:6367	acral lentiginous melanoma	acral lentiginous melanoma
MONDO:0003867	http://purl.obolibrary.org/obo/mondo#doid_rare	DOID:6379	diffuse meningeal melanocytosis	diffuse meningeal melanocytosis
MONDO:0003869	http://purl.obolibrary.org/obo/mondo#doid_rare	DOID:6383	childhood brain stem glioma	childhood brain stem glioma
MONDO:0003924	http://purl.obolibrary.org/obo/mondo#doid_rare	DOID:656	adrenal cortex adenoma	adrenal adenoma
MONDO:0003962	http://purl.obolibrary.org/obo/mondo#doid_rare	DOID:6676	Froelich syndrome	Froelich syndrome
MONDO:0004001	http://purl.obolibrary.org/obo/mondo#doid_rare	DOID:682	compartment syndrome	compartment syndrome
MONDO:0004069	http://purl.obolibrary.org/obo/mondo#doid_rare	DOID:700	inborn mitochondrial metabolism disorder	mitochondrial metabolism disease
MONDO:0004095	http://purl.obolibrary.org/obo/mondo#doid_rare	DOID:707	B-cell neoplasm	B-cell lymphoma
MONDO:0004192	http://purl.obolibrary.org/obo/mondo#doid_rare	DOID:734	urethra cancer	urethra cancer
MONDO:0004215	http://purl.obolibrary.org/obo/mondo#doid_rare	DOID:7426	cutaneous anthrax	cutaneous anthrax
MONDO:0004225	http://purl.obolibrary.org/obo/mondo#doid_rare	DOID:7442	monoclonal gammopathy of uncertain significance	monoclonal gammopathy of uncertain significance
MONDO:0004443	http://purl.obolibrary.org/obo/mondo#doid_rare	DOID:8043	chest wall parachordoma	chest wall parachordoma
MONDO:0004471	http://purl.obolibrary.org/obo/mondo#doid_rare	DOID:813	bacterial arthritis	septic arthritis
MONDO:0004496	http://purl.obolibrary.org/obo/mondo#doid_rare	DOID:820	myocarditis	myocarditis
MONDO:0004544	http://purl.obolibrary.org/obo/mondo#doid_rare	DOID:8368	chordoid meningioma	chordoid meningioma
MONDO:0004619	http://purl.obolibrary.org/obo/mondo#doid_rare	DOID:8622	measles	measles
MONDO:0004631	http://purl.obolibrary.org/obo/mondo#doid_rare	DOID:8649	tongue cancer	tongue cancer
MONDO:0004643	http://purl.obolibrary.org/obo/mondo#doid_rare	DOID:8692	myeloid leukemia	myeloid leukemia
MONDO:0004651	http://purl.obolibrary.org/obo/mondo#doid_rare	DOID:8736	smallpox	smallpox
MONDO:0004653	http://purl.obolibrary.org/obo/mondo#doid_rare	DOID:0060597	atypical chronic myeloid leukemia, BCR-ABL1 negative	atypical chronic myeloid leukemia, BCR-ABL1 negative
MONDO:0004656	http://purl.obolibrary.org/obo/mondo#doid_rare	DOID:8781	rubella	rubella
MONDO:0004668	http://purl.obolibrary.org/obo/mondo#doid_rare	DOID:885	fascioliasis	fascioliasis
MONDO:0004674	http://purl.obolibrary.org/obo/mondo#doid_rare	DOID:8886	chorioretinitis	chorioretinitis
MONDO:0004691	http://purl.obolibrary.org/obo/mondo#doid_rare	DOID:898	autosomal dominant polycystic kidney disease	autosomal dominant polycystic kidney disease
MONDO:0004736	http://purl.obolibrary.org/obo/mondo#doid_rare	DOID:9252	inborn disorder of amino acid metabolism	amino acid metabolic disorder
MONDO:0004737	http://purl.obolibrary.org/obo/mondo#doid_rare	DOID:9263	homocystinuria	homocystinuria
MONDO:0004739	http://purl.obolibrary.org/obo/mondo#doid_rare	DOID:9267	urea cycle disorder	urea cycle disorder
MONDO:0004745	http://purl.obolibrary.org/obo/mondo#doid_rare	DOID:9286	priapism	priapism
MONDO:0004772	http://purl.obolibrary.org/obo/mondo#doid_rare	DOID:9378	glaucomatocyclitic crisis	glaucomatocyclitic crisis
MONDO:0004806	http://purl.obolibrary.org/obo/mondo#doid_rare	DOID:9502	chronic eosinophilic pneumonia	chronic eosinophilic pneumonia
MONDO:0004822	http://purl.obolibrary.org/obo/mondo#doid_rare	DOID:9563	bronchiectasis	bronchiectasis
MONDO:0004829	http://purl.obolibrary.org/obo/mondo#doid_rare	DOID:9597	Krukenberg carcinoma	Krukenberg carcinoma
MONDO:0004835	http://purl.obolibrary.org/obo/mondo#doid_rare	DOID:9602	necrotizing fasciitis	necrotizing fasciitis
MONDO:0004845	http://purl.obolibrary.org/obo/mondo#doid_rare	DOID:9663	aphthous stomatitis	aphthous stomatitis
MONDO:0004854	http://purl.obolibrary.org/obo/mondo#doid_rare	DOID:9699	ophthalmia neonatorum	ophthalmia neonatorum
MONDO:0004875	http://purl.obolibrary.org/obo/mondo#doid_rare	DOID:9766	xanthogranulomatous cholecystitis	xanthogranulomatous cholecystitis
MONDO:0004896	http://purl.obolibrary.org/obo/mondo#doid_rare	DOID:9840	esotropia	esotropia
MONDO:0004933	http://purl.obolibrary.org/obo/mondo#doid_rare	DOID:9955	hypoplastic left heart syndrome	hypoplastic left heart syndrome
MONDO:0004941	http://purl.obolibrary.org/obo/mondo#doid_rare	DOID:998	eosinophilia-myalgia syndrome	eosinophilia-myalgia syndrome
MONDO:0004942	http://purl.obolibrary.org/obo/mondo#doid_rare	DOID:9986	orbit lymphoma	orbit lymphoma
MONDO:0004948	http://purl.obolibrary.org/obo/mondo#doid_rare	DOID:1040	B-cell chronic lymphocytic leukemia	chronic lymphocytic leukemia
MONDO:0004952	http://purl.obolibrary.org/obo/mondo#doid_rare	DOID:8567	Hodgkins lymphoma	Hodgkin's lymphoma
MONDO:0004958	http://purl.obolibrary.org/obo/mondo#doid_rare	DOID:0050866	oral cavity squamous cell carcinoma	oral squamous cell carcinoma
MONDO:0004965	http://purl.obolibrary.org/obo/mondo#doid_rare	DOID:3025	acinar cell carcinoma	acinar cell carcinoma
MONDO:0004967	http://purl.obolibrary.org/obo/mondo#doid_rare	DOID:9952	acute lymphoblastic leukemia	acute lymphoblastic leukemia
MONDO:0004971	http://purl.obolibrary.org/obo/mondo#doid_rare	DOID:0080202	adenoid cystic carcinoma	adenoid cystic carcinoma
MONDO:0004975	http://purl.obolibrary.org/obo/mondo#doid_rare	DOID:10652	Alzheimer disease	Alzheimer's disease
MONDO:0004976	http://purl.obolibrary.org/obo/mondo#doid_rare	DOID:332	amyotrophic lateral sclerosis	amyotrophic lateral sclerosis
MONDO:0004977	http://purl.obolibrary.org/obo/mondo#doid_rare	DOID:0111147	angioimmunoblastic T-cell lymphoma	angioimmunoblastic T-cell lymphoma
MONDO:0004979	http://purl.obolibrary.org/obo/mondo#doid_rare	DOID:2841	asthma	asthma
MONDO:0004985	http://purl.obolibrary.org/obo/mondo#doid_rare	DOID:3312	bipolar disorder	bipolar disorder
MONDO:0004997	http://purl.obolibrary.org/obo/mondo#doid_rare	DOID:2649	chondroblastoma	chondroblastoma
MONDO:0005005	http://purl.obolibrary.org/obo/mondo#doid_rare	DOID:4467	clear cell renal carcinoma	clear cell renal cell carcinoma
MONDO:0005006	http://purl.obolibrary.org/obo/mondo#doid_rare	DOID:4880	clear cell sarcoma of kidney	kidney clear cell sarcoma
MONDO:0005011	http://purl.obolibrary.org/obo/mondo#doid_rare	DOID:8778	Crohn disease	Crohn's disease
MONDO:0005021	http://purl.obolibrary.org/obo/mondo#doid_rare	DOID:12930	dilated cardiomyopathy	dilated cardiomyopathy
MONDO:0005029	http://purl.obolibrary.org/obo/mondo#doid_rare	DOID:2224	essential thrombocythemia	essential thrombocythemia
MONDO:0005045	http://purl.obolibrary.org/obo/mondo#doid_rare	DOID:11984	hypertrophic cardiomyopathy	hypertrophic cardiomyopathy
MONDO:0005055	http://purl.obolibrary.org/obo/mondo#doid_rare	DOID:8632	Kaposi's sarcoma	Kaposi's sarcoma
MONDO:0005058	http://purl.obolibrary.org/obo/mondo#doid_rare	DOID:1967	leiomyosarcoma	leiomyosarcoma
MONDO:0005060	http://purl.obolibrary.org/obo/mondo#doid_rare	DOID:3382	liposarcoma	liposarcoma
MONDO:0005061	http://purl.obolibrary.org/obo/mondo#doid_rare	DOID:3910	lung adenocarcinoma	lung adenocarcinoma
MONDO:0005072	http://purl.obolibrary.org/obo/mondo#doid_rare	DOID:769	neuroblastoma	neuroblastoma
MONDO:0005074	http://purl.obolibrary.org/obo/mondo#doid_rare	DOID:3110	papillary cystadenocarcinoma	papillary cystadenocarcinoma
MONDO:0005075	http://purl.obolibrary.org/obo/mondo#doid_rare	DOID:3969	thyroid gland papillary carcinoma	papillary thyroid carcinoma
MONDO:0005080	http://purl.obolibrary.org/obo/mondo#doid_rare	DOID:10762	portal hypertension	portal hypertension
MONDO:0005081	http://purl.obolibrary.org/obo/mondo#doid_rare	DOID:10591	preeclampsia	pre-eclampsia
MONDO:0005083	http://purl.obolibrary.org/obo/mondo#doid_rare	DOID:8893	psoriasis	psoriasis
MONDO:0005086	http://purl.obolibrary.org/obo/mondo#doid_rare	DOID:4450	renal cell carcinoma	renal cell carcinoma
MONDO:0005091	http://purl.obolibrary.org/obo/mondo#doid_rare	DOID:2945	severe acute respiratory syndrome	severe acute respiratory syndrome
MONDO:0005094	http://purl.obolibrary.org/obo/mondo#doid_rare	DOID:264	hemangiopericytoma	hemangiopericytoma
MONDO:0005095	http://purl.obolibrary.org/obo/mondo#doid_rare	DOID:1123	spondyloarthropathy	spondyloarthropathy
MONDO:0005096	http://purl.obolibrary.org/obo/mondo#doid_rare	DOID:1749	squamous cell carcinoma	squamous cell carcinoma
MONDO:0005100	http://purl.obolibrary.org/obo/mondo#doid_rare	DOID:418	systemic sclerosis	systemic scleroderma
MONDO:0005116	http://purl.obolibrary.org/obo/mondo#doid_rare	DOID:8476	Whipple disease	Whipple disease
MONDO:0005119	http://purl.obolibrary.org/obo/mondo#doid_rare	DOID:7427	anthrax infection	anthrax disease
MONDO:0005124	http://purl.obolibrary.org/obo/mondo#doid_rare	DOID:1024	leprosy	leprosy
MONDO:0005130	http://purl.obolibrary.org/obo/mondo#doid_rare	DOID:10608	celiac disease	celiac disease
MONDO:0005136	http://purl.obolibrary.org/obo/mondo#doid_rare	DOID:12365	malaria	malaria
MONDO:0005147	http://purl.obolibrary.org/obo/mondo#doid_rare	DOID:9744	type 1 diabetes mellitus	type 1 diabetes mellitus
MONDO:0005152	http://purl.obolibrary.org/obo/mondo#doid_rare	DOID:9406	hypopituitarism	hypopituitarism
MONDO:0005164	http://purl.obolibrary.org/obo/mondo#doid_rare	DOID:3355	fibrosarcoma	fibrosarcoma
MONDO:0005180	http://purl.obolibrary.org/obo/mondo#doid_rare	DOID:14330	Parkinson disease	Parkinson's disease
MONDO:0005181	http://purl.obolibrary.org/obo/mondo#doid_rare	DOID:12558	progressive external ophthalmoplegia	chronic progressive external ophthalmoplegia
MONDO:0005201	http://purl.obolibrary.org/obo/mondo#doid_rare	DOID:397	restrictive cardiomyopathy	restrictive cardiomyopathy
MONDO:0005207	http://purl.obolibrary.org/obo/mondo#doid_rare	DOID:3594	choriocarcinoma	choriocarcinoma
MONDO:0005210	http://purl.obolibrary.org/obo/mondo#doid_rare	DOID:5165	uterine corpus sarcoma	uterine corpus sarcoma
MONDO:0005220	http://purl.obolibrary.org/obo/mondo#doid_rare	DOID:4464	collecting duct carcinoma	collecting duct carcinoma
MONDO:0005224	http://purl.obolibrary.org/obo/mondo#doid_rare	DOID:0081086	acute myeloblastic leukemia without maturation	acute myeloid leukemia without maturation
MONDO:0005246	http://purl.obolibrary.org/obo/mondo#doid_rare	DOID:1019	osteomyelitis	osteomyelitis
MONDO:0005258	http://purl.obolibrary.org/obo/mondo#doid_rare	DOID:0060041	autism spectrum disorder	autism spectrum disorder
MONDO:0005260	http://purl.obolibrary.org/obo/mondo#doid_rare	DOID:12849	autism	autistic disorder
MONDO:0005282	http://purl.obolibrary.org/obo/mondo#doid_rare	DOID:0050169	cutaneous lupus erythematosus	cutaneous lupus erythematosus
MONDO:0005301	http://purl.obolibrary.org/obo/mondo#doid_rare	DOID:2377	multiple sclerosis	multiple sclerosis
MONDO:0005306	http://purl.obolibrary.org/obo/mondo#doid_rare	DOID:7147	ankylosing spondylitis	ankylosing spondylitis
MONDO:0005321	http://purl.obolibrary.org/obo/mondo#doid_rare	DOID:11555	Fuchs' endothelial dystrophy	Fuchs' endothelial dystrophy
MONDO:0005339	http://purl.obolibrary.org/obo/mondo#doid_rare	DOID:0050801	androgenetic alopecia	androgenic alopecia
MONDO:0005340	http://purl.obolibrary.org/obo/mondo#doid_rare	DOID:986	alopecia areata	alopecia areata
MONDO:0005342	http://purl.obolibrary.org/obo/mondo#doid_rare	DOID:2986	IgA glomerulonephritis	IgA glomerulonephritis
MONDO:0005345	http://purl.obolibrary.org/obo/mondo#doid_rare	DOID:10892	hypospadias	hypospadias
MONDO:0005349	http://purl.obolibrary.org/obo/mondo#doid_rare	DOID:12185	otosclerosis	otosclerosis
MONDO:0005350	http://purl.obolibrary.org/obo/mondo#doid_rare	DOID:7693	abdominal aortic aneurysm	abdominal aortic aneurysm
MONDO:0005357	http://purl.obolibrary.org/obo/mondo#doid_rare	DOID:11949	Creutzfeldt Jacob disease	Creutzfeldt-Jakob disease
MONDO:0005361	http://purl.obolibrary.org/obo/mondo#doid_rare	DOID:13922	eosinophilic esophagitis	eosinophilic esophagitis
MONDO:0005382	http://purl.obolibrary.org/obo/mondo#doid_rare	DOID:5408	bone Paget disease	Paget disease of bone
MONDO:0005387	http://purl.obolibrary.org/obo/mondo#doid_rare	DOID:5426	primary ovarian failure	primary ovarian insufficiency
MONDO:0005388	http://purl.obolibrary.org/obo/mondo#doid_rare	DOID:12236	primary biliary cholangitis	primary biliary cholangitis
MONDO:0005391	http://purl.obolibrary.org/obo/mondo#doid_rare	DOID:0050425	restless legs syndrome	restless legs syndrome
MONDO:0005396	http://purl.obolibrary.org/obo/mondo#doid_rare	DOID:14004	thoracic aortic aneurysm	thoracic aortic aneurysm
MONDO:0005404	http://purl.obolibrary.org/obo/mondo#doid_rare	DOID:8544	myalgic encephalomeyelitis/chronic fatigue syndrome	chronic fatigue syndrome
MONDO:0005411	http://purl.obolibrary.org/obo/mondo#doid_rare	DOID:3121	gallbladder cancer	gallbladder cancer
MONDO:0005439	http://purl.obolibrary.org/obo/mondo#doid_rare	DOID:13810	familial hypercholesterolemia	familial hypercholesterolemia
MONDO:0005440	http://purl.obolibrary.org/obo/mondo#doid_rare	DOID:3308	embryonal carcinoma	embryonal carcinoma
MONDO:0005445	http://purl.obolibrary.org/obo/mondo#doid_rare	DOID:9146	visceral leishmaniasis	visceral leishmaniasis
MONDO:0005447	http://purl.obolibrary.org/obo/mondo#doid_rare	DOID:2998	testicular cancer	testicular cancer
MONDO:0005459	http://purl.obolibrary.org/obo/mondo#doid_rare	DOID:10112	human African trypanosomiasis	sleeping sickness
MONDO:0005486	http://purl.obolibrary.org/obo/mondo#doid_rare	DOID:0050591	tooth agenesis	tooth agenesis
MONDO:0005498	http://purl.obolibrary.org/obo/mondo#doid_rare	DOID:11976	botulism	botulism
MONDO:0005502	http://purl.obolibrary.org/obo/mondo#doid_rare	DOID:12205	dengue disease	dengue disease
MONDO:0005504	http://purl.obolibrary.org/obo/mondo#doid_rare	DOID:11405	diphtheria	diphtheria
MONDO:0005505	http://purl.obolibrary.org/obo/mondo#doid_rare	DOID:2679	dysembryoplastic neuroepithelial tumor	dysembryoplastic neuroepithelial tumor
MONDO:0005508	http://purl.obolibrary.org/obo/mondo#doid_rare	DOID:206	hereditary multiple osteochondromas	hereditary multiple exostoses
MONDO:0005514	http://purl.obolibrary.org/obo/mondo#doid_rare	DOID:0080634	nanophthalmia	nanophthalmos
MONDO:0005515	http://purl.obolibrary.org/obo/mondo#doid_rare	DOID:8618	oral cavity cancer	oral cavity cancer
MONDO:0005520	http://purl.obolibrary.org/obo/mondo#doid_rare	DOID:10609	rickets	rickets
MONDO:0005526	http://purl.obolibrary.org/obo/mondo#doid_rare	DOID:11338	tetanus	tetanus
MONDO:0005556	http://purl.obolibrary.org/obo/mondo#doid_rare	DOID:0080162	lupus nephritis	lupus nephritis
MONDO:0005576	http://purl.obolibrary.org/obo/mondo#doid_rare	DOID:2917	cryoglobulinemia	cryoglobulinemia
MONDO:0005619	http://purl.obolibrary.org/obo/mondo#doid_rare	DOID:13258	typhoid fever	typhoid fever
MONDO:0005620	http://purl.obolibrary.org/obo/mondo#doid_rare	DOID:9246	cerebral amyloid angiopathy	cerebral amyloid angiopathy
MONDO:0005627	http://purl.obolibrary.org/obo/mondo#doid_rare	DOID:11934	head and neck cancer	head and neck cancer
MONDO:0005628	http://purl.obolibrary.org/obo/mondo#doid_rare	DOID:1614	male breast carcinoma	male breast cancer
MONDO:0005631	http://purl.obolibrary.org/obo/mondo#doid_rare	DOID:8478	actinomycosis	actinomycosis
MONDO:0005638	http://purl.obolibrary.org/obo/mondo#doid_rare	DOID:4090	agnosia	agnosia
MONDO:0005644	http://purl.obolibrary.org/obo/mondo#doid_rare	DOID:9181	amebiasis	amebiasis
MONDO:0005645	http://purl.obolibrary.org/obo/mondo#doid_rare	DOID:12841	ancylostomiasis	ancylostomiasis
MONDO:0005657	http://purl.obolibrary.org/obo/mondo#doid_rare	DOID:13564	aspergillosis	aspergillosis
MONDO:0005661	http://purl.obolibrary.org/obo/mondo#doid_rare	DOID:9643	babesiosis	babesiosis
MONDO:0005662	http://purl.obolibrary.org/obo/mondo#doid_rare	DOID:12386	balantidiasis	balantidiasis
MONDO:0005665	http://purl.obolibrary.org/obo/mondo#doid_rare	DOID:12506	Bell's palsy	Bell's palsy
MONDO:0005672	http://purl.obolibrary.org/obo/mondo#doid_rare	DOID:12663	blastomycosis	blastomycosis
MONDO:0005683	http://purl.obolibrary.org/obo/mondo#doid_rare	DOID:11077	brucellosis	brucellosis
MONDO:0005693	http://purl.obolibrary.org/obo/mondo#doid_rare	DOID:11577	cauda equina syndrome	Cauda equina syndrome
MONDO:0005706	http://purl.obolibrary.org/obo/mondo#doid_rare	DOID:13450	coccidioidomycosis	coccidioidomycosis
MONDO:0005711	http://purl.obolibrary.org/obo/mondo#doid_rare	DOID:3827	congenital diaphragmatic hernia	congenital diaphragmatic hernia
MONDO:0005712	http://purl.obolibrary.org/obo/mondo#doid_rare	DOID:9649	congenital nystagmus	congenital nystagmus
MONDO:0005715	http://purl.obolibrary.org/obo/mondo#doid_rare	DOID:13336	congenital toxoplasmosis	congenital toxoplasmosis
MONDO:0005724	http://purl.obolibrary.org/obo/mondo#doid_rare	DOID:12053	cryptococcosis	cryptococcosis
MONDO:0005725	http://purl.obolibrary.org/obo/mondo#doid_rare	DOID:12750	cyclosporiasis	cyclosporiasis
MONDO:0005736	http://purl.obolibrary.org/obo/mondo#doid_rare	DOID:10841	eastern equine encephalitis	Eastern equine encephalitis
MONDO:0005737	http://purl.obolibrary.org/obo/mondo#doid_rare	DOID:4325	Ebola hemorrhagic fever	Ebola virus disease
MONDO:0005749	http://purl.obolibrary.org/obo/mondo#doid_rare	DOID:5870	eosinophilic pneumonia	eosinophilic pneumonia
MONDO:0005769	http://purl.obolibrary.org/obo/mondo#doid_rare	DOID:9210	geniculate herpes zoster	Ramsay Hunt syndrome
MONDO:0005771	http://purl.obolibrary.org/obo/mondo#doid_rare	DOID:1455	geographic tongue	geographic tongue
MONDO:0005773	http://purl.obolibrary.org/obo/mondo#doid_rare	DOID:4969	Gerstmann syndrome	Gerstmann syndrome
MONDO:0005774	http://purl.obolibrary.org/obo/mondo#doid_rare	DOID:13444	glanders	glanders
MONDO:0005775	http://purl.obolibrary.org/obo/mondo#doid_rare	DOID:2862	G6PD deficiency	glucosephosphate dehydrogenase deficiency
MONDO:0005776	http://purl.obolibrary.org/obo/mondo#doid_rare	DOID:11379	gnathomiasis	gnathomiasis
MONDO:0005777	http://purl.obolibrary.org/obo/mondo#doid_rare	DOID:9113	granuloma inguinale	granuloma inguinale
MONDO:0005784	http://purl.obolibrary.org/obo/mondo#doid_rare	DOID:11266	hantavirus hemorrhagic fever with renal syndrome	Hantavirus hemorrhagic fever with renal syndrome
MONDO:0005788	http://purl.obolibrary.org/obo/mondo#doid_rare	DOID:4411	hepatitis E virus infection	hepatitis E
MONDO:0005802	http://purl.obolibrary.org/obo/mondo#doid_rare	DOID:10074	hymenolepiasis	hymenolepiasis
MONDO:0005805	http://purl.obolibrary.org/obo/mondo#doid_rare	DOID:12926	hypodermyiasis	hypodermyiasis
MONDO:0005806	http://purl.obolibrary.org/obo/mondo#doid_rare	DOID:8533	hypopharynx cancer	hypopharynx cancer
MONDO:0005808	http://purl.obolibrary.org/obo/mondo#doid_rare	DOID:13800	inclusion conjunctivitis	inclusion conjunctivitis
MONDO:0005825	http://purl.obolibrary.org/obo/mondo#doid_rare	DOID:2297	leptospirosis	leptospirosis
MONDO:0005834	http://purl.obolibrary.org/obo/mondo#doid_rare	DOID:13819	lymphogranuloma venereum	lymphogranuloma venereum
MONDO:0005835	http://purl.obolibrary.org/obo/mondo#doid_rare	DOID:3883	Lynch syndrome	Lynch syndrome
MONDO:0005838	http://purl.obolibrary.org/obo/mondo#doid_rare	DOID:1081	mansonelliasis	mansonelliasis
MONDO:0005846	http://purl.obolibrary.org/obo/mondo#doid_rare	DOID:4271	microsporidiosis	microsporidiosis
MONDO:0005851	http://purl.obolibrary.org/obo/mondo#doid_rare	DOID:12889	Miller Fisher syndrome	Miller Fisher syndrome
MONDO:0005854	http://purl.obolibrary.org/obo/mondo#doid_rare	DOID:3492	mixed connective tissue disease	mixed connective tissue disease
MONDO:0005866	http://purl.obolibrary.org/obo/mondo#doid_rare	DOID:2755	Mycobacterium avium complex disease	Mycobacterium avium complex disease
MONDO:0005884	http://purl.obolibrary.org/obo/mondo#doid_rare	DOID:13768	opisthorchiasis	opisthorchiasis
MONDO:0005885	http://purl.obolibrary.org/obo/mondo#doid_rare	DOID:1210	optic neuritis	optic neuritis
MONDO:0005893	http://purl.obolibrary.org/obo/mondo#doid_rare	DOID:1798	pancreatic endocrine carcinoma	pancreatic endocrine carcinoma
MONDO:0005894	http://purl.obolibrary.org/obo/mondo#doid_rare	DOID:12662	paracoccidioidomycosis	paracoccidioidomycosis
MONDO:0005895	http://purl.obolibrary.org/obo/mondo#doid_rare	DOID:10699	paragonimiasis	paragonimiasis
MONDO:0005917	http://purl.obolibrary.org/obo/mondo#doid_rare	DOID:780	placenta disorder	placenta disease
MONDO:0005942	http://purl.obolibrary.org/obo/mondo#doid_rare	DOID:14525	Reye syndrome	Reye syndrome
MONDO:0005960	http://purl.obolibrary.org/obo/mondo#doid_rare	DOID:10325	silicosis	silicosis
MONDO:0005966	http://purl.obolibrary.org/obo/mondo#doid_rare	DOID:672	spleen cancer	spleen cancer
MONDO:0005968	http://purl.obolibrary.org/obo/mondo#doid_rare	DOID:14484	sporotrichosis	sporotrichosis
MONDO:0005974	http://purl.obolibrary.org/obo/mondo#doid_rare	DOID:10955	strongyloidiasis	strongyloidiasis
MONDO:0005977	http://purl.obolibrary.org/obo/mondo#doid_rare	DOID:10027	tabes dorsalis	tabes dorsalis
MONDO:0005979	http://purl.obolibrary.org/obo/mondo#doid_rare	DOID:3103	thoracic outlet syndrome	thoracic outlet syndrome
MONDO:0005981	http://purl.obolibrary.org/obo/mondo#doid_rare	DOID:11285	tick paralysis	tick paralysis
MONDO:0005988	http://purl.obolibrary.org/obo/mondo#doid_rare	DOID:9790	toxocariasis	toxocariasis
MONDO:0005996	http://purl.obolibrary.org/obo/mondo#doid_rare	DOID:1252	trichuriasis	trichuriasis
MONDO:0006005	http://purl.obolibrary.org/obo/mondo#doid_rare	DOID:9584	Venezuelan equine encephalitis	Venezuelan equine encephalitis
MONDO:0006007	http://purl.obolibrary.org/obo/mondo#doid_rare	DOID:9620	vesicoureteral reflux	vesicoureteral reflux
MONDO:0006015	http://purl.obolibrary.org/obo/mondo#doid_rare	DOID:9931	Waterhouse-Friderichsen syndrome	Waterhouse-Friderichsen syndrome
MONDO:0006019	http://purl.obolibrary.org/obo/mondo#doid_rare	DOID:10371	yaws	yaws
MONDO:0006037	http://purl.obolibrary.org/obo/mondo#doid_rare	DOID:0050779	hydrolethalus syndrome	hydrolethalus syndrome
MONDO:0006043	http://purl.obolibrary.org/obo/mondo#doid_rare	DOID:4680	metaplastic breast carcinoma	breast metaplastic carcinoma
MONDO:0006044	http://purl.obolibrary.org/obo/mondo#doid_rare	DOID:11664	nephrosclerosis	nephrosclerosis
MONDO:0006097	http://purl.obolibrary.org/obo/mondo#doid_rare	DOID:5690	atypical lipomatous tumor	well-differentiated liposarcoma
MONDO:0006131	http://purl.obolibrary.org/obo/mondo#doid_rare	DOID:6458	cerebellar liponeurocytoma	cerebellar liponeurocytoma
MONDO:0006145	http://purl.obolibrary.org/obo/mondo#doid_rare	DOID:4152	chondroid chordoma	chondroid chordoma
MONDO:0006183	http://purl.obolibrary.org/obo/mondo#doid_rare	DOID:5728	disseminated peritoneal leiomyomatosis	diffuse peritoneal leiomyomatosis
MONDO:0006189	http://purl.obolibrary.org/obo/mondo#doid_rare	DOID:7566	eccrine porocarcinoma	eccrine porocarcinoma
MONDO:0006210	http://purl.obolibrary.org/obo/mondo#doid_rare	DOID:5015	fibrolamellar hepatocellular carcinoma	fibrolamellar carcinoma
MONDO:0006235	http://purl.obolibrary.org/obo/mondo#doid_rare	DOID:2411	granular cell tumor	granular cell tumor
MONDO:0006260	http://purl.obolibrary.org/obo/mondo#doid_rare	DOID:0070475	kidney medullary carcinoma	SMARCB1-deficient renal medullary carcinoma
MONDO:0006277	http://purl.obolibrary.org/obo/mondo#doid_rare	DOID:3319	lung lymphangioleiomyomatosis	lymphangioleiomyomatosis
MONDO:0006325	http://purl.obolibrary.org/obo/mondo#doid_rare	DOID:1752	ocular melanoma	ocular melanoma
MONDO:0006329	http://purl.obolibrary.org/obo/mondo#doid_rare	DOID:369	olfactory neuroblastoma	olfactory neuroblastoma
MONDO:0006474	http://purl.obolibrary.org/obo/mondo#doid_rare	DOID:2671	transitional cell carcinoma	transitional cell carcinoma
MONDO:0006485	http://purl.obolibrary.org/obo/mondo#doid_rare	DOID:6171	uterine carcinosarcoma	uterine carcinosarcoma
MONDO:0006486	http://purl.obolibrary.org/obo/mondo#doid_rare	DOID:6039	uveal melanoma	uveal melanoma
MONDO:0006506	http://purl.obolibrary.org/obo/mondo#doid_rare	DOID:2861	congenital nonspherocytic hemolytic anemia	congenital nonspherocytic hemolytic anemia
MONDO:0006507	http://purl.obolibrary.org/obo/mondo#doid_rare	DOID:2352	hereditary hemochromatosis	hemochromatosis
MONDO:0006523	http://purl.obolibrary.org/obo/mondo#doid_rare	DOID:2722	acrodermatitis	acrodermatitis
MONDO:0006530	http://purl.obolibrary.org/obo/mondo#doid_rare	DOID:869	cholesteatoma	cholesteatoma
MONDO:0006536	http://purl.obolibrary.org/obo/mondo#doid_rare	DOID:0050585	congenital generalized lipodystrophy	congenital generalized lipodystrophy
MONDO:0006541	http://purl.obolibrary.org/obo/mondo#doid_rare	DOID:2730	epidermolysis bullosa	epidermolysis bullosa
MONDO:0006543	http://purl.obolibrary.org/obo/mondo#doid_rare	DOID:4959	epidermolysis bullosa dystrophica	epidermolysis bullosa dystrophica
MONDO:0006545	http://purl.obolibrary.org/obo/mondo#doid_rare	DOID:0050185	erythema multiforme	erythema multiforme
MONDO:0006553	http://purl.obolibrary.org/obo/mondo#doid_rare	DOID:1381	Fox-Fordyce disease	Fox-Fordyce disease
MONDO:0006554	http://purl.obolibrary.org/obo/mondo#doid_rare	DOID:3777	granuloma annulare	granuloma annulare
MONDO:0006559	http://purl.obolibrary.org/obo/mondo#doid_rare	DOID:2280	hidradenitis suppurativa	hidradenitis suppurativa
MONDO:0006572	http://purl.obolibrary.org/obo/mondo#doid_rare	DOID:9201	lichen planus	lichen planus
MONDO:0006583	http://purl.obolibrary.org/obo/mondo#doid_rare	DOID:3486	necrobiosis lipoidica	necrobiosis lipoidica
MONDO:0006590	http://purl.obolibrary.org/obo/mondo#doid_rare	DOID:3390	palmoplantar keratosis	palmoplantar keratosis
MONDO:0006592	http://purl.obolibrary.org/obo/mondo#doid_rare	DOID:9088	parapsoriasis	parapsoriasis
MONDO:0006593	http://purl.obolibrary.org/obo/mondo#doid_rare	DOID:3927	pelvic lipomatosis	pelvic lipomatosis
MONDO:0006594	http://purl.obolibrary.org/obo/mondo#doid_rare	DOID:9182	pemphigus	pemphigus
MONDO:0006602	http://purl.obolibrary.org/obo/mondo#doid_rare	DOID:3805	porokeratosis	porokeratosis
MONDO:0006606	http://purl.obolibrary.org/obo/mondo#doid_rare	DOID:3140	scleredema adultorum	scleredema adultorum
MONDO:0006618	http://purl.obolibrary.org/obo/mondo#doid_rare	DOID:1554	vibratory urticaria	vibratory urticaria
MONDO:0006639	http://purl.obolibrary.org/obo/mondo#doid_rare	DOID:3948	adrenal cortex carcinoma	adrenocortical carcinoma
MONDO:0006649	http://purl.obolibrary.org/obo/mondo#doid_rare	DOID:12010	anterior ischemic optic neuropathy	anterior ischemic optic neuropathy
MONDO:0006650	http://purl.obolibrary.org/obo/mondo#doid_rare	DOID:6712	anterior spinal artery syndrome	anterior spinal artery syndrome
MONDO:0006651	http://purl.obolibrary.org/obo/mondo#doid_rare	DOID:1407	anterior uveitis	anterior uveitis
MONDO:0006663	http://purl.obolibrary.org/obo/mondo#doid_rare	DOID:11088	perinatal asphyxia	asphyxia neonatorum
MONDO:0006664	http://purl.obolibrary.org/obo/mondo#doid_rare	DOID:1882	atrial septal defect	atrial heart septal defect
MONDO:0006670	http://purl.obolibrary.org/obo/mondo#doid_rare	DOID:9470	bacterial meningitis	bacterial meningitis
MONDO:0006676	http://purl.obolibrary.org/obo/mondo#doid_rare	DOID:13725	beriberi	beriberi
MONDO:0006687	http://purl.obolibrary.org/obo/mondo#doid_rare	DOID:4331	burning mouth syndrome	burning mouth syndrome
MONDO:0006688	http://purl.obolibrary.org/obo/mondo#doid_rare	DOID:10323	byssinosis	byssinosis
MONDO:0006692	http://purl.obolibrary.org/obo/mondo#doid_rare	DOID:636	central pontine myelinolysis	central pontine myelinolysis
MONDO:0006702	http://purl.obolibrary.org/obo/mondo#doid_rare	DOID:5213	chronic inflammatory demyelinating polyradiculoneuropathy	chronic inflammatory demyelinating polyradiculoneuropathy
MONDO:0006714	http://purl.obolibrary.org/obo/mondo#doid_rare	DOID:3362	coronary aneurysm	coronary aneurysm
MONDO:0006717	http://purl.obolibrary.org/obo/mondo#doid_rare	DOID:4418	cutaneous fibrous histiocytoma	cutaneous fibrous histiocytoma
MONDO:0006733	http://purl.obolibrary.org/obo/mondo#doid_rare	DOID:12895	dry eye syndrome	keratoconjunctivitis sicca
MONDO:0006740	http://purl.obolibrary.org/obo/mondo#doid_rare	DOID:3642	empty sella syndrome	empty sella syndrome
MONDO:0006745	http://purl.obolibrary.org/obo/mondo#doid_rare	DOID:4226	endometrioid stromal sarcoma	endometrial stromal sarcoma
MONDO:0006746	http://purl.obolibrary.org/obo/mondo#doid_rare	DOID:12932	endomyocardial fibrosis	endomyocardial fibrosis
MONDO:0006794	http://purl.obolibrary.org/obo/mondo#doid_rare	DOID:9809	hypersensitivity vasculitis	hypersensitivity vasculitis
MONDO:0006823	http://purl.obolibrary.org/obo/mondo#doid_rare	DOID:1921	Klinefelter syndrome	Klinefelter syndrome
MONDO:0006825	http://purl.obolibrary.org/obo/mondo#doid_rare	DOID:648	kuru	kuru
MONDO:0006828	http://purl.obolibrary.org/obo/mondo#doid_rare	DOID:9072	nasal cavity and paranasal sinus lethal midline granuloma	lethal midline granuloma
MONDO:0006851	http://purl.obolibrary.org/obo/mondo#doid_rare	DOID:11049	meconium aspiration syndrome	meconium aspiration syndrome
MONDO:0006861	http://purl.obolibrary.org/obo/mondo#doid_rare	DOID:8683	myeloid sarcoma	myeloid sarcoma
MONDO:0006865	http://purl.obolibrary.org/obo/mondo#doid_rare	DOID:13924	necrotizing ulcerative gingivitis	necrotizing ulcerative gingivitis
MONDO:0006918	http://purl.obolibrary.org/obo/mondo#doid_rare	DOID:12574	posterior uveitis	posterior uveitis
MONDO:0006936	http://purl.obolibrary.org/obo/mondo#doid_rare	DOID:6420	pulmonary valve stenosis	pulmonary valve stenosis
MONDO:0006952	http://purl.obolibrary.org/obo/mondo#doid_rare	DOID:13025	retinopathy of prematurity	retinopathy of prematurity
MONDO:0006969	http://purl.obolibrary.org/obo/mondo#doid_rare	DOID:10303	sialadenitis	sialadenitis
MONDO:0006976	http://purl.obolibrary.org/obo/mondo#doid_rare	DOID:4430	somatostatinoma	somatostatinoma
MONDO:0006978	http://purl.obolibrary.org/obo/mondo#doid_rare	DOID:2533	splenic infarction	splenic infarction
MONDO:0006987	http://purl.obolibrary.org/obo/mondo#doid_rare	DOID:5805	subvalvular aortic stenosis	subvalvular aortic stenosis
MONDO:0006994	http://purl.obolibrary.org/obo/mondo#doid_rare	DOID:12526	tarsal tunnel syndrome	tarsal tunnel syndrome
MONDO:0006995	http://purl.obolibrary.org/obo/mondo#doid_rare	DOID:1089	tethered spinal cord syndrome	tethered spinal cord syndrome
MONDO:0007029	http://purl.obolibrary.org/obo/mondo#doid_rare	DOID:14702	branchio-oto-renal syndrome	branchiootorenal syndrome
MONDO:0007032	http://purl.obolibrary.org/obo/mondo#doid_rare	DOID:0060889	prune belly syndrome	prune belly syndrome
MONDO:0007033	http://purl.obolibrary.org/obo/mondo#doid_rare	DOID:10865	abducens nerve palsy	abducens nerve palsy
MONDO:0007034	http://purl.obolibrary.org/obo/mondo#doid_rare	DOID:0060227	Adams-Oliver syndrome	Adams-Oliver syndrome
MONDO:0007035	http://purl.obolibrary.org/obo/mondo#doid_rare	DOID:3138	acanthosis nigricans	acanthosis nigricans
MONDO:0007036	http://purl.obolibrary.org/obo/mondo#doid_rare	DOID:6686	Achard syndrome	Achard syndrome
MONDO:0007037	http://purl.obolibrary.org/obo/mondo#doid_rare	DOID:4480	achondroplasia	achondroplasia
MONDO:0007039	http://purl.obolibrary.org/obo/mondo#doid_rare	DOID:0111252	NF2-related schwannomatosis	vestibular schwannomatosis
MONDO:0007040	http://purl.obolibrary.org/obo/mondo#doid_rare	DOID:0060359	Sakati-Nyhan syndrome	Sakati-Nyhan syndrome
MONDO:0007042	http://purl.obolibrary.org/obo/mondo#doid_rare	DOID:14768	Saethre-Chotzen syndrome	Saethre-Chotzen syndrome
MONDO:0007043	http://purl.obolibrary.org/obo/mondo#doid_rare	DOID:14705	Pfeiffer syndrome	Pfeiffer syndrome
MONDO:0007045	http://purl.obolibrary.org/obo/mondo#doid_rare	DOID:0060384	acrofacial dysostosis, Catania type	acrofacial dysostosis, Catania type
MONDO:0007047	http://purl.obolibrary.org/obo/mondo#doid_rare	DOID:0060362	punctate palmoplantar keratoderma type III	punctate palmoplantar keratoderma type III
MONDO:0007055	http://purl.obolibrary.org/obo/mondo#doid_rare	DOID:0111243	Acromicric dysplasia	acromicric dysplasia
MONDO:0007057	http://purl.obolibrary.org/obo/mondo#doid_rare	DOID:2736	acroosteolysis dominant type	Hajdu-Cheney syndrome
MONDO:0007064	http://purl.obolibrary.org/obo/mondo#doid_rare	DOID:5810	severe combined immunodeficiency, autosomal recessive, T cell-negative, B cell-negative, NK cell-negative, due to adenosine deaminase deficiency	adenosine deaminase deficiency
MONDO:0007068	http://purl.obolibrary.org/obo/mondo#doid_rare	DOID:0050762	adenylosuccinate lyase deficiency	adenylosuccinase lyase deficiency
MONDO:0007070	http://purl.obolibrary.org/obo/mondo#doid_rare	DOID:3928	adiposis dolorosa	adiposis dolorosa
MONDO:0007072	http://purl.obolibrary.org/obo/mondo#doid_rare	DOID:0050601	ADULT syndrome	ADULT syndrome
MONDO:0007074	http://purl.obolibrary.org/obo/mondo#doid_rare	DOID:11329	ainhum	ainhum
MONDO:0007077	http://purl.obolibrary.org/obo/mondo#doid_rare	DOID:0090002	Tietz syndrome	Tietz syndrome
MONDO:0007078	http://purl.obolibrary.org/obo/mondo#doid_rare	DOID:0080053	pseudohypoparathyroidism type 1A	pseudohypoparathyroidism type 1A
MONDO:0007080	http://purl.obolibrary.org/obo/mondo#doid_rare	DOID:14080	glucocorticoid-remediable aldosteronism	glucocorticoid-remediable aldosteronism
MONDO:0007083	http://purl.obolibrary.org/obo/mondo#doid_rare	DOID:0111244	autosomal dominant palmoplantar keratoderma and congenital alopecia	palmoplantar keratoderma and congenital alopecia 1
MONDO:0007086	http://purl.obolibrary.org/obo/mondo#doid_rare	DOID:0110032	autosomal dominant Alport syndrome	Alport syndrome 3A
MONDO:0007097	http://purl.obolibrary.org/obo/mondo#doid_rare	DOID:0050637	Finnish type amyloidosis	Finnish type amyloidosis
MONDO:0007099	http://purl.obolibrary.org/obo/mondo#doid_rare	DOID:0050636	familial visceral amyloidosis	hereditary systemic amyloidosis 2
MONDO:0007100	http://purl.obolibrary.org/obo/mondo#doid_rare	DOID:0050638	familial amyloid neuropathy	hereditary systemic amyloidosis 1
MONDO:0007103	http://purl.obolibrary.org/obo/mondo#doid_rare	DOID:0060193	amyotrophic lateral sclerosis type 1	amyotrophic lateral sclerosis type 1
MONDO:0007104	http://purl.obolibrary.org/obo/mondo#doid_rare	DOID:0111246	amyotrophic lateral sclerosis-parkinsonism-dementia complex	amyotrophic lateral sclerosis-parkinsonism/dementia complex 1
MONDO:0007109	http://purl.obolibrary.org/obo/mondo#doid_rare	DOID:0111399	congenital dyserythropoietic anemia type 3	congenital dyserythropoietic anemia type IIIa
MONDO:0007113	http://purl.obolibrary.org/obo/mondo#doid_rare	DOID:1932	Angelman syndrome	Angelman syndrome
MONDO:0007124	http://purl.obolibrary.org/obo/mondo#doid_rare	DOID:0090119	ankyloblepharon-ectodermal defects-cleft lip/palate syndrome	ankyloblepharon-ectodermal defects-cleft lip/palate syndrome
MONDO:0007127	http://purl.obolibrary.org/obo/mondo#doid_rare	DOID:6652	diffuse idiopathic skeletal hyperostosis	diffuse idiopathic skeletal hyperostosis
MONDO:0007130	http://purl.obolibrary.org/obo/mondo#doid_rare	DOID:4297	congenital total pulmonary venous return anomaly	scimitar syndrome
MONDO:0007142	http://purl.obolibrary.org/obo/mondo#doid_rare	DOID:0050887	Townes-Brocks syndrome	Townes-Brocks syndrome
MONDO:0007154	http://purl.obolibrary.org/obo/mondo#doid_rare	DOID:0060688	arteriovenous malformations of the brain	arteriovenous malformations of the brain
MONDO:0007158	http://purl.obolibrary.org/obo/mondo#doid_rare	DOID:0111608	arthrogryposis- oculomotor limitation-electroretinal anomalies syndrome	distal arthrogryposis type 5
MONDO:0007159	http://purl.obolibrary.org/obo/mondo#doid_rare	DOID:0111609	arthrogryposis-like hand anomaly-sensorineural deafness syndrome	distal arthrogryposis type 6
MONDO:0007160	http://purl.obolibrary.org/obo/mondo#doid_rare	DOID:0080676	Stickler syndrome type 1	Stickler syndrome 1
MONDO:0007171	http://purl.obolibrary.org/obo/mondo#doid_rare	DOID:0080662	atrial standstill 1	atrial standstill 1
MONDO:0007173	http://purl.obolibrary.org/obo/mondo#doid_rare	DOID:0110112	atrial septal defect 7	atrial heart septal defect 7
MONDO:0007174	http://purl.obolibrary.org/obo/mondo#doid_rare	DOID:13087	Lown-Ganong-Levine syndrome	Lown-Ganong-Levine syndrome
MONDO:0007176	http://purl.obolibrary.org/obo/mondo#doid_rare	DOID:0111228	helicoid peripapillary chorioretinal degeneration	Sveinsson chorioretinal atrophy
MONDO:0007181	http://purl.obolibrary.org/obo/mondo#doid_rare	DOID:0080039	axial osteomalacia	axial osteomalacia
MONDO:0007182	http://purl.obolibrary.org/obo/mondo#doid_rare	DOID:1440	Machado-Joseph disease	Machado-Joseph disease
MONDO:0007187	http://purl.obolibrary.org/obo/mondo#doid_rare	DOID:2512	nevoid basal cell carcinoma syndrome	nevoid basal cell carcinoma syndrome
MONDO:0007191	http://purl.obolibrary.org/obo/mondo#doid_rare	DOID:13241	Behcet disease	Behcet's disease
MONDO:0007194	http://purl.obolibrary.org/obo/mondo#doid_rare	DOID:0080332	familial bicuspid aortic valve	bicuspid aortic valve disease
MONDO:0007205	http://purl.obolibrary.org/obo/mondo#doid_rare	DOID:0080664	diaphyseal medullary stenosis-bone malignancy syndrome	diaphyseal medullary stenosis with malignant fibrous histiocytoma
MONDO:0007208	http://purl.obolibrary.org/obo/mondo#doid_rare	DOID:0050680	Boomerang dysplasia	Boomerang dysplasia
MONDO:0007211	http://purl.obolibrary.org/obo/mondo#doid_rare	DOID:0111247	brachydactyly-arterial hypertension syndrome	hypertension and brachydactyly syndrome
MONDO:0007213	http://purl.obolibrary.org/obo/mondo#doid_rare	DOID:0110963	Ballard syndrome	Ballard syndrome
MONDO:0007214	http://purl.obolibrary.org/obo/mondo#doid_rare	DOID:0110962	brachydactyly-preaxial hallux varus syndrome	brachydactyly-preaxial hallux varus syndrome
MONDO:0007215	http://purl.obolibrary.org/obo/mondo#doid_rare	DOID:0110964	brachydactyly type A1	brachydactyly type A1
MONDO:0007216	http://purl.obolibrary.org/obo/mondo#doid_rare	DOID:0110965	brachydactyly type A2	brachydactyly type A2
MONDO:0007217	http://purl.obolibrary.org/obo/mondo#doid_rare	DOID:0110966	brachydactyly type A3	brachydactyly type A3
MONDO:0007218	http://purl.obolibrary.org/obo/mondo#doid_rare	DOID:0110967	brachydactyly type A4	brachydactyly type A4
MONDO:0007219	http://purl.obolibrary.org/obo/mondo#doid_rare	DOID:0110968	Osebold-Remondini syndrome	brachydactyly type A6
MONDO:0007221	http://purl.obolibrary.org/obo/mondo#doid_rare	DOID:0110970	brachydactyly type C	brachydactyly type C
MONDO:0007235	http://purl.obolibrary.org/obo/mondo#doid_rare	DOID:0050691	branchiooculofacial syndrome	branchiooculofacial syndrome
MONDO:0007239	http://purl.obolibrary.org/obo/mondo#doid_rare	DOID:4603	epidermolytic ichthyosis	epidermolytic hyperkeratosis
MONDO:0007243	http://purl.obolibrary.org/obo/mondo#doid_rare	DOID:8584	Burkitt lymphoma	Burkitt lymphoma
MONDO:0007244	http://purl.obolibrary.org/obo/mondo#doid_rare	DOID:4257	Caffey disease	Caffey disease
MONDO:0007251	http://purl.obolibrary.org/obo/mondo#doid_rare	DOID:0050463	campomelic dysplasia	campomelic dysplasia
MONDO:0007252	http://purl.obolibrary.org/obo/mondo#doid_rare	DOID:0111607	Gordon syndrome	distal arthrogryposis type 3
MONDO:0007256	http://purl.obolibrary.org/obo/mondo#doid_rare	DOID:684	hepatocellular carcinoma	hepatocellular carcinoma
MONDO:0007269	http://purl.obolibrary.org/obo/mondo#doid_rare	DOID:0110425	dilated cardiomyopathy 1A	dilated cardiomyopathy 1A
MONDO:0007282	http://purl.obolibrary.org/obo/mondo#doid_rare	DOID:0110232	cataract 29	cataract 29
MONDO:0007286	http://purl.obolibrary.org/obo/mondo#doid_rare	DOID:0110248	cataract 30	cataract 30
MONDO:0007293	http://purl.obolibrary.org/obo/mondo#doid_rare	DOID:0110910	leukocyte adhesion deficiency 1	leukocyte adhesion deficiency 1
MONDO:0007294	http://purl.obolibrary.org/obo/mondo#doid_rare	DOID:3529	central core myopathy	congenital myopathy 1A
MONDO:0007295	http://purl.obolibrary.org/obo/mondo#doid_rare	DOID:3329	self-limited epilepsy with centrotemporal spikes	benign epilepsy with centrotemporal spikes
MONDO:0007301	http://purl.obolibrary.org/obo/mondo#doid_rare	DOID:0111248	cerebrocostomandibular syndrome	cerebrocostomandibular syndrome
MONDO:0007307	http://purl.obolibrary.org/obo/mondo#doid_rare	DOID:0110152	Charcot-Marie-Tooth disease type 1B	Charcot-Marie-Tooth disease type 1B
MONDO:0007308	http://purl.obolibrary.org/obo/mondo#doid_rare	DOID:0110154	Charcot-Marie-Tooth disease type 2A1	Charcot-Marie-Tooth disease type 2A1
MONDO:0007309	http://purl.obolibrary.org/obo/mondo#doid_rare	DOID:0110148	Charcot-Marie-Tooth disease type 1A	Charcot-Marie-Tooth disease type 1A
MONDO:0007311	http://purl.obolibrary.org/obo/mondo#doid_rare	DOID:0110153	Charcot-Marie-Tooth disease type 1E	Charcot-Marie-Tooth disease type 1E
MONDO:0007315	http://purl.obolibrary.org/obo/mondo#doid_rare	DOID:1856	cherubism	cherubism 1
MONDO:0007318	http://purl.obolibrary.org/obo/mondo#doid_rare	DOID:9245	Alagille syndrome	Alagille syndrome
MONDO:0007321	http://purl.obolibrary.org/obo/mondo#doid_rare	DOID:0060293	autosomal dominant chondrodysplasia punctata	autosomal dominant chondrodysplasia punctata
MONDO:0007336	http://purl.obolibrary.org/obo/mondo#doid_rare	DOID:0110213	isolated cleft palate	isolated cleft palate
MONDO:0007337	http://purl.obolibrary.org/obo/mondo#doid_rare	DOID:0080313	cleft palate-lateral synechia syndrome	cleft palate-lateral synechia syndrome
MONDO:0007338	http://purl.obolibrary.org/obo/mondo#doid_rare	DOID:0110214	cleft soft palate	cleft soft palate
MONDO:0007340	http://purl.obolibrary.org/obo/mondo#doid_rare	DOID:13994	cleidocranial dysplasia 1	cleidocranial dysplasia
MONDO:0007349	http://purl.obolibrary.org/obo/mondo#doid_rare	DOID:0090062	familial cold autoinflammatory syndrome 1	familial cold autoinflammatory syndrome 1
MONDO:0007352	http://purl.obolibrary.org/obo/mondo#doid_rare	DOID:0090006	renal coloboma syndrome	renal coloboma syndrome
MONDO:0007354	http://purl.obolibrary.org/obo/mondo#doid_rare	DOID:11975	coloboma of optic nerve	coloboma of optic nerve
MONDO:0007355	http://purl.obolibrary.org/obo/mondo#doid_rare	DOID:0111249	uveal coloboma-cleft lip and palate-intellectual disability	uveal coloboma-cleft lip and palate-intellectual disability
MONDO:0007362	http://purl.obolibrary.org/obo/mondo#doid_rare	DOID:0111005	cone-rod dystrophy 2	cone-rod dystrophy 2
MONDO:0007363	http://purl.obolibrary.org/obo/mondo#doid_rare	DOID:0111595	congenital contractural arachnodactyly	congenital contractural arachnodactyly
MONDO:0007369	http://purl.obolibrary.org/obo/mondo#doid_rare	DOID:13269	hereditary coproporphyria	hereditary coproporphyria
MONDO:0007374	http://purl.obolibrary.org/obo/mondo#doid_rare	DOID:0060456	Schnyder corneal dystrophy	Schnyder corneal dystrophy
MONDO:0007375	http://purl.obolibrary.org/obo/mondo#doid_rare	DOID:0060447	epithelial basement membrane dystrophy	epithelial basement membrane dystrophy
MONDO:0007376	http://purl.obolibrary.org/obo/mondo#doid_rare	DOID:0060448	fleck corneal dystrophy	Fleck corneal dystrophy
MONDO:0007379	http://purl.obolibrary.org/obo/mondo#doid_rare	DOID:0060451	Meesmann corneal dystrophy	Meesmann corneal dystrophy
MONDO:0007390	http://purl.obolibrary.org/obo/mondo#doid_rare	DOID:0080665	coumarin resistance	warfarin resistance
MONDO:0007395	http://purl.obolibrary.org/obo/mondo#doid_rare	DOID:0111336	craniofacial-deafness-hand syndrome	craniofacial-deafness-hand syndrome
MONDO:0007400	http://purl.obolibrary.org/obo/mondo#doid_rare	DOID:0111337	Jackson-Weiss syndrome	Jackson-Weiss syndrome
MONDO:0007404	http://purl.obolibrary.org/obo/mondo#doid_rare	DOID:12580	Cri-du-chat syndrome	Cri-Du-Chat syndrome
MONDO:0007405	http://purl.obolibrary.org/obo/mondo#doid_rare	DOID:2339	Crouzon syndrome	Crouzon syndrome
MONDO:0007410	http://purl.obolibrary.org/obo/mondo#doid_rare	DOID:0111717	isolated cryptophthalmia	isolated cryptophthalmia
MONDO:0007412	http://purl.obolibrary.org/obo/mondo#doid_rare	DOID:0050660	Beare-Stevenson cutis gyrata syndrome	Beare-Stevenson cutis gyrata syndrome
MONDO:0007420	http://purl.obolibrary.org/obo/mondo#doid_rare	DOID:0080720	autosomal dominant deafness - onychodystrophy syndrome	autosomal dominant congenital deafness with onychodystrophy
MONDO:0007422	http://purl.obolibrary.org/obo/mondo#doid_rare	DOID:0111339	keratoderma hereditarium mutilans	Vohwinkel syndrome
MONDO:0007432	http://purl.obolibrary.org/obo/mondo#doid_rare	DOID:13945	cerebral arteriopathy with subcortical infarcts and leukoencephalopathy	CADASIL
MONDO:0007434	http://purl.obolibrary.org/obo/mondo#doid_rare	DOID:0111341	primary failure of tooth eruption	primary failure of tooth eruption
MONDO:0007435	http://purl.obolibrary.org/obo/mondo#doid_rare	DOID:0060162	dentatorubral-pallidoluysian atrophy	dentatorubral-pallidoluysian atrophy
MONDO:0007445	http://purl.obolibrary.org/obo/mondo#doid_rare	DOID:0111342	dermatopathia pigmentosa reticularis	dermatopathia pigmentosa reticularis
MONDO:0007450	http://purl.obolibrary.org/obo/mondo#doid_rare	DOID:12388	neurohypophyseal diabetes insipidus	neurohypophyseal diabetes insipidus
MONDO:0007470	http://purl.obolibrary.org/obo/mondo#doid_rare	DOID:0080721	calvarial doughnut lesions-bone fragility syndrome	calvarial doughnut lesions with bone fragility
MONDO:0007471	http://purl.obolibrary.org/obo/mondo#doid_rare	DOID:0060745	Doyne honeycomb retinal dystrophy	Doyne honeycomb retinal dystrophy
MONDO:0007472	http://purl.obolibrary.org/obo/mondo#doid_rare	DOID:0060746	basal laminar drusen	basal laminar drusen
MONDO:0007473	http://purl.obolibrary.org/obo/mondo#doid_rare	DOID:12557	Duane retraction syndrome	Duane retraction syndrome
MONDO:0007477	http://purl.obolibrary.org/obo/mondo#doid_rare	DOID:0060241	3-M syndrome	3-M syndrome
MONDO:0007478	http://purl.obolibrary.org/obo/mondo#doid_rare	DOID:0080723	autosomal dominant Kenny-Caffey syndrome	Kenny-Caffey syndrome type 2
MONDO:0007481	http://purl.obolibrary.org/obo/mondo#doid_rare	DOID:0060847	Leri-Weill dyschondrosteosis	Leri-Weill dyschondrosteosis
MONDO:0007483	http://purl.obolibrary.org/obo/mondo#doid_rare	DOID:0060257	dyschromatosis symmetrica hereditaria	dyschromatosis symmetrica hereditaria
MONDO:0007488	http://purl.obolibrary.org/obo/mondo#doid_rare	DOID:12217	Lewy body dementia	Lewy body dementia
MONDO:0007492	http://purl.obolibrary.org/obo/mondo#doid_rare	DOID:0060730	early-onset generalized limb-onset dystonia	torsion dystonia 1
MONDO:0007493	http://purl.obolibrary.org/obo/mondo#doid_rare	DOID:0090041	torsion dystonia 4	torsion dystonia 4
MONDO:0007495	http://purl.obolibrary.org/obo/mondo#doid_rare	DOID:0090043	dystonia 5	dopa-responsive dystonia
MONDO:0007496	http://purl.obolibrary.org/obo/mondo#doid_rare	DOID:0090056	dystonia 12	dystonia 12
MONDO:0007507	http://purl.obolibrary.org/obo/mondo#doid_rare	DOID:0080725	absence of fingerprints-congenital milia syndrome	BASAN syndrome
MONDO:0007508	http://purl.obolibrary.org/obo/mondo#doid_rare	DOID:0060330	Rapp-Hodgkin syndrome	Rapp-Hodgkin syndrome
MONDO:0007510	http://purl.obolibrary.org/obo/mondo#doid_rare	DOID:14693	Clouston syndrome	Clouston syndrome
MONDO:0007520	http://purl.obolibrary.org/obo/mondo#doid_rare	DOID:0060784	ectrodactyly, ectodermal dysplasia, and cleft lip-palate syndrome 1	ectrodactyly, ectodermal dysplasia, and cleft lip-palate syndrome 1
MONDO:0007523	http://purl.obolibrary.org/obo/mondo#doid_rare	DOID:14757	Ehlers-Danlos syndrome, hypermobility type	Ehlers-Danlos syndrome hypermobility type
MONDO:0007524	http://purl.obolibrary.org/obo/mondo#doid_rare	DOID:14756	autosomal dominant Ehlers-Danlos syndrome, vascular type	vascular type Ehlers-Danlos syndrome
MONDO:0007526	http://purl.obolibrary.org/obo/mondo#doid_rare	DOID:0050802	Ehlers-Danlos syndrome, spondylodysplastic type	Ehlers-Danlos syndrome spondylodysplastic type 2
MONDO:0007534	http://purl.obolibrary.org/obo/mondo#doid_rare	DOID:5572	Beckwith-Wiedemann syndrome	Beckwith-Wiedemann syndrome
MONDO:0007537	http://purl.obolibrary.org/obo/mondo#doid_rare	DOID:0111343	lateral meningocele syndrome	lateral meningocele syndrome
MONDO:0007540	http://purl.obolibrary.org/obo/mondo#doid_rare	DOID:10017	multiple endocrine neoplasia type 1	multiple endocrine neoplasia type 1
MONDO:0007542	http://purl.obolibrary.org/obo/mondo#doid_rare	DOID:4997	Camurati-Engelmann disease	Camurati-Engelmann disease
MONDO:0007548	http://purl.obolibrary.org/obo/mondo#doid_rare	DOID:0111345	transient bullous dermolysis of the newborn	transient bullous dermolysis of the newborn
MONDO:0007549	http://purl.obolibrary.org/obo/mondo#doid_rare	DOID:0080224	generalized dominant dystrophic epidermolysis bullosa	autosomal dominant dystrophic epidermolysis bullosa
MONDO:0007550	http://purl.obolibrary.org/obo/mondo#doid_rare	DOID:0060735	epidermolysis bullosa simplex 1A, generalized severe	generalized severe epidermolysis bullosa simplex 1A
MONDO:0007552	http://purl.obolibrary.org/obo/mondo#doid_rare	DOID:0080988	pretibial dystrophic epidermolysis bullosa	pretibial dystrophic epidermolysis bullosa
MONDO:0007555	http://purl.obolibrary.org/obo/mondo#doid_rare	DOID:0060736	epidermolysis bullosa simplex 5A, Ogna type	epidermolysis bullosa simplex 5A Ogna type
MONDO:0007556	http://purl.obolibrary.org/obo/mondo#doid_rare	DOID:0111346	epidermolysis bullosa simplex 2F, with mottled pigmentation	epidermolysis bullosa simplex 2F with mottled pigmentation
MONDO:0007561	http://purl.obolibrary.org/obo/mondo#doid_rare	DOID:0070303	multiple epiphyseal dysplasia type 1	multiple epiphyseal dysplasia 1
MONDO:0007562	http://purl.obolibrary.org/obo/mondo#doid_rare	DOID:0111348	multiple epiphyseal dysplasia, Beighton type	multiple epiphyseal dysplasia with myopia and deafness
MONDO:0007564	http://purl.obolibrary.org/obo/mondo#doid_rare	DOID:5374	pilomatrixoma	pilomatrixoma
MONDO:0007572	http://purl.obolibrary.org/obo/mondo#doid_rare	DOID:0060652	primary familial polycythemia due to EPO receptor mutation	familial erythrocytosis 1
MONDO:0007576	http://purl.obolibrary.org/obo/mondo#doid_rare	DOID:5041	esophageal cancer	esophageal cancer
MONDO:0007603	http://purl.obolibrary.org/obo/mondo#doid_rare	DOID:11042	Felty syndrome	Felty's syndrome
MONDO:0007606	http://purl.obolibrary.org/obo/mondo#doid_rare	DOID:13374	fibrodysplasia ossificans progressiva	fibrodysplasia ossificans progressiva
MONDO:0007614	http://purl.obolibrary.org/obo/mondo#doid_rare	DOID:0080143	congenital fibrosis of extraocular muscles	congenital fibrosis of the extraocular muscles
MONDO:0007615	http://purl.obolibrary.org/obo/mondo#doid_rare	DOID:0111350	laurin-Sandrow syndrome	Laurin-Sandrow syndrome
MONDO:0007619	http://purl.obolibrary.org/obo/mondo#doid_rare	DOID:0111357	isolated congenital adermatoglyphia	adermatoglyphia
MONDO:0007621	http://purl.obolibrary.org/obo/mondo#doid_rare	DOID:0111358	Floating-Harbor syndrome	Floating-Harbor syndrome
MONDO:0007630	http://purl.obolibrary.org/obo/mondo#doid_rare	DOID:0070439	North Carolina macular dystrophy	North Carolina macular dystrophy
MONDO:0007635	http://purl.obolibrary.org/obo/mondo#doid_rare	DOID:0050438	Frasier syndrome	Frasier syndrome
MONDO:0007646	http://purl.obolibrary.org/obo/mondo#doid_rare	DOID:0050526	Gamstorp-Wohlfart syndrome	Gamstorp-Wohlfart syndrome
MONDO:0007648	http://purl.obolibrary.org/obo/mondo#doid_rare	DOID:0080764	hereditary diffuse gastric adenocarcinoma	hereditary diffuse gastric cancer
MONDO:0007656	http://purl.obolibrary.org/obo/mondo#doid_rare	DOID:4249	Gerstmann-Straussler-Scheinker syndrome	Gerstmann-Straussler-Scheinker syndrome
MONDO:0007661	http://purl.obolibrary.org/obo/mondo#doid_rare	DOID:11119	Tourette syndrome	Gilles de la Tourette syndrome
MONDO:0007686	http://purl.obolibrary.org/obo/mondo#doid_rare	DOID:0111044	gray platelet syndrome	gray platelet syndrome
MONDO:0007690	http://purl.obolibrary.org/obo/mondo#doid_rare	DOID:0090122	aromatase excess syndrome	aromatase excess syndrome
MONDO:0007698	http://purl.obolibrary.org/obo/mondo#doid_rare	DOID:0060739	hand-foot-genital syndrome	hand-foot-genital syndrome
MONDO:0007700	http://purl.obolibrary.org/obo/mondo#doid_rare	DOID:0111362	hawkinsinuria	hawkinsinuria
MONDO:0007705	http://purl.obolibrary.org/obo/mondo#doid_rare	DOID:0111363	Heinz body anemia	Heinz body anemia
MONDO:0007716	http://purl.obolibrary.org/obo/mondo#doid_rare	DOID:0110029	alpha thalassemia-intellectual disability syndrome type 1	alpha thalassemia-intellectual disability syndrome type 1
MONDO:0007726	http://purl.obolibrary.org/obo/mondo#doid_rare	DOID:0111367	hip dysplasia, Beukes type	Beukes hip dysplasia
MONDO:0007727	http://purl.obolibrary.org/obo/mondo#doid_rare	DOID:0090018	TNF receptor 1-associated periodic fever syndrome	TNF receptor–associated periodic syndrome
MONDO:0007732	http://purl.obolibrary.org/obo/mondo#doid_rare	DOID:0060468	Holt-Oram syndrome	Holt-Oram syndrome
MONDO:0007737	http://purl.obolibrary.org/obo/mondo#doid_rare	DOID:0060467	humeroradial synostosis	humeroradial synostosis
MONDO:0007739	http://purl.obolibrary.org/obo/mondo#doid_rare	DOID:12858	Huntington disease	Huntington's disease
MONDO:0007745	http://purl.obolibrary.org/obo/mondo#doid_rare	DOID:2739	Gilbert syndrome	Gilbert syndrome
MONDO:0007747	http://purl.obolibrary.org/obo/mondo#doid_rare	DOID:0111371	isolated hyperchlorhidrosis	isolated hyperchlorhidrosis
MONDO:0007753	http://purl.obolibrary.org/obo/mondo#doid_rare	DOID:11599	Frey syndrome	Frey syndrome
MONDO:0007758	http://purl.obolibrary.org/obo/mondo#doid_rare	DOID:0070552	epidermolytic palmoplantar keratoderma, 1	epidermolytic palmoplantar keratoderma 1
MONDO:0007762	http://purl.obolibrary.org/obo/mondo#doid_rare	DOID:0111421	hyperlipoproteinemia type V	familial apolipoprotein A5 deficiency
MONDO:0007764	http://purl.obolibrary.org/obo/mondo#doid_rare	DOID:0080037	autosomal dominant osteosclerosis, Worth type	Worth syndrome
MONDO:0007783	http://purl.obolibrary.org/obo/mondo#doid_rare	DOID:0080990	malignant hyperthermia, susceptibility to, 1	King Denborough syndrome
MONDO:0007784	http://purl.obolibrary.org/obo/mondo#doid_rare	DOID:0111374	selective pituitary resistance to thyroid hormone	selective pituitary thyroid hormone resistance
MONDO:0007787	http://purl.obolibrary.org/obo/mondo#doid_rare	DOID:0111060	Ambras type hypertrichosis universalis congenita	Ambras type hypertrichosis universalis congenita
MONDO:0007791	http://purl.obolibrary.org/obo/mondo#doid_rare	DOID:0060700	familial hypocalciuric hypercalcemia 1	familial hypocalciuric hypercalcemia 1
MONDO:0007792	http://purl.obolibrary.org/obo/mondo#doid_rare	DOID:0060701	familial hypocalciuric hypercalcemia 2	familial hypocalciuric hypercalcemia 2
MONDO:0007793	http://purl.obolibrary.org/obo/mondo#doid_rare	DOID:0080041	hypochondroplasia	hypochondroplasia
MONDO:0007797	http://purl.obolibrary.org/obo/mondo#doid_rare	DOID:0060878	hypoparathyroidism-deafness-renal disease syndrome	hypoparathyroidism-deafness-renal disease syndrome
MONDO:0007800	http://purl.obolibrary.org/obo/mondo#doid_rare	DOID:0060406	chromosome 18p deletion syndrome	chromosome 18p deletion syndrome
MONDO:0007803	http://purl.obolibrary.org/obo/mondo#doid_rare	DOID:4752	multiple system atrophy	multiple system atrophy
MONDO:0007804	http://purl.obolibrary.org/obo/mondo#doid_rare	DOID:9248	Pallister-Hall syndrome	Pallister-Hall syndrome
MONDO:0007810	http://purl.obolibrary.org/obo/mondo#doid_rare	DOID:1702	autosomal dominant ichthyosis vulgaris	ichthyosis vulgaris
MONDO:0007813	http://purl.obolibrary.org/obo/mondo#doid_rare	DOID:0060877	superficial epidermolytic ichthyosis	bullous congenital ichthyosiform erythroderma
MONDO:0007818	http://purl.obolibrary.org/obo/mondo#doid_rare	DOID:3261	hyper-IgE recurrent infection syndrome 1, autosomal dominant	autosomal dominant hyper-IgE syndrome 1 with recurrent infections
MONDO:0007827	http://purl.obolibrary.org/obo/mondo#doid_rare	DOID:3429	inclusion body myositis	inclusion body myositis
MONDO:0007836	http://purl.obolibrary.org/obo/mondo#doid_rare	DOID:0111381	IVIC syndrome	IVIC syndrome
MONDO:0007838	http://purl.obolibrary.org/obo/mondo#doid_rare	DOID:0111723	Jacobsen syndrome	Jacobsen Syndrome
MONDO:0007841	http://purl.obolibrary.org/obo/mondo#doid_rare	DOID:0111382	coxopodopatellar syndrome	ischiocoxopodopatellar syndrome
MONDO:0007846	http://purl.obolibrary.org/obo/mondo#doid_rare	DOID:14780	KBG syndrome	KBG syndrome
MONDO:0007848	http://purl.obolibrary.org/obo/mondo#doid_rare	DOID:0111383	autosomal dominant keratitis	autosomal dominant keratitis
MONDO:0007850	http://purl.obolibrary.org/obo/mondo#doid_rare	DOID:0060871	autosomal dominant keratitis-ichthyosis-hearing loss syndrome	autosomal dominant keratitis-ichthyosis-deafness syndrome
MONDO:0007852	http://purl.obolibrary.org/obo/mondo#doid_rare	DOID:0111505	palmoplantar keratoderma-deafness syndrome	palmoplantar keratoderma-deafness syndrome
MONDO:0007856	http://purl.obolibrary.org/obo/mondo#doid_rare	DOID:0111506	palmoplantar keratoderma-esophageal carcinoma syndrome	palmoplantar keratoderma-esophageal carcinoma syndrome
MONDO:0007859	http://purl.obolibrary.org/obo/mondo#doid_rare	DOID:0081108	palmoplantar keratoderma i, striate, focal, or diffuse	keratosis palmoplantaris striata 1
MONDO:0007860	http://purl.obolibrary.org/obo/mondo#doid_rare	DOID:0070553	focal palmoplantar and gingival keratoderma	focal palmoplantar and gingival keratosis
MONDO:0007862	http://purl.obolibrary.org/obo/mondo#doid_rare	DOID:0110949	Waardenburg syndrome type 3	Waardenburg syndrome type 3
MONDO:0007864	http://purl.obolibrary.org/obo/mondo#doid_rare	DOID:2926	angioosteohypertrophic syndrome	Klippel-Trenaunay syndrome
MONDO:0007868	http://purl.obolibrary.org/obo/mondo#doid_rare	DOID:0060696	hyperekplexia 1	hyperekplexia 1
MONDO:0007872	http://purl.obolibrary.org/obo/mondo#doid_rare	DOID:0081370	LADD syndrome	LADD syndrome
MONDO:0007874	http://purl.obolibrary.org/obo/mondo#doid_rare	DOID:4998	trichorhinophalangeal syndrome type II	trichorhinophalangeal syndrome type II
MONDO:0007875	http://purl.obolibrary.org/obo/mondo#doid_rare	DOID:14764	Larsen syndrome	Larsen syndrome
MONDO:0007878	http://purl.obolibrary.org/obo/mondo#doid_rare	DOID:0080833	congenital laryngomalacia	laryngomalacia
MONDO:0007885	http://purl.obolibrary.org/obo/mondo#doid_rare	DOID:14415	Legg-Calve-Perthes disease	Legg-Calve-Perthes disease
MONDO:0007892	http://purl.obolibrary.org/obo/mondo#doid_rare	DOID:0111507	Lenz-Majewski hyperostotic dwarfism	Lenz-Majewski hyperostotic dwarfism
MONDO:0007893	http://purl.obolibrary.org/obo/mondo#doid_rare	DOID:14291	Noonan syndrome with multiple lentigines	Noonan syndrome with multiple lentigines
MONDO:0007895	http://purl.obolibrary.org/obo/mondo#doid_rare	DOID:0111508	platyspondylic dysplasia, Torrance type	Torrance type platyspondylic dysplasia
MONDO:0007896	http://purl.obolibrary.org/obo/mondo#doid_rare	DOID:8864	acute monocytic leukemia	acute monocytic leukemia
MONDO:0007906	http://purl.obolibrary.org/obo/mondo#doid_rare	DOID:0070202	familial partial lipodystrophy, Dunnigan type	familial partial lipodystrophy type 2
MONDO:0007908	http://purl.obolibrary.org/obo/mondo#doid_rare	DOID:14116	multiple symmetric lipomatosis	multiple symmetric lipomatosis
MONDO:0007909	http://purl.obolibrary.org/obo/mondo#doid_rare	DOID:0070518	familial multiple lipomatosis	familial multiple lipomatosis
MONDO:0007915	http://purl.obolibrary.org/obo/mondo#doid_rare	DOID:9074	systemic lupus erythematosus	systemic lupus erythematosus
MONDO:0007918	http://purl.obolibrary.org/obo/mondo#doid_rare	DOID:0060349	microcephaly with or without chorioretinopathy, lymphedema, or intellectual disability	microcephaly with or without chorioretinopathy, lymphedema, or mental retardation
MONDO:0007919	http://purl.obolibrary.org/obo/mondo#doid_rare	DOID:0070212	lymphatic malformation 1	hereditary lymphedema I
MONDO:0007920	http://purl.obolibrary.org/obo/mondo#doid_rare	DOID:0070213	lymphatic malformation 5	hereditary lymphedema II
MONDO:0007921	http://purl.obolibrary.org/obo/mondo#doid_rare	DOID:0050468	yellow nail syndrome	yellow nail syndrome
MONDO:0007922	http://purl.obolibrary.org/obo/mondo#doid_rare	DOID:0111509	lymphedema-distichiasis syndrome	lymphedema-distichiasis syndrome
MONDO:0007924	http://purl.obolibrary.org/obo/mondo#doid_rare	DOID:0050657	Bannayan-Riley-Ruvalcaba syndrome	Cowden syndrome 1
MONDO:0007925	http://purl.obolibrary.org/obo/mondo#doid_rare	DOID:0090016	myelodysplastic syndrome associated with isolated del(5q)	chromosome 5q deletion syndrome
MONDO:0007937	http://purl.obolibrary.org/obo/mondo#doid_rare	DOID:0060885	renal hypomagnesemia 2	renal hypomagnesemia 2
MONDO:0007943	http://purl.obolibrary.org/obo/mondo#doid_rare	DOID:5768	Nager acrofacial dysostosis	Nager acrofacial dysostosis
MONDO:0007947	http://purl.obolibrary.org/obo/mondo#doid_rare	DOID:14323	Marfan syndrome	Marfan syndrome
MONDO:0007949	http://purl.obolibrary.org/obo/mondo#doid_rare	DOID:0111510	Marshall syndrome	Marshall syndrome
MONDO:0007950	http://purl.obolibrary.org/obo/mondo#doid_rare	DOID:350	mastocytosis	mastocytosis
MONDO:0007953	http://purl.obolibrary.org/obo/mondo#doid_rare	DOID:14683	Binder syndrome	Binder syndrome
MONDO:0007959	http://purl.obolibrary.org/obo/mondo#doid_rare	DOID:0050902	medulloblastoma	medulloblastoma
MONDO:0007964	http://purl.obolibrary.org/obo/mondo#doid_rare	DOID:10041	melanoma, cutaneous malignant, susceptibility to, 2	dysplastic nevus syndrome
MONDO:0007967	http://purl.obolibrary.org/obo/mondo#doid_rare	DOID:0111511	melanoma and neural system tumor syndrome	melanoma and neural system tumor syndrome
MONDO:0007969	http://purl.obolibrary.org/obo/mondo#doid_rare	DOID:1761	Melkersson-Rosenthal syndrome	Melkersson-Rosenthal syndrome
MONDO:0007970	http://purl.obolibrary.org/obo/mondo#doid_rare	DOID:4253	melorheostosis	melorheostosis
MONDO:0007972	http://purl.obolibrary.org/obo/mondo#doid_rare	DOID:9849	Meniere disease	Meniere's disease
MONDO:0007979	http://purl.obolibrary.org/obo/mondo#doid_rare	DOID:0111512	metachondromatosis	metachondromatosis
MONDO:0007983	http://purl.obolibrary.org/obo/mondo#doid_rare	DOID:0080021	Schmid metaphyseal chondrodysplasia	Schmid metaphyseal chondrodysplasia
MONDO:0007984	http://purl.obolibrary.org/obo/mondo#doid_rare	DOID:0111513	metaphyseal dysplasia-maxillary hypoplasia-brachydacty syndrome	metaphyseal dysplasia-maxillary hypoplasia-brachydactyly syndrome
MONDO:0007986	http://purl.obolibrary.org/obo/mondo#doid_rare	DOID:0111514	metatropic dysplasia	metatropic dysplasia
MONDO:0007987	http://purl.obolibrary.org/obo/mondo#doid_rare	DOID:0080045	Kniest dysplasia	Kniest dysplasia
MONDO:0007988	http://purl.obolibrary.org/obo/mondo#doid_rare	DOID:0061100	autosomal dominant primary microcephaly	autosomal dominant primary microcephaly
MONDO:0007990	http://purl.obolibrary.org/obo/mondo#doid_rare	DOID:0112241	multiple benign circumferential skin creases on limbs	multiple benign circumferential skin creases on limbs
MONDO:0008002	http://purl.obolibrary.org/obo/mondo#doid_rare	DOID:0070636	mirror movements 1	mirror movements 1
MONDO:0008006	http://purl.obolibrary.org/obo/mondo#doid_rare	DOID:13501	Moebius syndrome	Moebius syndrome
MONDO:0008007	http://purl.obolibrary.org/obo/mondo#doid_rare	DOID:12661	tooth ankylosis	tooth ankylosis
MONDO:0008009	http://purl.obolibrary.org/obo/mondo#doid_rare	DOID:0050472	monilethrix	monilethrix
MONDO:0008013	http://purl.obolibrary.org/obo/mondo#doid_rare	DOID:0060732	chromosome 9p deletion syndrome	chromosome 9p deletion syndrome
MONDO:0008016	http://purl.obolibrary.org/obo/mondo#doid_rare	DOID:0111603	trismus-pseudocamptodactyly syndrome	distal arthrogryposis type 7
MONDO:0008018	http://purl.obolibrary.org/obo/mondo#doid_rare	DOID:0050465	Muir-Torre syndrome	Muir-Torre syndrome
MONDO:0008019	http://purl.obolibrary.org/obo/mondo#doid_rare	DOID:0111526	mullerian aplasia and hyperandrogenism	Mullerian aplasia and hyperandrogenism
MONDO:0008029	http://purl.obolibrary.org/obo/mondo#doid_rare	DOID:0050663	Bethlem myopathy	Bethlem myopathy
MONDO:0008040	http://purl.obolibrary.org/obo/mondo#doid_rare	DOID:0060888	transient myeloproliferative syndrome	transient myeloproliferative syndrome
MONDO:0008044	http://purl.obolibrary.org/obo/mondo#doid_rare	DOID:0090034	myoclonic dystonia 11	myoclonic dystonia 11
MONDO:0008045	http://purl.obolibrary.org/obo/mondo#doid_rare	DOID:0111527	spinal muscular atrophy-progressive myoclonic epilepsy syndrome	spinal muscular atrophy with progressive myoclonic epilepsy
MONDO:0008048	http://purl.obolibrary.org/obo/mondo#doid_rare	DOID:0111217	autosomal dominant centronuclear myopathy	autosomal dominant centronuclear myopathy
MONDO:0008050	http://purl.obolibrary.org/obo/mondo#doid_rare	DOID:0070197	MYH7-related skeletal myopathy	distal myopathy 1
MONDO:0008051	http://purl.obolibrary.org/obo/mondo#doid_rare	DOID:0080089	tubular aggregate myopathy	tubular aggregate myopathy 1
MONDO:0008056	http://purl.obolibrary.org/obo/mondo#doid_rare	DOID:11722	myotonic dystrophy type 1	myotonic dystrophy type 1
MONDO:0008058	http://purl.obolibrary.org/obo/mondo#doid_rare	DOID:0080103	cylindrical spirals myopathy	cylindrical spirals myopathy
MONDO:0008059	http://purl.obolibrary.org/obo/mondo#doid_rare	DOID:0111528	Naegeli-Franceschetti-Jadassohn syndrome	Naegeli-Franceschetti-Jadassohn syndrome
MONDO:0008060	http://purl.obolibrary.org/obo/mondo#doid_rare	DOID:0080079	nonsyndromic congenital nail disorder 1	nonsyndromic congenital nail disorder 1
MONDO:0008061	http://purl.obolibrary.org/obo/mondo#doid_rare	DOID:9467	nail-patella syndrome	nail-patella syndrome
MONDO:0008075	http://purl.obolibrary.org/obo/mondo#doid_rare	DOID:3204	schwannomatosis	schwannomatosis
MONDO:0008082	http://purl.obolibrary.org/obo/mondo#doid_rare	DOID:10016	multiple endocrine neoplasia type 2B	multiple endocrine neoplasia type 2B
MONDO:0008083	http://purl.obolibrary.org/obo/mondo#doid_rare	DOID:0110720	ceroid lipofuscinosis, neuronal, 4 (Kufs type)	neuronal ceroid lipofuscinosis 4
MONDO:0008087	http://purl.obolibrary.org/obo/mondo#doid_rare	DOID:0060843	hereditary neuropathy with liability to pressure palsies	hereditary neuropathy with liability to pressure palsies
MONDO:0008092	http://purl.obolibrary.org/obo/mondo#doid_rare	DOID:0090120	hereditary neutrophilia	hereditary neutrophilia
MONDO:0008094	http://purl.obolibrary.org/obo/mondo#doid_rare	DOID:0111529	familial multiple nevi flammei	familial multiple nevi flammei
MONDO:0008097	http://purl.obolibrary.org/obo/mondo#doid_rare	DOID:0111530	linear nevus sebaceous syndrome	linear nevus sebaceous syndrome
MONDO:0008106	http://purl.obolibrary.org/obo/mondo#doid_rare	DOID:0111792	nystagmus 2, congenital, autosomal dominant	congenital nystagmus 2
MONDO:0008111	http://purl.obolibrary.org/obo/mondo#doid_rare	DOID:0060291	oculodentodigital dysplasia	oculodentodigital dysplasia
MONDO:0008119	http://purl.obolibrary.org/obo/mondo#doid_rare	DOID:0050954	spinocerebellar ataxia type 1	spinocerebellar ataxia 1
MONDO:0008133	http://purl.obolibrary.org/obo/mondo#doid_rare	DOID:0111433	optic atrophy 3	optic atrophy 3
MONDO:0008136	http://purl.obolibrary.org/obo/mondo#doid_rare	DOID:0111531	isolated optic nerve hypoplasia	bilateral optic nerve hypoplasia
MONDO:0008137	http://purl.obolibrary.org/obo/mondo#doid_rare	DOID:0060380	orofaciodigital syndrome X	orofaciodigital syndrome X
MONDO:0008145	http://purl.obolibrary.org/obo/mondo#doid_rare	DOID:4624	Ollier disease	Ollier disease
MONDO:0008146	http://purl.obolibrary.org/obo/mondo#doid_rare	DOID:0110334	osteogenesis imperfecta type 1	osteogenesis imperfecta type 1
MONDO:0008147	http://purl.obolibrary.org/obo/mondo#doid_rare	DOID:0110341	osteogenesis imperfecta type 2	osteogenesis imperfecta type 2
MONDO:0008148	http://purl.obolibrary.org/obo/mondo#doid_rare	DOID:0110340	osteogenesis imperfecta type 4	osteogenesis imperfecta type 4
MONDO:0008150	http://purl.obolibrary.org/obo/mondo#doid_rare	DOID:0111532	osteoglophonic dysplasia	osteoglophonic dysplasia
MONDO:0008151	http://purl.obolibrary.org/obo/mondo#doid_rare	DOID:0111533	gnathodiaphyseal dysplasia	gnathodiaphyseal dysplasia
MONDO:0008152	http://purl.obolibrary.org/obo/mondo#doid_rare	DOID:0111534	multicentric carpo-tarsal osteolysis with or without nephropathy	multicentric carpotarsal osteolysis syndrome
MONDO:0008153	http://purl.obolibrary.org/obo/mondo#doid_rare	DOID:0111535	progressive osseous heteroplasia	progressive osseous heteroplasia
MONDO:0008156	http://purl.obolibrary.org/obo/mondo#doid_rare	DOID:0110938	autosomal dominant osteopetrosis 2	autosomal dominant osteopetrosis 2
MONDO:0008157	http://purl.obolibrary.org/obo/mondo#doid_rare	DOID:0111536	Buschke-Ollendorff syndrome	Buschke-Ollendorff syndrome
MONDO:0008170	http://purl.obolibrary.org/obo/mondo#doid_rare	DOID:2394	ovarian cancer	ovarian cancer
MONDO:0008179	http://purl.obolibrary.org/obo/mondo#doid_rare	DOID:0111537	paroxysmal extreme pain disorder	paroxysmal extreme pain disorder
MONDO:0008183	http://purl.obolibrary.org/obo/mondo#doid_rare	DOID:0060850	annular pancreas	annular pancreas
MONDO:0008195	http://purl.obolibrary.org/obo/mondo#doid_rare	DOID:0111538	paramyotonia congenita of Von Eulenburg	paramyotonia congenita of Von Eulenburg
MONDO:0008196	http://purl.obolibrary.org/obo/mondo#doid_rare	DOID:0111539	parastremmatic dwarfism	parastremmatic dwarfism
MONDO:0008199	http://purl.obolibrary.org/obo/mondo#doid_rare	DOID:0060892	late-onset Parkinson disease	late onset Parkinson's disease
MONDO:0008200	http://purl.obolibrary.org/obo/mondo#doid_rare	DOID:0060367	autosomal dominant Parkinson disease 1	Parkinson's disease 1
MONDO:0008201	http://purl.obolibrary.org/obo/mondo#doid_rare	DOID:0060486	Perry syndrome	Perry syndrome
MONDO:0008209	http://purl.obolibrary.org/obo/mondo#doid_rare	DOID:0060563	Char syndrome	Char syndrome
MONDO:0008214	http://purl.obolibrary.org/obo/mondo#doid_rare	DOID:9631	Pelger-Huet anomaly	Pelger-Huet anomaly
MONDO:0008215	http://purl.obolibrary.org/obo/mondo#doid_rare	DOID:0051015	adult-onset autosomal dominant demyelinating leukodystrophy	adult onset demyelinating leukodystrophy
MONDO:0008215	http://purl.obolibrary.org/obo/mondo#doid_rare	DOID:0060785	adult-onset autosomal dominant demyelinating leukodystrophy	typical adult-onset autosomal dominant demyelinating leukodystrophy
MONDO:0008218	http://purl.obolibrary.org/obo/mondo#doid_rare	DOID:0050429	Hailey-Hailey disease	Hailey-Hailey disease
MONDO:0008219	http://purl.obolibrary.org/obo/mondo#doid_rare	DOID:0060851	pemphigus vulgaris	pemphigus vulgaris
MONDO:0008221	http://purl.obolibrary.org/obo/mondo#doid_rare	DOID:0111540	prolidase deficiency	prolidase deficiency
MONDO:0008222	http://purl.obolibrary.org/obo/mondo#doid_rare	DOID:0050434	Andersen-Tawil syndrome	Andersen-Tawil syndrome
MONDO:0008223	http://purl.obolibrary.org/obo/mondo#doid_rare	DOID:14452	hypokalemic periodic paralysis	hypokalemic periodic paralysis
MONDO:0008224	http://purl.obolibrary.org/obo/mondo#doid_rare	DOID:14451	hyperkalemic periodic paralysis	hyperkalemic periodic paralysis
MONDO:0008228	http://purl.obolibrary.org/obo/mondo#doid_rare	DOID:13381	pernicious anemia	pernicious anemia
MONDO:0008231	http://purl.obolibrary.org/obo/mondo#doid_rare	DOID:8616	Peyronie disease	Peyronie's disease
MONDO:0008233	http://purl.obolibrary.org/obo/mondo#doid_rare	DOID:0050771	pheochromocytoma	pheochromocytoma
MONDO:0008234	http://purl.obolibrary.org/obo/mondo#doid_rare	DOID:0050430	multiple endocrine neoplasia type 2A	multiple endocrine neoplasia type 2A
MONDO:0008243	http://purl.obolibrary.org/obo/mondo#doid_rare	DOID:11870	Pick disease	Pick's disease
MONDO:0008244	http://purl.obolibrary.org/obo/mondo#doid_rare	DOID:3263	piebaldism	piebaldism
MONDO:0008246	http://purl.obolibrary.org/obo/mondo#doid_rare	DOID:0111541	pigmented paravenous retinochoroidal atrophy	pigmented paravenous chorioretinal atrophy
MONDO:0008250	http://purl.obolibrary.org/obo/mondo#doid_rare	DOID:0060872	isolated growth hormone deficiency type II	isolated growth hormone deficiency type II
MONDO:0008259	http://purl.obolibrary.org/obo/mondo#doid_rare	DOID:0080218	familial spontaneous pneumothorax	primary spontaneous pneumothorax
MONDO:0008260	http://purl.obolibrary.org/obo/mondo#doid_rare	DOID:0060472	Kindler syndrome	Kindler syndrome
MONDO:0008262	http://purl.obolibrary.org/obo/mondo#doid_rare	DOID:12961	Poland syndrome	Poland syndrome
MONDO:0008267	http://purl.obolibrary.org/obo/mondo#doid_rare	DOID:0060375	orofaciodigital syndrome V	orofaciodigital syndrome V
MONDO:0008269	http://purl.obolibrary.org/obo/mondo#doid_rare	DOID:0060987	polydactyly of a biphalangeal thumb	preaxial polydactyly I
MONDO:0008270	http://purl.obolibrary.org/obo/mondo#doid_rare	DOID:0060986	polydactyly of a triphalangeal thumb	preaxial polydactyly II
MONDO:0008275	http://purl.obolibrary.org/obo/mondo#doid_rare	DOID:0111542	familial expansile osteolysis	familial expansile osteolysis
MONDO:0008276	http://purl.obolibrary.org/obo/mondo#doid_rare	DOID:0050787	generalized juvenile polyposis/juvenile polyposis coli	juvenile polyposis syndrome
MONDO:0008280	http://purl.obolibrary.org/obo/mondo#doid_rare	DOID:3852	Peutz-Jeghers syndrome	Peutz-Jeghers syndrome
MONDO:0008287	http://purl.obolibrary.org/obo/mondo#doid_rare	DOID:14761	Greig cephalopolysyndactyly syndrome	Greig cephalopolysyndactyly syndrome
MONDO:0008289	http://purl.obolibrary.org/obo/mondo#doid_rare	DOID:0090125	brain small vessel disease 1 with or without ocular anomalies	brain small vessel disease 1
MONDO:0008292	http://purl.obolibrary.org/obo/mondo#doid_rare	DOID:0080213	punctate palmoplantar keratoderma type 2	punctate palmoplantar keratoderma type II
MONDO:0008294	http://purl.obolibrary.org/obo/mondo#doid_rare	DOID:3890	acute intermittent porphyria	acute intermittent porphyria
MONDO:0008297	http://purl.obolibrary.org/obo/mondo#doid_rare	DOID:4346	variegate porphyria	variegate porphyria
MONDO:0008300	http://purl.obolibrary.org/obo/mondo#doid_rare	DOID:11983	Prader-Willi syndrome	Prader-Willi syndrome
MONDO:0008301	http://purl.obolibrary.org/obo/mondo#doid_rare	DOID:0111544	Guttmacher syndrome	Guttmacher syndrome
MONDO:0008303	http://purl.obolibrary.org/obo/mondo#doid_rare	DOID:0111545	familial male-limited precocious puberty	familial male-limited precocious puberty
MONDO:0008305	http://purl.obolibrary.org/obo/mondo#doid_rare	DOID:0111546	Currarino triad	Currarino syndrome
MONDO:0008306	http://purl.obolibrary.org/obo/mondo#doid_rare	DOID:0070029	ABri amyloidosis	ITM2B-related cerebral amyloid angiopathy 1
MONDO:0008310	http://purl.obolibrary.org/obo/mondo#doid_rare	DOID:3911	Hutchinson-Gilford progeria syndrome	progeria
MONDO:0008311	http://purl.obolibrary.org/obo/mondo#doid_rare	DOID:0061154	progeria-short stature-pigmented nevi syndrome	Mulvihill-Smith syndrome
MONDO:0008315	http://purl.obolibrary.org/obo/mondo#doid_rare	DOID:10283	prostate cancer	prostate cancer
MONDO:0008318	http://purl.obolibrary.org/obo/mondo#doid_rare	DOID:13482	Proteus syndrome	Proteus syndrome
MONDO:0008322	http://purl.obolibrary.org/obo/mondo#doid_rare	DOID:0080047	pseudoachondroplasia	pseudoachondroplasia
MONDO:0008323	http://purl.obolibrary.org/obo/mondo#doid_rare	DOID:0050477	Liddle syndrome	Liddle syndrome
MONDO:0008329	http://purl.obolibrary.org/obo/mondo#doid_rare	DOID:0060855	autosomal dominant pseudohypoaldosteronism type 1	autosomal dominant pseudohypoaldosteronism type 1
MONDO:0008332	http://purl.obolibrary.org/obo/mondo#doid_rare	DOID:0111056	platelet-type von Willebrand disease	platelet-type bleeding disorder 3
MONDO:0008338	http://purl.obolibrary.org/obo/mondo#doid_rare	DOID:0081321	contractures, pterygia, and spondylocarpotarsal fusion syndrome 1A	contractures, pterygia, and spondylocarpotarsal fusion syndrome 1A
MONDO:0008340	http://purl.obolibrary.org/obo/mondo#doid_rare	DOID:0060261	congenital ptosis	congenital ptosis
MONDO:0008346	http://purl.obolibrary.org/obo/mondo#doid_rare	DOID:10328	pulmonary hemosiderosis	siderosis
MONDO:0008346	http://purl.obolibrary.org/obo/mondo#doid_rare	DOID:12118	pulmonary hemosiderosis	pulmonary hemosiderosis
MONDO:0008369	http://purl.obolibrary.org/obo/mondo#doid_rare	DOID:0061165	proximal renal tubular acidosis	proximal renal tubular acidosis
MONDO:0008371	http://purl.obolibrary.org/obo/mondo#doid_rare	DOID:0060256	Dowling-Degos disease	Dowling-Degos disease
MONDO:0008373	http://purl.obolibrary.org/obo/mondo#doid_rare	DOID:0111547	retinal arterial tortuosity	retinal arterial tortuosity
MONDO:0008374	http://purl.obolibrary.org/obo/mondo#doid_rare	DOID:0081024	retinal cone dystrophy type 1	retinal cone dystrophy 1
MONDO:0008380	http://purl.obolibrary.org/obo/mondo#doid_rare	DOID:768	retinoblastoma	retinoblastoma
MONDO:0008387	http://purl.obolibrary.org/obo/mondo#doid_rare	DOID:0111548	ring dermoid of cornea	ring dermoid of cornea
MONDO:0008394	http://purl.obolibrary.org/obo/mondo#doid_rare	DOID:14681	Silver-Russell syndrome	Silver-Russell syndrome
MONDO:0008397	http://purl.obolibrary.org/obo/mondo#doid_rare	DOID:0111549	aplasia of lacrimal and salivary glands	aplasia of lacrimal and salivary glands
MONDO:0008404	http://purl.obolibrary.org/obo/mondo#doid_rare	DOID:0111550	scalp-ear-nipple syndrome	scalp-ear-nipple syndrome
MONDO:0008407	http://purl.obolibrary.org/obo/mondo#doid_rare	DOID:0111551	neurogenic scapuloperoneal syndrome, Kaeser type	neurogenic scapuloperoneal syndrome Kaeser type
MONDO:0008408	http://purl.obolibrary.org/obo/mondo#doid_rare	DOID:0111552	scapuloperoneal spinal muscular atrophy, autosomal dominant	scapuloperoneal spinal muscular atrophy
MONDO:0008410	http://purl.obolibrary.org/obo/mondo#doid_rare	DOID:13300	Scheuermann disease	Scheuermann's disease
MONDO:0008411	http://purl.obolibrary.org/obo/mondo#doid_rare	DOID:0060614	ulnar-mammary syndrome	ulnar-mammary syndrome
MONDO:0008412	http://purl.obolibrary.org/obo/mondo#doid_rare	DOID:0050597	intestinal schistosomiasis	intestinal schistosomiasis
MONDO:0008420	http://purl.obolibrary.org/obo/mondo#doid_rare	DOID:6498	seborrheic keratosis	seborrheic keratosis
MONDO:0008428	http://purl.obolibrary.org/obo/mondo#doid_rare	DOID:0060857	septooptic dysplasia	septooptic dysplasia
MONDO:0008434	http://purl.obolibrary.org/obo/mondo#doid_rare	DOID:0060768	Smith-Magenis syndrome	Smith-Magenis syndrome
MONDO:0008436	http://purl.obolibrary.org/obo/mondo#doid_rare	DOID:13096	Sneddon syndrome	Sneddon syndrome
MONDO:0008437	http://purl.obolibrary.org/obo/mondo#doid_rare	DOID:0110791	hereditary spastic paraplegia 3A	hereditary spastic paraplegia 3A
MONDO:0008438	http://purl.obolibrary.org/obo/mondo#doid_rare	DOID:0110792	hereditary spastic paraplegia 4	hereditary spastic paraplegia 4
MONDO:0008449	http://purl.obolibrary.org/obo/mondo#doid_rare	DOID:0080016	spina bifida	spina bifida
MONDO:0008451	http://purl.obolibrary.org/obo/mondo#doid_rare	DOID:0111200	neuronopathy, distal hereditary motor, autosomal dominant 1	autosomal dominant distal hereditary motor neuronopathy 1
MONDO:0008453	http://purl.obolibrary.org/obo/mondo#doid_rare	DOID:0111194	adult-onset proximal spinal muscular atrophy, autosomal dominant	autosomal dominant adult-onset proximal spinal muscular atrophy
MONDO:0008457	http://purl.obolibrary.org/obo/mondo#doid_rare	DOID:0050956	spinocerebellar ataxia type 6	spinocerebellar ataxia 6
MONDO:0008464	http://purl.obolibrary.org/obo/mondo#doid_rare	DOID:0090021	split hand-foot malformation 1	split hand-foot malformation 1
MONDO:0008471	http://purl.obolibrary.org/obo/mondo#doid_rare	DOID:14789	spondyloepiphyseal dysplasia congenita	spondyloepiphyseal dysplasia congenita
MONDO:0008473	http://purl.obolibrary.org/obo/mondo#doid_rare	DOID:0111553	spondyloepimetaphyseal dysplasia, Maroteaux type	spondyloepiphyseal dysplasia Maroteaux type
MONDO:0008474	http://purl.obolibrary.org/obo/mondo#doid_rare	DOID:0112285	spondyloepiphyseal dysplasia tarda, autosomal dominant	autosomal dominant spondyloepiphyseal dysplasia tarda
MONDO:0008476	http://purl.obolibrary.org/obo/mondo#doid_rare	DOID:0080028	spondyloepimetaphyseal dysplasia, Strudwick type	spondyloepimetaphyseal dysplasia, Strudwick type
MONDO:0008477	http://purl.obolibrary.org/obo/mondo#doid_rare	DOID:0111554	spondylometaphyseal dysplasia, Kozlowski type	spondylometaphyseal dysplasia Kozlowski type
MONDO:0008478	http://purl.obolibrary.org/obo/mondo#doid_rare	DOID:0112296	spondylometaphyseal dysplasia, Schmidt type	spondylometaphyseal dysplasia Algerian type
MONDO:0008479	http://purl.obolibrary.org/obo/mondo#doid_rare	DOID:0112297	spondylometaphyseal dysplasia, 'corner fracture' type	spondylometaphyseal dysplasia corner fracture type
MONDO:0008485	http://purl.obolibrary.org/obo/mondo#doid_rare	DOID:0111556	sebocystomatosis	steatocystoma multiplex
MONDO:0008491	http://purl.obolibrary.org/obo/mondo#doid_rare	DOID:13366	stiff-person syndrome	Stiff-Person syndrome
MONDO:0008492	http://purl.obolibrary.org/obo/mondo#doid_rare	DOID:0111561	stiff skin syndrome	stiff skin syndrome
MONDO:0008493	http://purl.obolibrary.org/obo/mondo#doid_rare	DOID:0111562	overhydrated hereditary stomatocytosis	overhydrated hereditary stomatocytosis
MONDO:0008495	http://purl.obolibrary.org/obo/mondo#doid_rare	DOID:2223	platelet storage pool deficiency	platelet storage pool deficiency
MONDO:0008497	http://purl.obolibrary.org/obo/mondo#doid_rare	DOID:0060354	Stormorken syndrome	Stormorken syndrome
MONDO:0008501	http://purl.obolibrary.org/obo/mondo#doid_rare	DOID:0111563	Sturge-Weber syndrome	Sturge-Weber syndrome
MONDO:0008504	http://purl.obolibrary.org/obo/mondo#doid_rare	DOID:1929	supravalvular aortic stenosis	supravalvular aortic stenosis
MONDO:0008511	http://purl.obolibrary.org/obo/mondo#doid_rare	DOID:0050788	proximal symphalangism	proximal symphalangism
MONDO:0008512	http://purl.obolibrary.org/obo/mondo#doid_rare	DOID:0111816	syndactyly type 1	syndactyly type 1
MONDO:0008514	http://purl.obolibrary.org/obo/mondo#doid_rare	DOID:0111817	syndactyly type 3	syndactyly type 3
MONDO:0008515	http://purl.obolibrary.org/obo/mondo#doid_rare	DOID:0111818	syndactyly type 4	syndactyly type 4
MONDO:0008516	http://purl.obolibrary.org/obo/mondo#doid_rare	DOID:0111819	syndactyly type 5	syndactyly type 5
MONDO:0008519	http://purl.obolibrary.org/obo/mondo#doid_rare	DOID:0081317	multiple synostoses syndrome 1	multiple synostoses syndrome 1
MONDO:0008521	http://purl.obolibrary.org/obo/mondo#doid_rare	DOID:0050789	tarsal-carpal coalition syndrome	tarsal-carpal coalition syndrome
MONDO:0008523	http://purl.obolibrary.org/obo/mondo#doid_rare	DOID:0050678	Blau syndrome	Blau syndrome
MONDO:0008538	http://purl.obolibrary.org/obo/mondo#doid_rare	DOID:13375	temporal arteritis	temporal arteritis
MONDO:0008542	http://purl.obolibrary.org/obo/mondo#doid_rare	DOID:6419	tetralogy of fallot	tetralogy of Fallot
MONDO:0008552	http://purl.obolibrary.org/obo/mondo#doid_rare	DOID:0060691	platelet-type bleeding disorder 16	platelet-type bleeding disorder 16
MONDO:0008559	http://purl.obolibrary.org/obo/mondo#doid_rare	DOID:0111907	thrombophilia due to thrombin defect	thrombophilia due to thrombin defect
MONDO:0008564	http://purl.obolibrary.org/obo/mondo#doid_rare	DOID:11198	DiGeorge syndrome	DiGeorge syndrome
MONDO:0008572	http://purl.obolibrary.org/obo/mondo#doid_rare	DOID:0111564	tibia, hypoplasia or aplasia of, with polydactyly	hypoplastic or aplastic tibia with polydactyly
MONDO:0008585	http://purl.obolibrary.org/obo/mondo#doid_rare	DOID:13133	HELLP syndrome	HELLP syndrome
MONDO:0008586	http://purl.obolibrary.org/obo/mondo#doid_rare	DOID:0080171	esophageal atresia/tracheoesophageal fistula	esophageal atresia/tracheoesophageal fistula
MONDO:0008592	http://purl.obolibrary.org/obo/mondo#doid_rare	DOID:0111565	tricho-dento-osseous syndrome	trichodontoosseous syndrome
MONDO:0008596	http://purl.obolibrary.org/obo/mondo#doid_rare	DOID:14743	trichorhinophalangeal syndrome type I	trichorhinophalangeal syndrome type I
MONDO:0008597	http://purl.obolibrary.org/obo/mondo#doid_rare	DOID:0080376	obsolete trichorhinophalangeal syndrome, type III	trichorhinophalangeal syndrome type III
MONDO:0008599	http://purl.obolibrary.org/obo/mondo#doid_rare	DOID:12098	trigeminal neuralgia	trigeminal neuralgia
MONDO:0008608	http://purl.obolibrary.org/obo/mondo#doid_rare	DOID:14250	Down syndrome	Down syndrome
MONDO:0008633	http://purl.obolibrary.org/obo/mondo#doid_rare	DOID:0050854	Muckle-Wells syndrome	Muckle-Wells syndrome
MONDO:0008641	http://purl.obolibrary.org/obo/mondo#doid_rare	DOID:0111567	retinal vasculopathy with cerebral leukoencephalopathy and systemic manifestations	retinal vasculopathy with cerebral leukodystrophy
MONDO:0008642	http://purl.obolibrary.org/obo/mondo#doid_rare	DOID:14679	VACTERL/vater association	VACTERL association
MONDO:0008652	http://purl.obolibrary.org/obo/mondo#doid_rare	DOID:0111568	congenital vertical talus	congenital vertical talus
MONDO:0008661	http://purl.obolibrary.org/obo/mondo#doid_rare	DOID:12306	vitiligo	vitiligo
MONDO:0008662	http://purl.obolibrary.org/obo/mondo#doid_rare	DOID:0111569	autosomal dominant vitreoretinochoroidopathy	autosomal dominant vitreoretinochoroidopathy
MONDO:0008663	http://purl.obolibrary.org/obo/mondo#doid_rare	DOID:0111570	snowflake vitreoretinal degeneration	snowflake vitreoretinal degeneration
MONDO:0008667	http://purl.obolibrary.org/obo/mondo#doid_rare	DOID:14175	von Hippel-Lindau disease	von Hippel-Lindau disease
MONDO:0008670	http://purl.obolibrary.org/obo/mondo#doid_rare	DOID:0110948	Waardenburg syndrome type 1	Waardenburg syndrome type 1
MONDO:0008671	http://purl.obolibrary.org/obo/mondo#doid_rare	DOID:0110950	Waardenburg syndrome type 2A	Waardenburg syndrome type 2A
MONDO:0008673	http://purl.obolibrary.org/obo/mondo#doid_rare	DOID:0111571	acrofacial dysostosis, Weyers type	Weyers acrofacial dysostosis
MONDO:0008675	http://purl.obolibrary.org/obo/mondo#doid_rare	DOID:0111604	Freeman-Sheldon syndrome	Freeman-Sheldon syndrome
MONDO:0008681	http://purl.obolibrary.org/obo/mondo#doid_rare	DOID:14515	WAGR syndrome	WAGR syndrome
MONDO:0008682	http://purl.obolibrary.org/obo/mondo#doid_rare	DOID:3764	Denys-Drash syndrome	Denys-Drash syndrome
MONDO:0008684	http://purl.obolibrary.org/obo/mondo#doid_rare	DOID:0050460	Wolf-Hirschhorn syndrome	Wolf-Hirschhorn syndrome
MONDO:0008685	http://purl.obolibrary.org/obo/mondo#doid_rare	DOID:384	Wolff-Parkinson-White syndrome	Wolff-Parkinson-White syndrome
MONDO:0008686	http://purl.obolibrary.org/obo/mondo#doid_rare	DOID:0111572	isolated familial wooly hair disorder	familial woolly hair syndrome
MONDO:0008692	http://purl.obolibrary.org/obo/mondo#doid_rare	DOID:1386	abetalipoproteinemia	abetalipoproteinemia
MONDO:0008693	http://purl.obolibrary.org/obo/mondo#doid_rare	DOID:0060550	ablepharon macrostomia syndrome	ablepharon macrostomia syndrome
MONDO:0008695	http://purl.obolibrary.org/obo/mondo#doid_rare	DOID:0050766	VPS13A-related neurodegenerative disease	choreaacanthocytosis
MONDO:0008699	http://purl.obolibrary.org/obo/mondo#doid_rare	DOID:0050796	achalasia microcephaly syndrome	achalasia microcephaly syndrome
MONDO:0008700	http://purl.obolibrary.org/obo/mondo#doid_rare	DOID:0050603	acheiropody	acheiropody
MONDO:0008701	http://purl.obolibrary.org/obo/mondo#doid_rare	DOID:0080054	achondrogenesis type IA	achondrogenesis type IA
MONDO:0008702	http://purl.obolibrary.org/obo/mondo#doid_rare	DOID:0080056	achondrogenesis type II	achondrogenesis type II
MONDO:0008703	http://purl.obolibrary.org/obo/mondo#doid_rare	DOID:0080052	acromesomelic dysplasia 2A	acromesomelic dysplasia, Grebe type
MONDO:0008708	http://purl.obolibrary.org/obo/mondo#doid_rare	DOID:9250	acrocallosal syndrome	acrocallosal syndrome
MONDO:0008713	http://purl.obolibrary.org/obo/mondo#doid_rare	DOID:0050605	acrodermatitis enteropathica	acrodermatitis enteropathica
MONDO:0008714	http://purl.obolibrary.org/obo/mondo#doid_rare	DOID:0060383	acrofacial dysostosis Rodriguez type	acrofacial dysostosis Rodriguez type
MONDO:0008715	http://purl.obolibrary.org/obo/mondo#doid_rare	DOID:0060226	acrofrontofacionasal dysostosis	acrofrontofacionasal dysostosis 1
MONDO:0008717	http://purl.obolibrary.org/obo/mondo#doid_rare	DOID:0080051	acromesomelic dysplasia 2C, Hunter-Thompson type	acromesomelic dysplasia, Hunter-Thompson type
MONDO:0008721	http://purl.obolibrary.org/obo/mondo#doid_rare	DOID:0080153	medium chain acyl-CoA dehydrogenase deficiency	medium chain acyl-CoA dehydrogenase deficiency
MONDO:0008722	http://purl.obolibrary.org/obo/mondo#doid_rare	DOID:0080154	short chain acyl-CoA dehydrogenase deficiency	short chain acyl-CoA dehydrogenase deficiency
MONDO:0008723	http://purl.obolibrary.org/obo/mondo#doid_rare	DOID:0080155	very long chain acyl-CoA dehydrogenase deficiency	very long chain acyl-CoA dehydrogenase deficiency
MONDO:0008737	http://purl.obolibrary.org/obo/mondo#doid_rare	DOID:2236	congenital afibrinogenemia	congenital afibrinogenemia
MONDO:0008740	http://purl.obolibrary.org/obo/mondo#doid_rare	DOID:0060341	agnathia-otocephaly complex	agnathia-otocephaly complex
MONDO:0008742	http://purl.obolibrary.org/obo/mondo#doid_rare	DOID:0112130	autosomal dominant severe congenital neutropenia	autosomal dominant severe congenital neutropenia
MONDO:0008746	http://purl.obolibrary.org/obo/mondo#doid_rare	DOID:0070096	oculocutaneous albinism type 2	oculocutaneous albinism type II
MONDO:0008747	http://purl.obolibrary.org/obo/mondo#doid_rare	DOID:0070097	oculocutaneous albinism type 3	oculocutaneous albinism type III
MONDO:0008751	http://purl.obolibrary.org/obo/mondo#doid_rare	DOID:0080626	corticosterone methyloxidase type 1 deficiency	corticosterone methyloxidase deficiency 1
MONDO:0008752	http://purl.obolibrary.org/obo/mondo#doid_rare	DOID:4252	Alexander disease	Alexander disease
MONDO:0008753	http://purl.obolibrary.org/obo/mondo#doid_rare	DOID:9270	alkaptonuria	alkaptonuria
MONDO:0008756	http://purl.obolibrary.org/obo/mondo#doid_rare	DOID:0080627	alopecia - intellectual disability syndrome	alopecia-mental retardation syndrome
MONDO:0008757	http://purl.obolibrary.org/obo/mondo#doid_rare	DOID:0050634	alopecia universalis congenita	alopecia universalis
MONDO:0008758	http://purl.obolibrary.org/obo/mondo#doid_rare	DOID:0080122	mitochondrial DNA depletion syndrome 4a	Alpers-Huttenlocher syndrome
MONDO:0008759	http://purl.obolibrary.org/obo/mondo#doid_rare	DOID:0081326	oxoglutaricaciduria	oxoglutarate dehydrogenase deficiency
MONDO:0008760	http://purl.obolibrary.org/obo/mondo#doid_rare	DOID:14723	beta-ketothiolase deficiency	beta-ketothiolase deficiency
MONDO:0008762	http://purl.obolibrary.org/obo/mondo#doid_rare	DOID:0110033	autosomal recessive Alport syndrome	Alport syndrome 2
MONDO:0008767	http://purl.obolibrary.org/obo/mondo#doid_rare	DOID:0110731	neuronal ceroid lipofuscinosis 3	neuronal ceroid lipofuscinosis 3
MONDO:0008768	http://purl.obolibrary.org/obo/mondo#doid_rare	DOID:0110730	ceroid lipofuscinosis, neuronal, 6B (Kufs type)	neuronal ceroid lipofuscinosis 6B
MONDO:0008769	http://purl.obolibrary.org/obo/mondo#doid_rare	DOID:0110726	neuronal ceroid lipofuscinosis 2	neuronal ceroid lipofuscinosis 2
MONDO:0008771	http://purl.obolibrary.org/obo/mondo#doid_rare	DOID:0110066	amelogenesis imperfecta type 1G	amelogenesis imperfecta type 1G
MONDO:0008772	http://purl.obolibrary.org/obo/mondo#doid_rare	DOID:0110057	amelogenesis imperfecta type 2A1	amelogenesis imperfecta type 2A1
MONDO:0008774	http://purl.obolibrary.org/obo/mondo#doid_rare	DOID:0111453	2-aminoadipic 2-oxoadipic aciduria	2-aminoadipic 2-oxoadipic aciduria
MONDO:0008777	http://purl.obolibrary.org/obo/mondo#doid_rare	DOID:0060449	gelatinous drop-like corneal dystrophy	gelatinous drop-like corneal dystrophy
MONDO:0008780	http://purl.obolibrary.org/obo/mondo#doid_rare	DOID:0060194	amyotrophic lateral sclerosis type 2, juvenile	amyotrophic lateral sclerosis type 2
MONDO:0008783	http://purl.obolibrary.org/obo/mondo#doid_rare	DOID:1388	Tangier disease	Tangier disease
MONDO:0008795	http://purl.obolibrary.org/obo/mondo#doid_rare	DOID:0111578	aniridia-cerebellar ataxia-intellectual disability syndrome	Gillespie syndrome
MONDO:0008797	http://purl.obolibrary.org/obo/mondo#doid_rare	DOID:13714	anodontia	anodontia
MONDO:0008798	http://purl.obolibrary.org/obo/mondo#doid_rare	DOID:0080082	nonsyndromic congenital nail disorder 4	nonsyndromic congenital nail disorder 4
MONDO:0008799	http://purl.obolibrary.org/obo/mondo#doid_rare	DOID:0111801	anophthalmia/microphthalmia-esophageal atresia syndrome	syndromic microphthalmia 3
MONDO:0008800	http://purl.obolibrary.org/obo/mondo#doid_rare	DOID:0060861	microphthalmia with limb anomalies	microphthalmia with limb anomalies
MONDO:0008803	http://purl.obolibrary.org/obo/mondo#doid_rare	DOID:0081289	Antley-Bixler syndrome	Antley-Bixler syndrome
MONDO:0008810	http://purl.obolibrary.org/obo/mondo#doid_rare	DOID:0111418	familial apolipoprotein C-II deficiency	familial apolipoprotein C-II deficiency
MONDO:0008815	http://purl.obolibrary.org/obo/mondo#doid_rare	DOID:14755	argininosuccinic aciduria	argininosuccinic aciduria
MONDO:0008818	http://purl.obolibrary.org/obo/mondo#doid_rare	DOID:0050645	arterial tortuosity syndrome	arterial tortuosity syndrome
MONDO:0008823	http://purl.obolibrary.org/obo/mondo#doid_rare	DOID:0090124	arthrogryposis multiplex congenita 2, neurogenic type	neurogenic-type arthrogryposis multiplex congenita-2
MONDO:0008824	http://purl.obolibrary.org/obo/mondo#doid_rare	DOID:0111375	fetal akinesia deformation sequence	fetal akinesia deformation sequence syndrome
MONDO:0008827	http://purl.obolibrary.org/obo/mondo#doid_rare	DOID:0090004	progressive pseudorheumatoid arthropathy of childhood	progressive pseudorheumatoid arthropathy of childhood
MONDO:0008828	http://purl.obolibrary.org/obo/mondo#doid_rare	DOID:0090127	camptodactyly-arthropathy-coxa vara-pericarditis syndrome	camptodactyly-arthropathy-coxa vara-pericarditis syndrome
MONDO:0008830	http://purl.obolibrary.org/obo/mondo#doid_rare	DOID:0050461	aspartylglucosaminuria	aspartylglucosaminuria
MONDO:0008832	http://purl.obolibrary.org/obo/mondo#doid_rare	DOID:0060856	right atrial isomerism	right atrial isomerism
MONDO:0008840	http://purl.obolibrary.org/obo/mondo#doid_rare	DOID:12704	ataxia telangiectasia	ataxia telangiectasia
MONDO:0008842	http://purl.obolibrary.org/obo/mondo#doid_rare	DOID:0050754	ataxia, early-onset, with oculomotor apraxia and hypoalbuminemia	early-onset ataxia with oculomotor apraxia and hypoalbuminemia
MONDO:0008846	http://purl.obolibrary.org/obo/mondo#doid_rare	DOID:0050649	atransferrinemia	atransferrinemia
MONDO:0008847	http://purl.obolibrary.org/obo/mondo#doid_rare	DOID:0060689	atrichia with papular lesions	atrichia with papular lesions
MONDO:0008849	http://purl.obolibrary.org/obo/mondo#doid_rare	DOID:0080756	atrophoderma vermiculata	atrophoderma vermiculata
MONDO:0008853	http://purl.obolibrary.org/obo/mondo#doid_rare	DOID:0060549	Barber-Say syndrome	Barber-Say syndrome
MONDO:0008854	http://purl.obolibrary.org/obo/mondo#doid_rare	DOID:0110123	Bardet-Biedl syndrome 1	Bardet-Biedl syndrome 1
MONDO:0008856	http://purl.obolibrary.org/obo/mondo#doid_rare	DOID:0111955	immunodeficiency 27A	immunodeficiency 27A
MONDO:0008858	http://purl.obolibrary.org/obo/mondo#doid_rare	DOID:0111580	Behr syndrome	Behr syndrome
MONDO:0008863	http://purl.obolibrary.org/obo/mondo#doid_rare	DOID:0090019	sitosterolemia	sitosterolemia
MONDO:0008865	http://purl.obolibrary.org/obo/mondo#doid_rare	DOID:0050664	Bietti crystalline corneoretinal dystrophy	Bietti crystalline corneoretinal dystrophy
MONDO:0008867	http://purl.obolibrary.org/obo/mondo#doid_rare	DOID:13608	biliary atresia	biliary atresia
MONDO:0008871	http://purl.obolibrary.org/obo/mondo#doid_rare	DOID:0060608	microcephalic osteodysplastic primordial dwarfism type I	microcephalic osteodysplastic primordial dwarfism type I
MONDO:0008872	http://purl.obolibrary.org/obo/mondo#doid_rare	DOID:0060609	microcephalic osteodysplastic primordial dwarfism type II	microcephalic osteodysplastic primordial dwarfism type II
MONDO:0008876	http://purl.obolibrary.org/obo/mondo#doid_rare	DOID:2717	Bloom syndrome	Bloom syndrome
MONDO:0008879	http://purl.obolibrary.org/obo/mondo#doid_rare	DOID:0050684	Bowen-Conradi syndrome	Bowen-Conradi syndrome
MONDO:0008885	http://purl.obolibrary.org/obo/mondo#doid_rare	DOID:0080631	Elsahy-Waters syndrome	Elsahy-Waters syndrome
MONDO:0008886	http://purl.obolibrary.org/obo/mondo#doid_rare	DOID:0111874	Sabinas brittle hair syndrome	Sabinas brittle hair syndrome
MONDO:0008890	http://purl.obolibrary.org/obo/mondo#doid_rare	DOID:681	progressive bulbar palsy	progressive bulbar palsy
MONDO:0008892	http://purl.obolibrary.org/obo/mondo#doid_rare	DOID:0070226	progressive familial intrahepatic cholestasis type 1	progressive familial intrahepatic cholestasis 1
MONDO:0008893	http://purl.obolibrary.org/obo/mondo#doid_rare	DOID:0111581	C syndrome	C syndrome
MONDO:0008895	http://purl.obolibrary.org/obo/mondo#doid_rare	DOID:0111582	hereditary arterial and articular multiple calcification syndrome	hereditary arterial and articular multiple calcification syndrome
MONDO:0008907	http://purl.obolibrary.org/obo/mondo#doid_rare	DOID:0080552	PMM2-congenital disorder of glycosylation	congenital disorder of glycosylation Ia
MONDO:0008908	http://purl.obolibrary.org/obo/mondo#doid_rare	DOID:0070253	MGAT2-congenital disorder of glycosylation	congenital disorder of glycosylation type IIa
MONDO:0008915	http://purl.obolibrary.org/obo/mondo#doid_rare	DOID:0111584	dilated cardiomyopathy-hypergonadotropic hypogonadism syndrome	dilated cardiomyopathy-hypergonadotropic hypogonadism syndrome
MONDO:0008918	http://purl.obolibrary.org/obo/mondo#doid_rare	DOID:0111585	carnitine-acylcarnitine translocase deficiency	carnitine-acylcarnitine translocase deficiency
MONDO:0008922	http://purl.obolibrary.org/obo/mondo#doid_rare	DOID:0080132	Sengers syndrome	Sengers syndrome
MONDO:0008923	http://purl.obolibrary.org/obo/mondo#doid_rare	DOID:0111245	autosomal recessive palmoplantar keratoderma and congenital alopecia	palmoplantar keratoderma and congenital alopecia 2
MONDO:0008926	http://purl.obolibrary.org/obo/mondo#doid_rare	DOID:0080910	COFS syndrome	cerebrooculofacioskeletal syndrome
MONDO:0008931	http://purl.obolibrary.org/obo/mondo#doid_rare	DOID:0090015	Cenani-Lenz syndactyly syndrome	Cenani-Lenz syndactyly syndrome
MONDO:0008935	http://purl.obolibrary.org/obo/mondo#doid_rare	DOID:0111587	cerebellar ataxia-hypogonadism syndrome	Gordon Holmes syndrome
MONDO:0008939	http://purl.obolibrary.org/obo/mondo#doid_rare	DOID:0070338	isolated cerebellar hypoplasia/agenesis	cerebellar hypoplasia
MONDO:0008945	http://purl.obolibrary.org/obo/mondo#doid_rare	DOID:12707	myoclonic cerebellar dyssynergia	myoclonic cerebellar dyssynergia
MONDO:0008948	http://purl.obolibrary.org/obo/mondo#doid_rare	DOID:4810	cerebrotendinous xanthomatosis	cerebrotendinous xanthomatosis
MONDO:0008961	http://purl.obolibrary.org/obo/mondo#doid_rare	DOID:0110185	Charcot-Marie-Tooth disease type 4A	Charcot-Marie-Tooth disease type 4A
MONDO:0008962	http://purl.obolibrary.org/obo/mondo#doid_rare	DOID:0060832	Griscelli syndrome type 1	Griscelli syndrome type 1
MONDO:0008963	http://purl.obolibrary.org/obo/mondo#doid_rare	DOID:2935	Chediak-Higashi syndrome	Chediak-Higashi syndrome
MONDO:0008964	http://purl.obolibrary.org/obo/mondo#doid_rare	DOID:0060296	congenital secretory chloride diarrhea 1	congenital secretory chloride diarrhea 1
MONDO:0008965	http://purl.obolibrary.org/obo/mondo#doid_rare	DOID:0050834	CHARGE syndrome	CHARGE syndrome
MONDO:0008966	http://purl.obolibrary.org/obo/mondo#doid_rare	DOID:6691	Aagenaes syndrome	Aagenaes syndrome
MONDO:0008967	http://purl.obolibrary.org/obo/mondo#doid_rare	DOID:0111068	congenital bile acid synthesis defect 4	congenital bile acid synthesis defect 4
MONDO:0008970	http://purl.obolibrary.org/obo/mondo#doid_rare	DOID:0060387	chondrodysplasia Blomstrand type	chondrodysplasia Blomstrand type
MONDO:0008972	http://purl.obolibrary.org/obo/mondo#doid_rare	DOID:0110851	rhizomelic chondrodysplasia punctata type 1	rhizomelic chondrodysplasia punctata type 1
MONDO:0008974	http://purl.obolibrary.org/obo/mondo#doid_rare	DOID:0111588	Greenberg dysplasia	Greenberg dysplasia
MONDO:0008977	http://purl.obolibrary.org/obo/mondo#doid_rare	DOID:3371	chondrosarcoma	chondrosarcoma
MONDO:0008978	http://purl.obolibrary.org/obo/mondo#doid_rare	DOID:3302	chordoma	chordoma
MONDO:0008980	http://purl.obolibrary.org/obo/mondo#doid_rare	DOID:0111265	ataxia-hypogonadism-choroidal dystrophy syndrome	Boucher-Neuhauser syndrome
MONDO:0008995	http://purl.obolibrary.org/obo/mondo#doid_rare	DOID:0060589	Yunis-Varon syndrome	Yunis-Varon syndrome
MONDO:0008999	http://purl.obolibrary.org/obo/mondo#doid_rare	DOID:0111590	Cohen syndrome	Cohen syndrome
MONDO:0009003	http://purl.obolibrary.org/obo/mondo#doid_rare	DOID:0110007	achromatopsia 2	achromatopsia 2
MONDO:0009006	http://purl.obolibrary.org/obo/mondo#doid_rare	DOID:0060295	complement component 2 deficiency	complement component 2 deficiency
MONDO:0009007	http://purl.obolibrary.org/obo/mondo#doid_rare	DOID:0111404	Jalili syndrome	Jalili syndrome
MONDO:0009008	http://purl.obolibrary.org/obo/mondo#doid_rare	DOID:0111591	heart defect - tongue hamartoma - polysyndactyly syndrome	congenital heart defects, hamartomas of tongue, and polysyndactyly
MONDO:0009009	http://purl.obolibrary.org/obo/mondo#doid_rare	DOID:0111592	hypoplasminogenemia	plasminogen deficiency type I
MONDO:0009015	http://purl.obolibrary.org/obo/mondo#doid_rare	DOID:0111620	corneal dystrophy-perceptive deafness syndrome	corneal dystrophy-perceptive deafness syndrome
MONDO:0009025	http://purl.obolibrary.org/obo/mondo#doid_rare	DOID:4367	apparent mineralocorticoid excess	apparent mineralocorticoid excess syndrome
MONDO:0009026	http://purl.obolibrary.org/obo/mondo#doid_rare	DOID:0050469	Costello syndrome	Costello syndrome
MONDO:0009031	http://purl.obolibrary.org/obo/mondo#doid_rare	DOID:0080032	craniodiaphyseal dysplasia	craniodiaphyseal dysplasia
MONDO:0009033	http://purl.obolibrary.org/obo/mondo#doid_rare	DOID:0111621	temtamy syndrome	Temtamy syndrome
MONDO:0009039	http://purl.obolibrary.org/obo/mondo#doid_rare	DOID:0050654	Baller-Gerold syndrome	Baller-Gerold syndrome
MONDO:0009044	http://purl.obolibrary.org/obo/mondo#doid_rare	DOID:3803	Crigler-Najjar syndrome	Crigler-Najjar syndrome
MONDO:0009046	http://purl.obolibrary.org/obo/mondo#doid_rare	DOID:0090001	Fraser syndrome	Fraser syndrome
MONDO:0009049	http://purl.obolibrary.org/obo/mondo#doid_rare	DOID:0111622	Cushing syndrome due to macronodular adrenal hyperplasia	ACTH-independent macronodular adrenal hyperplasia
MONDO:0009050	http://purl.obolibrary.org/obo/mondo#doid_rare	DOID:7004	Cushing disease due to pituitary adenoma	ACTH-secreting pituitary adenoma
MONDO:0009053	http://purl.obolibrary.org/obo/mondo#doid_rare	DOID:0070132	ALDH18A1-related de Barsy syndrome	autosomal recessive cutis laxa type IIIA
MONDO:0009054	http://purl.obolibrary.org/obo/mondo#doid_rare	DOID:0070141	autosomal recessive cutis laxa type 2, classic type	autosomal recessive cutis laxa type II classic type
MONDO:0009058	http://purl.obolibrary.org/obo/mondo#doid_rare	DOID:0090142	cystathioninuria	cystathioninuria
MONDO:0009061	http://purl.obolibrary.org/obo/mondo#doid_rare	DOID:1485	cystic fibrosis	cystic fibrosis
MONDO:0009063	http://purl.obolibrary.org/obo/mondo#doid_rare	DOID:0111625	ventriculomegaly-cystic kidney disease	ventriculomegaly - cystic kidney disease
MONDO:0009067	http://purl.obolibrary.org/obo/mondo#doid_rare	DOID:9266	cystinuria	cystinuria
MONDO:0009069	http://purl.obolibrary.org/obo/mondo#doid_rare	DOID:0111180	congenital lactic acidosis, Saguenay-Lac-Saint-Jean type	French Canadian Leigh disease
MONDO:0009070	http://purl.obolibrary.org/obo/mondo#doid_rare	DOID:0111626	D-glyceric aciduria	D-glyceric aciduria
MONDO:0009072	http://purl.obolibrary.org/obo/mondo#doid_rare	DOID:2785	Dandy-Walker syndrome	Dandy-Walker syndrome
MONDO:0009073	http://purl.obolibrary.org/obo/mondo#doid_rare	DOID:0060571	Ritscher-Schinzel syndrome 1	Ritscher-Schinzel syndrome 1
MONDO:0009079	http://purl.obolibrary.org/obo/mondo#doid_rare	DOID:0111627	DOORS syndrome	DOORS syndrome
MONDO:0009080	http://purl.obolibrary.org/obo/mondo#doid_rare	DOID:0090024	split hand-foot malformation 1 with sensorineural hearing loss	split hand-foot malformation 1 with sensorineural hearing loss
MONDO:0009082	http://purl.obolibrary.org/obo/mondo#doid_rare	DOID:0111628	high myopia-sensorineural deafness syndrome	high myopia-sensorineural deafness syndrome
MONDO:0009092	http://purl.obolibrary.org/obo/mondo#doid_rare	DOID:0090112	polycystic lipomembranous osteodysplasia with sclerosing leukoencephaly	Nasu-Hakola disease
MONDO:0009104	http://purl.obolibrary.org/obo/mondo#doid_rare	DOID:0090144	Donnai-Barrow syndrome	Donnai-Barrow syndrome
MONDO:0009105	http://purl.obolibrary.org/obo/mondo#doid_rare	DOID:0111414	trichohepatoenteric syndrome	trichohepatoenteric syndrome
MONDO:0009107	http://purl.obolibrary.org/obo/mondo#doid_rare	DOID:14687	diastrophic dysplasia	diastrophic dysplasia
MONDO:0009109	http://purl.obolibrary.org/obo/mondo#doid_rare	DOID:0060439	lysinuric protein intolerance	lysinuric protein intolerance
MONDO:0009110	http://purl.obolibrary.org/obo/mondo#doid_rare	DOID:0060650	dicarboxylic aminoaciduria	dicarboxylic aminoaciduria
MONDO:0009111	http://purl.obolibrary.org/obo/mondo#doid_rare	DOID:0111629	dihydropyrimidinuria	dihydropyrimidinase deficiency
MONDO:0009112	http://purl.obolibrary.org/obo/mondo#doid_rare	DOID:0110852	rhizomelic chondrodysplasia punctata type 2	rhizomelic chondrodysplasia punctata type 2
MONDO:0009113	http://purl.obolibrary.org/obo/mondo#doid_rare	DOID:0111630	hemolytic anemia due to diphosphoglycerate mutase deficiency	familial erythrocytosis 8
MONDO:0009114	http://purl.obolibrary.org/obo/mondo#doid_rare	DOID:0111633	congenital sucrase-isomaltase deficiency	congenital sucrase-isomaltase deficiency
MONDO:0009115	http://purl.obolibrary.org/obo/mondo#doid_rare	DOID:0111646	congenital lactase deficiency	congenital lactase deficiency
MONDO:0009123	http://purl.obolibrary.org/obo/mondo#doid_rare	DOID:0090145	orthostatic hypotension 1	dopamine beta-hydroxylase deficiency
MONDO:0009124	http://purl.obolibrary.org/obo/mondo#doid_rare	DOID:14796	Dubowitz syndrome	Dubowitz syndrome
MONDO:0009126	http://purl.obolibrary.org/obo/mondo#doid_rare	DOID:0080216	duodenal atresia	duodenal atresia
MONDO:0009130	http://purl.obolibrary.org/obo/mondo#doid_rare	DOID:0111167	Dyggve-Melchior-Clausen disease	Dyggve-Melchior-Clausen disease
MONDO:0009131	http://purl.obolibrary.org/obo/mondo#doid_rare	DOID:11589	Riley-Day syndrome	familial dysautonomia
MONDO:0009133	http://purl.obolibrary.org/obo/mondo#doid_rare	DOID:0050997	cerebellar ataxia, intellectual disability, and dysequilibrium	cerebellar ataxia, impaired intellectual development, and dysequilibrium syndrome
MONDO:0009134	http://purl.obolibrary.org/obo/mondo#doid_rare	DOID:0111401	congenital dyserythropoietic anemia type 2	congenital dyserythropoietic anemia type II
MONDO:0009140	http://purl.obolibrary.org/obo/mondo#doid_rare	DOID:0090032	Silverman-Handmaker type dyssegmental dysplasia	Silverman-Handmaker type dyssegmental dysplasia
MONDO:0009141	http://purl.obolibrary.org/obo/mondo#doid_rare	DOID:0090038	torsion dystonia 2	torsion dystonia 2
MONDO:0009144	http://purl.obolibrary.org/obo/mondo#doid_rare	DOID:14289	Ebstein anomaly	Ebstein anomaly
MONDO:0009145	http://purl.obolibrary.org/obo/mondo#doid_rare	DOID:0111647	Schöpf-Schulz-Passarge syndrome	Schopf-Schulz-Passarge syndrome
MONDO:0009151	http://purl.obolibrary.org/obo/mondo#doid_rare	DOID:0060773	cleft lip/palate-ectodermal dysplasia syndrome	cleft lip-palate-ectodermal dysplasia syndrome
MONDO:0009154	http://purl.obolibrary.org/obo/mondo#doid_rare	DOID:0070125	hypothyroidism, congenital, nongoitrous, 5	congenital nongoitrous hypothyroidism 5
MONDO:0009155	http://purl.obolibrary.org/obo/mondo#doid_rare	DOID:0111649	EEM syndrome	ectodermal dysplasia, ectrodactyly, and macular dystrophy syndrome
MONDO:0009157	http://purl.obolibrary.org/obo/mondo#doid_rare	DOID:0090026	split hand-foot malformation 6	split hand-foot malformation 6
MONDO:0009162	http://purl.obolibrary.org/obo/mondo#doid_rare	DOID:12714	Ellis-van Creveld syndrome	Ellis-Van Creveld syndrome
MONDO:0009166	http://purl.obolibrary.org/obo/mondo#doid_rare	DOID:0060273	pontocerebellar hypoplasia type 4	pontocerebellar hypoplasia type 4
MONDO:0009168	http://purl.obolibrary.org/obo/mondo#doid_rare	DOID:0111666	Fowler syndrome	proliferative vasculopathy and hydranencephaly-hydrocephaly syndrome
MONDO:0009169	http://purl.obolibrary.org/obo/mondo#doid_rare	DOID:12929	endocardial fibroelastosis	endocardial fibroelastosis
MONDO:0009173	http://purl.obolibrary.org/obo/mondo#doid_rare	DOID:0111667	congenital enteropathy due to enteropeptidase deficiency	enterokinase deficiency
MONDO:0009176	http://purl.obolibrary.org/obo/mondo#doid_rare	DOID:13777	epidermodysplasia verruciformis	epidermodysplasia verruciformis
MONDO:0009179	http://purl.obolibrary.org/obo/mondo#doid_rare	DOID:0060642	recessive dystrophic epidermolysis bullosa	recessive dystrophic epidermolysis bullosa
MONDO:0009181	http://purl.obolibrary.org/obo/mondo#doid_rare	DOID:0090017	epidermolysis bullosa simplex 5B, with muscular dystrophy	epidermolysis bullosa simplex with muscular dystrophy
MONDO:0009182	http://purl.obolibrary.org/obo/mondo#doid_rare	DOID:0060737	junctional epidermolysis bullosa Herlitz type	junctional epidermolysis bullosa Herlitz type
MONDO:0009183	http://purl.obolibrary.org/obo/mondo#doid_rare	DOID:0060733	junctional epidermolysis bullosa with pyloric atresia	junctional epidermolysis bullosa with pyloric atresia
MONDO:0009185	http://purl.obolibrary.org/obo/mondo#doid_rare	DOID:0111668	amelocerebrohypohidrotic syndrome	Kohlschutter-Tonz syndrome
MONDO:0009189	http://purl.obolibrary.org/obo/mondo#doid_rare	DOID:0070300	multiple epiphyseal dysplasia type 4	multiple epiphyseal dysplasia 4
MONDO:0009192	http://purl.obolibrary.org/obo/mondo#doid_rare	DOID:0090060	Wolcott-Rallison syndrome	Wolcott-Rallison syndrome
MONDO:0009210	http://purl.obolibrary.org/obo/mondo#doid_rare	DOID:2216	congenital factor V deficiency	factor V deficiency
MONDO:0009211	http://purl.obolibrary.org/obo/mondo#doid_rare	DOID:2215	congenital factor VII deficiency	factor VII deficiency
MONDO:0009212	http://purl.obolibrary.org/obo/mondo#doid_rare	DOID:2222	congenital factor X deficiency	factor X deficiency
MONDO:0009216	http://purl.obolibrary.org/obo/mondo#doid_rare	DOID:0070562	glycogen storage disease due to GLUT2 deficiency	Fanconi-Bickel syndrome
MONDO:0009218	http://purl.obolibrary.org/obo/mondo#doid_rare	DOID:0050464	Farber lipogranulomatosis	Farber lipogranulomatosis
MONDO:0009223	http://purl.obolibrary.org/obo/mondo#doid_rare	DOID:0090091	hypogonadotropic hypogonadism 23 with or without anosmia	hypogonadotropic hypogonadism 23 with or without anosmia
MONDO:0009229	http://purl.obolibrary.org/obo/mondo#doid_rare	DOID:0111669	hyaline fibromatosis syndrome	hyaline fibromatosis syndrome
MONDO:0009231	http://purl.obolibrary.org/obo/mondo#doid_rare	DOID:0050790	acromesomelic dysplasia 2B	fibular hypoplasia and complex brachydactyly
MONDO:0009232	http://purl.obolibrary.org/obo/mondo#doid_rare	DOID:0090067	Fuhrmann syndrome	Fuhrmann syndrome
MONDO:0009234	http://purl.obolibrary.org/obo/mondo#doid_rare	DOID:0111676	congenital high-molecular-weight kininogen deficiency	high molecular weight kininogen deficiency
MONDO:0009235	http://purl.obolibrary.org/obo/mondo#doid_rare	DOID:0111677	familial benign flecked retina	familial benign fleck retina
MONDO:0009238	http://purl.obolibrary.org/obo/mondo#doid_rare	DOID:0111678	hereditary folate malabsorption	hereditary folate malabsorption
MONDO:0009239	http://purl.obolibrary.org/obo/mondo#doid_rare	DOID:0090088	hypogonadotropic hypogonadism 24 without anosmia	hypogonadotropic hypogonadism 24 without anosmia
MONDO:0009240	http://purl.obolibrary.org/obo/mondo#doid_rare	DOID:0111679	formiminoglutamic aciduria	glutamate formiminotransferase deficiency
MONDO:0009242	http://purl.obolibrary.org/obo/mondo#doid_rare	DOID:14775	brittle cornea syndrome	brittle cornea syndrome 1
MONDO:0009251	http://purl.obolibrary.org/obo/mondo#doid_rare	DOID:5204	fructose-1,6-bisphosphatase deficiency	fructose-1,6-bisphosphatase deficiency
MONDO:0009252	http://purl.obolibrary.org/obo/mondo#doid_rare	DOID:0111680	essential fructosuria	essential fructosuria
MONDO:0009254	http://purl.obolibrary.org/obo/mondo#doid_rare	DOID:14500	fucosidosis	fucosidosis
MONDO:0009255	http://purl.obolibrary.org/obo/mondo#doid_rare	DOID:14695	galactokinase deficiency	galactokinase deficiency
MONDO:0009257	http://purl.obolibrary.org/obo/mondo#doid_rare	DOID:0111458	galactose epimerase deficiency	galactose epimerase deficiency
MONDO:0009258	http://purl.obolibrary.org/obo/mondo#doid_rare	DOID:0111459	classic galactosemia	classic galactosemia
MONDO:0009259	http://purl.obolibrary.org/obo/mondo#doid_rare	DOID:0111681	gamma-glutamylcysteine synthetase deficiency	congenital nonspherocytic hemolytic anemia 7
MONDO:0009260	http://purl.obolibrary.org/obo/mondo#doid_rare	DOID:0080502	GM1 gangliosidosis type 1	GM1 gangliosidosis type 1
MONDO:0009262	http://purl.obolibrary.org/obo/mondo#doid_rare	DOID:0080489	GM1 gangliosidosis type 3	GM1 gangliosidosis type 3
MONDO:0009263	http://purl.obolibrary.org/obo/mondo#doid_rare	DOID:0112249	GAPO syndrome	GAPO syndrome
MONDO:0009264	http://purl.obolibrary.org/obo/mondo#doid_rare	DOID:11044	gastroschisis	gastroschisis
MONDO:0009265	http://purl.obolibrary.org/obo/mondo#doid_rare	DOID:0110957	Gaucher disease type I	Gaucher's disease type I
MONDO:0009266	http://purl.obolibrary.org/obo/mondo#doid_rare	DOID:0110958	Gaucher disease type II	Gaucher's disease type II
MONDO:0009267	http://purl.obolibrary.org/obo/mondo#doid_rare	DOID:0110959	Gaucher disease type III	Gaucher's disease type III
MONDO:0009268	http://purl.obolibrary.org/obo/mondo#doid_rare	DOID:0112250	Gaucher disease-ophthalmoplegia-cardiovascular calcification syndrome	Gaucher's disease type IIIC
MONDO:0009271	http://purl.obolibrary.org/obo/mondo#doid_rare	DOID:0111266	geroderma osteodysplastica	geroderma osteodysplasticum
MONDO:0009274	http://purl.obolibrary.org/obo/mondo#doid_rare	DOID:0112251	ghosal hematodiaphyseal dysplasia	Ghosal hematodiaphyseal syndrome
MONDO:0009276	http://purl.obolibrary.org/obo/mondo#doid_rare	DOID:2217	Bernard-Soulier syndrome	Bernard-Soulier syndrome
MONDO:0009279	http://purl.obolibrary.org/obo/mondo#doid_rare	DOID:0050602	triple-A syndrome	triple-A syndrome
MONDO:0009281	http://purl.obolibrary.org/obo/mondo#doid_rare	DOID:0111254	glutaryl-CoA dehydrogenase deficiency	glutaric acidemia I
MONDO:0009282	http://purl.obolibrary.org/obo/mondo#doid_rare	DOID:0060358	multiple acyl-CoA dehydrogenase deficiency	multiple acyl-CoA dehydrogenase deficiency
MONDO:0009283	http://purl.obolibrary.org/obo/mondo#doid_rare	DOID:0112246	glutaric acidemia type 3	glutaric acidemia type 3
MONDO:0009284	http://purl.obolibrary.org/obo/mondo#doid_rare	DOID:0112252	glutathione synthetase deficiency without 5-oxoprolinuria	congenital nonspherocytic hemolytic anemia 6
MONDO:0009285	http://purl.obolibrary.org/obo/mondo#doid_rare	DOID:0111257	gamma-glutamyl transpeptidase deficiency	gamma-glutamyl transpeptidase deficiency
MONDO:0009287	http://purl.obolibrary.org/obo/mondo#doid_rare	DOID:2749	glycogen storage disease due to glucose-6-phosphatase deficiency type IA	glycogen storage disease Ia
MONDO:0009290	http://purl.obolibrary.org/obo/mondo#doid_rare	DOID:2752	glycogen storage disease II	glycogen storage disease II
MONDO:0009292	http://purl.obolibrary.org/obo/mondo#doid_rare	DOID:2750	glycogen storage disease due to glycogen branching enzyme deficiency	glycogen storage disease IV
MONDO:0009293	http://purl.obolibrary.org/obo/mondo#doid_rare	DOID:2746	glycogen storage disease V	glycogen storage disease V
MONDO:0009294	http://purl.obolibrary.org/obo/mondo#doid_rare	DOID:2754	glycogen storage disease VI	glycogen storage disease VI
MONDO:0009297	http://purl.obolibrary.org/obo/mondo#doid_rare	DOID:0070613	familial renal glucosuria	familial renal glucosuria
MONDO:0009299	http://purl.obolibrary.org/obo/mondo#doid_rare	DOID:14450	46 XX gonadal dysgenesis	46 XX gonadal dysgenesis
MONDO:0009303	http://purl.obolibrary.org/obo/mondo#doid_rare	DOID:9808	anti-glomerular basement membrane disease	Goodpasture syndrome
MONDO:0009306	http://purl.obolibrary.org/obo/mondo#doid_rare	DOID:0112253	combined immunodeficiency with skin granulomas	combined cellular and humoral immune defects with granulomas
MONDO:0009315	http://purl.obolibrary.org/obo/mondo#doid_rare	DOID:2231	congenital factor XII deficiency	factor XII deficiency
MONDO:0009318	http://purl.obolibrary.org/obo/mondo#doid_rare	DOID:4534	Hallermann-Streiff syndrome	Hallermann-Streiff syndrome
MONDO:0009319	http://purl.obolibrary.org/obo/mondo#doid_rare	DOID:3981	pantothenate kinase-associated neurodegeneration	pantothenate kinase-associated neurodegeneration
MONDO:0009324	http://purl.obolibrary.org/obo/mondo#doid_rare	DOID:1060	Hartnup disease	Hartnup disease
MONDO:0009326	http://purl.obolibrary.org/obo/mondo#doid_rare	DOID:990	congenital heart block	congenital heart block
MONDO:0009338	http://purl.obolibrary.org/obo/mondo#doid_rare	DOID:0112254	hepatic veno-occlusive disease-immunodeficiency syndrome	hepatic venoocclusive disease with immunodeficiency
MONDO:0009339	http://purl.obolibrary.org/obo/mondo#doid_rare	DOID:0111069	congenital bile acid synthesis defect 2	congenital bile acid synthesis defect 2
MONDO:0009341	http://purl.obolibrary.org/obo/mondo#doid_rare	DOID:0060485	Mowat-Wilson syndrome	Mowat-Wilson syndrome
MONDO:0009345	http://purl.obolibrary.org/obo/mondo#doid_rare	DOID:0060168	histidinemia	histidinemia
MONDO:0009350	http://purl.obolibrary.org/obo/mondo#doid_rare	DOID:0060566	Holzgreve-Wagner-Rehder syndrome	Holzgreve-Wagner-Rehder Syndrome
MONDO:0009351	http://purl.obolibrary.org/obo/mondo#doid_rare	DOID:0060177	homocarnosinosis	homocarnosinosis
MONDO:0009354	http://purl.obolibrary.org/obo/mondo#doid_rare	DOID:0112255	methylcobalamin deficiency type cblE	homocystinuria-megaloblastic anemia cblE type
MONDO:0009367	http://purl.obolibrary.org/obo/mondo#doid_rare	DOID:0111255	McKusick-Kaufman syndrome	McKusick-Kaufman syndrome
MONDO:0009370	http://purl.obolibrary.org/obo/mondo#doid_rare	DOID:0050574	L-2-hydroxyglutaric aciduria	L-2-hydroxyglutaric aciduria
MONDO:0009372	http://purl.obolibrary.org/obo/mondo#doid_rare	DOID:0112257	encephalopathy due to hydroxykynureninuria	hydroxykynureninuria
MONDO:0009376	http://purl.obolibrary.org/obo/mondo#doid_rare	DOID:9280	carbamoyl phosphate synthetase I deficiency disease	carbamoyl phosphate synthetase I deficiency disease
MONDO:0009377	http://purl.obolibrary.org/obo/mondo#doid_rare	DOID:0112258	hyperammonemia due to N-acetylglutamate synthase deficiency	N-acetylglutamate synthase deficiency
MONDO:0009380	http://purl.obolibrary.org/obo/mondo#doid_rare	DOID:12308	Dubin-Johnson syndrome	Dubin-Johnson syndrome
MONDO:0009387	http://purl.obolibrary.org/obo/mondo#doid_rare	DOID:14118	familial lipoprotein lipase deficiency	familial lipoprotein lipase deficiency
MONDO:0009388	http://purl.obolibrary.org/obo/mondo#doid_rare	DOID:9274	hyperlysinemia	hyperlysinemia
MONDO:0009393	http://purl.obolibrary.org/obo/mondo#doid_rare	DOID:0050720	ornithine translocase deficiency	ornithine translocase deficiency
MONDO:0009394	http://purl.obolibrary.org/obo/mondo#doid_rare	DOID:0081368	juvenile Paget disease	Paget disease of bone 5
MONDO:0009395	http://purl.obolibrary.org/obo/mondo#doid_rare	DOID:0080036	hyperostosis corticalis generalisata	SOST-related sclerosing bone dysplasia
MONDO:0009400	http://purl.obolibrary.org/obo/mondo#doid_rare	DOID:0080542	hyperprolinemia type 1	hyperprolinemia type 1
MONDO:0009401	http://purl.obolibrary.org/obo/mondo#doid_rare	DOID:0080543	hyperprolinemia type 2	hyperprolinemia type 2
MONDO:0009404	http://purl.obolibrary.org/obo/mondo#doid_rare	DOID:14670	hypertelorism, microtia, facial clefting syndrome	hypertelorism, microtia, facial clefting syndrome
MONDO:0009406	http://purl.obolibrary.org/obo/mondo#doid_rare	DOID:0060569	hypertrichotic osteochondrodysplasia Cantu type	hypertrichotic osteochondrodysplasia Cantu type
MONDO:0009411	http://purl.obolibrary.org/obo/mondo#doid_rare	DOID:0050167	autoimmune polyendocrine syndrome type 1	autoimmune polyendocrine syndrome type 1
MONDO:0009412	http://purl.obolibrary.org/obo/mondo#doid_rare	DOID:13724	scurvy	scurvy
MONDO:0009415	http://purl.obolibrary.org/obo/mondo#doid_rare	DOID:0112262	hypoglycemia, leucine-induced	leucine-sensitive hypoglycemia of infancy
MONDO:0009416	http://purl.obolibrary.org/obo/mondo#doid_rare	DOID:0112263	hypoinsulinemic hypoglycemia and body hemihypertrophy	hypoinsulinemic hypoglycemia with hemihypertrophy
MONDO:0009419	http://purl.obolibrary.org/obo/mondo#doid_rare	DOID:0112264	Woodhouse-Sakati syndrome	Woodhouse-Sakati syndrome
MONDO:0009426	http://purl.obolibrary.org/obo/mondo#doid_rare	DOID:0060348	hypoparathyroidism-retardation-dysmorphism syndrome	hypoparathyroidism-retardation-dysmorphism syndrome
MONDO:0009439	http://purl.obolibrary.org/obo/mondo#doid_rare	DOID:0060710	autosomal recessive congenital ichthyosis 2	autosomal recessive congenital ichthyosis 2
MONDO:0009441	http://purl.obolibrary.org/obo/mondo#doid_rare	DOID:0060656	autosomal recessive congenital ichthyosis 1	autosomal recessive congenital ichthyosis 1
MONDO:0009443	http://purl.obolibrary.org/obo/mondo#doid_rare	DOID:0060713	autosomal recessive congenital ichthyosis 4B	autosomal recessive congenital ichthyosis 4B
MONDO:0009448	http://purl.obolibrary.org/obo/mondo#doid_rare	DOID:0112265	iminoglycinuria	iminoglycinuria
MONDO:0009451	http://purl.obolibrary.org/obo/mondo#doid_rare	DOID:2012	Nezelof syndrome	Nezelof syndrome
MONDO:0009452	http://purl.obolibrary.org/obo/mondo#doid_rare	DOID:0060356	Vici syndrome	Vici syndrome
MONDO:0009458	http://purl.obolibrary.org/obo/mondo#doid_rare	DOID:0060490	Schimke immuno-osseous dysplasia	Schimke immuno-osseous dysplasia
MONDO:0009461	http://purl.obolibrary.org/obo/mondo#doid_rare	DOID:0070183	spermatogenic failure 5	spermatogenic failure 5
MONDO:0009468	http://purl.obolibrary.org/obo/mondo#doid_rare	DOID:11459	pseudotumor cerebri	pseudotumor cerebri
MONDO:0009469	http://purl.obolibrary.org/obo/mondo#doid_rare	DOID:0070231	benign recurrent intrahepatic cholestasis type 1	benign recurrent intrahepatic cholestasis 1
MONDO:0009475	http://purl.obolibrary.org/obo/mondo#doid_rare	DOID:14753	isovaleric acidemia	isovaleric acidemia
MONDO:0009478	http://purl.obolibrary.org/obo/mondo#doid_rare	DOID:0080594	combined immunodeficiency due to DOCK8 deficiency	hyper IgE recurrent infection syndrome 2
MONDO:0009479	http://purl.obolibrary.org/obo/mondo#doid_rare	DOID:14694	Johanson-Blizzard syndrome	Johanson-Blizzard syndrome
MONDO:0009485	http://purl.obolibrary.org/obo/mondo#doid_rare	DOID:0111456	oculocerebrofacial syndrome, Kaufman type	Kaufman oculocerebrofacial syndrome
MONDO:0009486	http://purl.obolibrary.org/obo/mondo#doid_rare	DOID:0080722	autosomal recessive Kenny-Caffey syndrome	Kenny-Caffey syndrome type 1
MONDO:0009490	http://purl.obolibrary.org/obo/mondo#doid_rare	DOID:3389	Papillon-Lefevre disease	Papillon-Lefevre disease
MONDO:0009499	http://purl.obolibrary.org/obo/mondo#doid_rare	DOID:10587	Krabbe disease	Krabbe disease
MONDO:0009504	http://purl.obolibrary.org/obo/mondo#doid_rare	DOID:0080128	mitochondrial DNA depletion syndrome 9	mitochondrial DNA depletion syndrome 9
MONDO:0009509	http://purl.obolibrary.org/obo/mondo#doid_rare	DOID:2538	Landau-Kleffner syndrome	Landau-Kleffner syndrome
MONDO:0009511	http://purl.obolibrary.org/obo/mondo#doid_rare	DOID:0080575	Larsen-like syndrome, B3GAT3 type	Larsen-like syndrome B3GAT3 type
MONDO:0009514	http://purl.obolibrary.org/obo/mondo#doid_rare	DOID:1930	Laurence-Moon syndrome	Laurence-Moon syndrome
MONDO:0009517	http://purl.obolibrary.org/obo/mondo#doid_rare	DOID:0050470	Donohue syndrome	Donohue syndrome
MONDO:0009520	http://purl.obolibrary.org/obo/mondo#doid_rare	DOID:0070541	3-hydroxy-3-methylglutaric aciduria	3-hydroxy-3-methylglutaryl-CoA lyase deficiency
MONDO:0009525	http://purl.obolibrary.org/obo/mondo#doid_rare	DOID:0090025	split hand-foot malformation 3	split hand-foot malformation 3
MONDO:0009527	http://purl.obolibrary.org/obo/mondo#doid_rare	DOID:0111422	lipase deficiency, combined	familial lipase maturation factor 1 deficiency
MONDO:0009528	http://purl.obolibrary.org/obo/mondo#doid_rare	DOID:0060357	chylomicron retention disease	chylomicron retention disease
MONDO:0009530	http://purl.obolibrary.org/obo/mondo#doid_rare	DOID:14498	lipoid proteinosis	lipoid proteinosis
MONDO:0009532	http://purl.obolibrary.org/obo/mondo#doid_rare	DOID:0060469	Miller-Dieker lissencephaly syndrome	Miller-Dieker lissencephaly syndrome
MONDO:0009548	http://purl.obolibrary.org/obo/mondo#doid_rare	DOID:0060881	renal hypomagnesemia 5 with ocular involvement	renal hypomagnesemia 5 with ocular involvement
MONDO:0009550	http://purl.obolibrary.org/obo/mondo#doid_rare	DOID:0060880	renal hypomagnesemia 3	renal hypomagnesemia 3
MONDO:0009552	http://purl.obolibrary.org/obo/mondo#doid_rare	DOID:0060862	mal de Meleda	mal de Meleda
MONDO:0009557	http://purl.obolibrary.org/obo/mondo#doid_rare	DOID:0081128	mandibuloacral dysplasia with type A lipodystrophy	mandibuloacral dysplasia type A lipodystrophy
MONDO:0009561	http://purl.obolibrary.org/obo/mondo#doid_rare	DOID:3413	alpha-mannosidosis	alpha-mannosidosis
MONDO:0009563	http://purl.obolibrary.org/obo/mondo#doid_rare	DOID:9269	maple syrup urine disease	maple syrup urine disease
MONDO:0009567	http://purl.obolibrary.org/obo/mondo#doid_rare	DOID:0080195	Marinesco-Sjogren syndrome	Marinesco-Sjogren syndrome
MONDO:0009568	http://purl.obolibrary.org/obo/mondo#doid_rare	DOID:0060245	mast syndrome	Mast syndrome
MONDO:0009575	http://purl.obolibrary.org/obo/mondo#doid_rare	DOID:0090117	thiamine-responsive megaloblastic anemia syndrome	thiamine-responsive megaloblastic anemia syndrome
MONDO:0009576	http://purl.obolibrary.org/obo/mondo#doid_rare	DOID:0060305	megalocornea	megalocornea
MONDO:0009579	http://purl.obolibrary.org/obo/mondo#doid_rare	DOID:0111789	Frank-Ter Haar syndrome	Frank-Ter Haar syndrome
MONDO:0009582	http://purl.obolibrary.org/obo/mondo#doid_rare	DOID:0061196	Mietens syndrome	Mietens syndrome
MONDO:0009593	http://purl.obolibrary.org/obo/mondo#doid_rare	DOID:0112298	spondylometaphyseal dysplasia, Sedaghatian type	spondylometaphyseal dysplasia Sedaghatian type
MONDO:0009603	http://purl.obolibrary.org/obo/mondo#doid_rare	DOID:0060949	3-hydroxyisobutyryl-CoA hydrolase deficiency	3-hydroxyisobutryl-CoA hydrolase deficiency
MONDO:0009609	http://purl.obolibrary.org/obo/mondo#doid_rare	DOID:0112256	methylcobalamin deficiency type cblG	homocystinuria-megaloblastic anemia cblG type
MONDO:0009610	http://purl.obolibrary.org/obo/mondo#doid_rare	DOID:0110002	3-methylglutaconic aciduria type 1	3-methylglutaconic aciduria type 1
MONDO:0009611	http://purl.obolibrary.org/obo/mondo#doid_rare	DOID:0110006	3-methylglutaconic aciduria type 4	3-methylglutaconic aciduria type 4
MONDO:0009612	http://purl.obolibrary.org/obo/mondo#doid_rare	DOID:0060740	methylmalonic aciduria due to methylmalonyl-CoA mutase deficiency	methylmalonic aciduria due to methylmalonyl-CoA mutase deficiency
MONDO:0009613	http://purl.obolibrary.org/obo/mondo#doid_rare	DOID:0060742	methylmalonic aciduria, cblA type	methylmalonic acidemia cblA type
MONDO:0009614	http://purl.obolibrary.org/obo/mondo#doid_rare	DOID:0060743	methylmalonic aciduria, cblB type	methylmalonic acidemia cblB type
MONDO:0009619	http://purl.obolibrary.org/obo/mondo#doid_rare	DOID:0081432	microcephaly-micromelia syndrome	microcephaly-micromelia syndrome
MONDO:0009623	http://purl.obolibrary.org/obo/mondo#doid_rare	DOID:7400	Nijmegen breakage syndrome	Nijmegen breakage syndrome
MONDO:0009626	http://purl.obolibrary.org/obo/mondo#doid_rare	DOID:0050656	pseudo-TORCH syndrome	pseudo-TORCH syndrome 1
MONDO:0009627	http://purl.obolibrary.org/obo/mondo#doid_rare	DOID:0080694	Galloway-Mowat syndrome	Galloway-Mowat syndrome
MONDO:0009631	http://purl.obolibrary.org/obo/mondo#doid_rare	DOID:0060840	isolated microphthalmia 1	isolated microphthalmia 1
MONDO:0009635	http://purl.obolibrary.org/obo/mondo#doid_rare	DOID:0060775	microvillus inclusion disease	microvillus inclusion disease
MONDO:0009636	http://purl.obolibrary.org/obo/mondo#doid_rare	DOID:0080121	mitochondrial DNA depletion syndrome 3 (hepatocerebral type)	mitochondrial DNA depletion syndrome 3
MONDO:0009642	http://purl.obolibrary.org/obo/mondo#doid_rare	DOID:0060959	orofaciodigital syndrome type II	orofaciodigital syndrome II
MONDO:0009643	http://purl.obolibrary.org/obo/mondo#doid_rare	DOID:0111164	sulfite oxidase deficiency due to molybdenum cofactor deficiency type A	molybdenum cofactor deficiency type A
MONDO:0009644	http://purl.obolibrary.org/obo/mondo#doid_rare	DOID:0111163	sulfite oxidase deficiency due to molybdenum cofactor deficiency type B1	molybdenum cofactor deficiency type B
MONDO:0009650	http://purl.obolibrary.org/obo/mondo#doid_rare	DOID:0080070	mucolipidosis type II	mucolipidosis II alpha/beta
MONDO:0009652	http://purl.obolibrary.org/obo/mondo#doid_rare	DOID:0080678	GNPTG-mucolipidosis	mucolipidosis III gamma
MONDO:0009653	http://purl.obolibrary.org/obo/mondo#doid_rare	DOID:0080490	mucolipidosis type IV	mucolipidosis type IV
MONDO:0009655	http://purl.obolibrary.org/obo/mondo#doid_rare	DOID:0111395	mucopolysaccharidosis type 3A	mucopolysaccharidosis type IIIA
MONDO:0009656	http://purl.obolibrary.org/obo/mondo#doid_rare	DOID:0111394	mucopolysaccharidosis type 3B	mucopolysaccharidosis type IIIB
MONDO:0009657	http://purl.obolibrary.org/obo/mondo#doid_rare	DOID:0111393	mucopolysaccharidosis type 3C	mucopolysaccharidosis type IIIC
MONDO:0009658	http://purl.obolibrary.org/obo/mondo#doid_rare	DOID:0111402	mucopolysaccharidosis type 3D	mucopolysaccharidosis type IIID
MONDO:0009659	http://purl.obolibrary.org/obo/mondo#doid_rare	DOID:0111391	mucopolysaccharidosis type 4A	mucopolysaccharidosis IVA
MONDO:0009660	http://purl.obolibrary.org/obo/mondo#doid_rare	DOID:0111392	mucopolysaccharidosis type 4B	mucopolysaccharidosis type IVB
MONDO:0009661	http://purl.obolibrary.org/obo/mondo#doid_rare	DOID:12800	mucopolysaccharidosis type 6	mucopolysaccharidosis VI
MONDO:0009664	http://purl.obolibrary.org/obo/mondo#doid_rare	DOID:0050436	mulibrey nanism	mulibrey nanism
MONDO:0009665	http://purl.obolibrary.org/obo/mondo#doid_rare	DOID:856	biotinidase deficiency	biotinidase deficiency
MONDO:0009666	http://purl.obolibrary.org/obo/mondo#doid_rare	DOID:859	holocarboxylase synthetase deficiency	holocarboxylase synthetase deficiency
MONDO:0009669	http://purl.obolibrary.org/obo/mondo#doid_rare	DOID:13137	spinal muscular atrophy, type 1	Werdnig-Hoffmann disease
MONDO:0009670	http://purl.obolibrary.org/obo/mondo#doid_rare	DOID:0060559	lethal congenital contracture syndrome 1	lethal congenital contracture syndrome 1
MONDO:0009675	http://purl.obolibrary.org/obo/mondo#doid_rare	DOID:0110275	autosomal recessive limb-girdle muscular dystrophy type 2A	autosomal recessive limb-girdle muscular dystrophy type 2A
MONDO:0009676	http://purl.obolibrary.org/obo/mondo#doid_rare	DOID:0110276	autosomal recessive limb-girdle muscular dystrophy type 2B	autosomal recessive limb-girdle muscular dystrophy type 2B
MONDO:0009677	http://purl.obolibrary.org/obo/mondo#doid_rare	DOID:0110277	autosomal recessive limb-girdle muscular dystrophy type 2C	autosomal recessive limb-girdle muscular dystrophy type 2C
MONDO:0009678	http://purl.obolibrary.org/obo/mondo#doid_rare	DOID:0050559	muscular dystrophy-dystroglycanopathy (congenital with brain and eye anomalies), type A, 4	Fukuyama congenital muscular dystrophy
MONDO:0009683	http://purl.obolibrary.org/obo/mondo#doid_rare	DOID:0110282	autosomal recessive limb-girdle muscular dystrophy type 2H	autosomal recessive limb-girdle muscular dystrophy type 2H
MONDO:0009685	http://purl.obolibrary.org/obo/mondo#doid_rare	DOID:0070198	Miyoshi myopathy	Miyoshi muscular dystrophy
MONDO:0009688	http://purl.obolibrary.org/obo/mondo#doid_rare	DOID:437	myasthenia gravis	myasthenia gravis
MONDO:0009691	http://purl.obolibrary.org/obo/mondo#doid_rare	DOID:8691	mycosis fungoides	mycosis fungoides
MONDO:0009692	http://purl.obolibrary.org/obo/mondo#doid_rare	DOID:4971	primary myelofibrosis	myelofibrosis
MONDO:0009693	http://purl.obolibrary.org/obo/mondo#doid_rare	DOID:9538	plasma cell myeloma	multiple myeloma
MONDO:0009696	http://purl.obolibrary.org/obo/mondo#doid_rare	DOID:4890	juvenile myoclonic epilepsy	juvenile myoclonic epilepsy
MONDO:0009697	http://purl.obolibrary.org/obo/mondo#doid_rare	DOID:3534	Lafora disease	Lafora disease
MONDO:0009698	http://purl.obolibrary.org/obo/mondo#doid_rare	DOID:3535	Unverricht-Lundborg syndrome	Unverricht-Lundborg syndrome
MONDO:0009699	http://purl.obolibrary.org/obo/mondo#doid_rare	DOID:0111444	action myoclonus-renal failure syndrome	progressive myoclonus epilepsy 4
MONDO:0009705	http://purl.obolibrary.org/obo/mondo#doid_rare	DOID:0090129	carnitine palmitoyl transferase 1A deficiency	carnitine palmitoyltransferase I deficiency
MONDO:0009710	http://purl.obolibrary.org/obo/mondo#doid_rare	DOID:2106	Thomsen and Becker disease	myotonia congenita
MONDO:0009720	http://purl.obolibrary.org/obo/mondo#doid_rare	DOID:0111842	Keipert syndrome	Keipert syndrome
MONDO:0009722	http://purl.obolibrary.org/obo/mondo#doid_rare	DOID:0060346	Bailey-Bloch congenital myopathy	congenital myopathy 13
MONDO:0009723	http://purl.obolibrary.org/obo/mondo#doid_rare	DOID:3652	Leigh syndrome	Leigh disease
MONDO:0009726	http://purl.obolibrary.org/obo/mondo#doid_rare	DOID:0050553	proteosome-associated autoinflammatory syndrome	proteasome-associated autoinflammatory syndrome 1
MONDO:0009726	http://purl.obolibrary.org/obo/mondo#doid_rare	DOID:0060913	proteosome-associated autoinflammatory syndrome	proteosome-associated autoinflammatory syndrome
MONDO:0009732	http://purl.obolibrary.org/obo/mondo#doid_rare	DOID:0080390	congenital nephrotic syndrome, Finnish type	nephrotic syndrome type 1
MONDO:0009735	http://purl.obolibrary.org/obo/mondo#doid_rare	DOID:0050474	Netherton syndrome	Netherton syndrome
MONDO:0009737	http://purl.obolibrary.org/obo/mondo#doid_rare	DOID:0080540	galactosialidosis	galactosialidosis
MONDO:0009738	http://purl.obolibrary.org/obo/mondo#doid_rare	DOID:3343	sialidosis type 2	glycoproteinosis
MONDO:0009744	http://purl.obolibrary.org/obo/mondo#doid_rare	DOID:0110721	neuronal ceroid lipofuscinosis 1	neuronal ceroid lipofuscinosis 1
MONDO:0009745	http://purl.obolibrary.org/obo/mondo#doid_rare	DOID:0110728	neuronal ceroid lipofuscinosis 5	neuronal ceroid lipofuscinosis 5
MONDO:0009746	http://purl.obolibrary.org/obo/mondo#doid_rare	DOID:0070146	hereditary sensory and autonomic neuropathy type 4	congenital insensitivity to pain with anhidrosis
MONDO:0009747	http://purl.obolibrary.org/obo/mondo#doid_rare	DOID:0080125	mitochondrial DNA depletion syndrome 6 (hepatocerebral type)	mitochondrial DNA depletion syndrome 6
MONDO:0009748	http://purl.obolibrary.org/obo/mondo#doid_rare	DOID:0061188	hereditary sensory and autonomic neuropathy with spastic paraplegia	autosomal recessive sensory neuropathy with spastic paraplegia
MONDO:0009749	http://purl.obolibrary.org/obo/mondo#doid_rare	DOID:0090068	giant axonal neuropathy 1	giant axonal neuropathy 1
MONDO:0009756	http://purl.obolibrary.org/obo/mondo#doid_rare	DOID:0070111	Niemann-Pick disease type A	Niemann-Pick disease type A
MONDO:0009757	http://purl.obolibrary.org/obo/mondo#doid_rare	DOID:0070113	Niemann-Pick disease, type C1	Niemann-Pick disease type C1
MONDO:0009760	http://purl.obolibrary.org/obo/mondo#doid_rare	DOID:0060902	Norman-Roberts syndrome	Norman-Roberts syndrome
MONDO:0009761	http://purl.obolibrary.org/obo/mondo#doid_rare	DOID:3081	cystic hygroma	cystic lymphangioma
MONDO:0009764	http://purl.obolibrary.org/obo/mondo#doid_rare	DOID:0080849	ocular motor apraxia, Cogan type	ocular motor apraxia, Cogan type
MONDO:0009774	http://purl.obolibrary.org/obo/mondo#doid_rare	DOID:0080175	cloacal exstrophy	cloacal exstrophy
MONDO:0009779	http://purl.obolibrary.org/obo/mondo#doid_rare	DOID:0080844	autosomal recessive omodysplasia	omodysplasia 1
MONDO:0009787	http://purl.obolibrary.org/obo/mondo#doid_rare	DOID:0110004	3-methylglutaconic aciduria type 3	3-methylglutaconic aciduria type 3
MONDO:0009793	http://purl.obolibrary.org/obo/mondo#doid_rare	DOID:0060373	orofaciodigital syndrome III	orofaciodigital syndrome III
MONDO:0009794	http://purl.obolibrary.org/obo/mondo#doid_rare	DOID:0060374	orofaciodigital syndrome IV	orofaciodigital syndrome IV
MONDO:0009795	http://purl.obolibrary.org/obo/mondo#doid_rare	DOID:0060382	orofaciodigital syndrome IX	orofaciodigital syndrome IX
MONDO:0009796	http://purl.obolibrary.org/obo/mondo#doid_rare	DOID:1415	ornithine aminotransferase deficiency	gyrate atrophy
MONDO:0009804	http://purl.obolibrary.org/obo/mondo#doid_rare	DOID:0110339	osteogenesis imperfecta type 3	osteogenesis imperfecta type 3
MONDO:0009805	http://purl.obolibrary.org/obo/mondo#doid_rare	DOID:0110349	osteogenesis imperfecta type 9	osteogenesis imperfecta type 9
MONDO:0009807	http://purl.obolibrary.org/obo/mondo#doid_rare	DOID:3347	osteosarcoma	osteosarcoma
MONDO:0009813	http://purl.obolibrary.org/obo/mondo#doid_rare	DOID:0060645	chronic recurrent multifocal osteomyelitis	chronic recurrent multifocal osteomyelitis
MONDO:0009815	http://purl.obolibrary.org/obo/mondo#doid_rare	DOID:0110942	autosomal recessive osteopetrosis 1	autosomal recessive osteopetrosis 1
MONDO:0009816	http://purl.obolibrary.org/obo/mondo#doid_rare	DOID:0110943	autosomal recessive osteopetrosis 2	autosomal recessive osteopetrosis 2
MONDO:0009817	http://purl.obolibrary.org/obo/mondo#doid_rare	DOID:0110939	autosomal recessive osteopetrosis 5	autosomal recessive osteopetrosis 5
MONDO:0009818	http://purl.obolibrary.org/obo/mondo#doid_rare	DOID:0110941	autosomal recessive osteopetrosis 3	autosomal recessive osteopetrosis 3
MONDO:0009820	http://purl.obolibrary.org/obo/mondo#doid_rare	DOID:0060849	osteoporosis-pseudoglioma syndrome	osteoporosis-pseudoglioma syndrome
MONDO:0009823	http://purl.obolibrary.org/obo/mondo#doid_rare	DOID:0111670	primary hyperoxaluria type 1	primary hyperoxaluria type 1
MONDO:0009824	http://purl.obolibrary.org/obo/mondo#doid_rare	DOID:0111671	primary hyperoxaluria type 2	primary hyperoxaluria type 2
MONDO:0009830	http://purl.obolibrary.org/obo/mondo#doid_rare	DOID:0060372	parkinsonian-pyramidal syndrome	Parkinson's disease 15
MONDO:0009831	http://purl.obolibrary.org/obo/mondo#doid_rare	DOID:1793	malignant pancreatic neoplasm	pancreatic cancer
MONDO:0009832	http://purl.obolibrary.org/obo/mondo#doid_rare	DOID:0050877	pancreatic agenesis	pancreatic agenesis
MONDO:0009833	http://purl.obolibrary.org/obo/mondo#doid_rare	DOID:0060479	Shwachman-Diamond syndrome	Shwachman-Diamond syndrome
MONDO:0009835	http://purl.obolibrary.org/obo/mondo#doid_rare	DOID:8970	subacute sclerosing panencephalitis	subacute sclerosing panencephalitis
MONDO:0009837	http://purl.obolibrary.org/obo/mondo#doid_rare	DOID:2626	choroid plexus papilloma	choroid plexus papilloma
MONDO:0009841	http://purl.obolibrary.org/obo/mondo#doid_rare	DOID:0080539	PEHO syndrome	PEHO syndrome
MONDO:0009843	http://purl.obolibrary.org/obo/mondo#doid_rare	DOID:0060790	leukodystrophy, hypomyelinating, 3	hypomyelinating leukodystrophy 3
MONDO:0009846	http://purl.obolibrary.org/obo/mondo#doid_rare	DOID:0111258	pentosuria	pentosuria
MONDO:0009849	http://purl.obolibrary.org/obo/mondo#doid_rare	DOID:0081450	hyperimmunoglobulinemia D with periodic fever	hyperimmunoglobulinemia D periodic fever syndrome
MONDO:0009855	http://purl.obolibrary.org/obo/mondo#doid_rare	DOID:0090031	d-bifunctional protein deficiency	D-bifunctional protein deficiency
MONDO:0009856	http://purl.obolibrary.org/obo/mondo#doid_rare	DOID:0080201	Peters plus syndrome	Peters plus syndrome
MONDO:0009857	http://purl.obolibrary.org/obo/mondo#doid_rare	DOID:0050791	persistent Mullerian duct syndrome	persistent Mullerian duct syndrome
MONDO:0009861	http://purl.obolibrary.org/obo/mondo#doid_rare	DOID:9281	phenylketonuria	phenylketonuria
MONDO:0009863	http://purl.obolibrary.org/obo/mondo#doid_rare	DOID:0090106	BH4-deficient hyperphenylalaninemia A	BH4-deficient hyperphenylalaninemia A
MONDO:0009867	http://purl.obolibrary.org/obo/mondo#doid_rare	DOID:0090101	lethal congenital glycogen storage disease of heart	lethal congenital glycogen storage disease of heart
MONDO:0009868	http://purl.obolibrary.org/obo/mondo#doid_rare	DOID:0111041	glycogen storage disease IXb	glycogen storage disease IXb
MONDO:0009872	http://purl.obolibrary.org/obo/mondo#doid_rare	DOID:0050677	Bjornstad syndrome	Bjornstad syndrome
MONDO:0009875	http://purl.obolibrary.org/obo/mondo#doid_rare	DOID:0110008	achromatopsia 3	achromatopsia 3
MONDO:0009876	http://purl.obolibrary.org/obo/mondo#doid_rare	DOID:0060873	isolated growth hormone deficiency type IA	isolated growth hormone deficiency type IA
MONDO:0009877	http://purl.obolibrary.org/obo/mondo#doid_rare	DOID:9521	Laron syndrome	Laron syndrome
MONDO:0009880	http://purl.obolibrary.org/obo/mondo#doid_rare	DOID:0061017	short stature-pituitary and cerebellar defects-small sella turcica syndrome	combined pituitary hormone deficiency 4
MONDO:0009883	http://purl.obolibrary.org/obo/mondo#doid_rare	DOID:0060601	alpha-2-plasmin inhibitor deficiency	alpha-2-plasmin inhibitor deficiency
MONDO:0009885	http://purl.obolibrary.org/obo/mondo#doid_rare	DOID:0111052	Scott syndrome	Scott syndrome
MONDO:0009889	http://purl.obolibrary.org/obo/mondo#doid_rare	DOID:0110861	autosomal recessive polycystic kidney disease	autosomal recessive polycystic kidney disease
MONDO:0009891	http://purl.obolibrary.org/obo/mondo#doid_rare	DOID:8997	acquired polycythemia vera	polycythemia vera
MONDO:0009892	http://purl.obolibrary.org/obo/mondo#doid_rare	DOID:0060474	Chuvash polycythemia	familial erythrocytosis 2
MONDO:0009902	http://purl.obolibrary.org/obo/mondo#doid_rare	DOID:13271	cutaneous porphyria	cutaneous porphyria
MONDO:0009903	http://purl.obolibrary.org/obo/mondo#doid_rare	DOID:0111259	postaxial acrofacial dysostosis	postaxial acrofacial dysostosis
MONDO:0009904	http://purl.obolibrary.org/obo/mondo#doid_rare	DOID:0050450	Gitelman syndrome	Gitelman syndrome
MONDO:0009908	http://purl.obolibrary.org/obo/mondo#doid_rare	DOID:0081131	pterin-4 alpha-carbinolamine dehydratase 1 deficiency	BH4-deficient hyperphenylalaninemia D
MONDO:0009910	http://purl.obolibrary.org/obo/mondo#doid_rare	DOID:0081333	Wiedemann-Rautenstrauch syndrome	Wiedemann-Rautenstrauch syndrome
MONDO:0009916	http://purl.obolibrary.org/obo/mondo#doid_rare	DOID:0112248	46,XY disorder of sex development due to 17-beta-hydroxysteroid dehydrogenase 3 deficiency	17-beta hydroxysteroid dehydrogenase 3 deficiency
MONDO:0009919	http://purl.obolibrary.org/obo/mondo#doid_rare	DOID:0050797	peroxisomal acyl-CoA oxidase deficiency	peroxisomal acyl-CoA oxidase deficiency
MONDO:0009925	http://purl.obolibrary.org/obo/mondo#doid_rare	DOID:2738	autosomal recessive inherited pseudoxanthoma elasticum	pseudoxanthoma elasticum
MONDO:0009928	http://purl.obolibrary.org/obo/mondo#doid_rare	DOID:12117	pulmonary alveolar microlithiasis	pulmonary alveolar microlithiasis
MONDO:0009937	http://purl.obolibrary.org/obo/mondo#doid_rare	DOID:5453	pulmonary venoocclusive disease	pulmonary venoocclusive disease
MONDO:0009940	http://purl.obolibrary.org/obo/mondo#doid_rare	DOID:0080038	pycnodysostosis	pycnodysostosis
MONDO:0009945	http://purl.obolibrary.org/obo/mondo#doid_rare	DOID:0080768	pyridoxine-dependent epilepsy	pyridoxine-dependent epilepsy
MONDO:0009947	http://purl.obolibrary.org/obo/mondo#doid_rare	DOID:0081034	glutathione synthetase deficiency with 5-oxoprolinuria	glutathione synthetase deficiency with 5-oxoprolinuria
MONDO:0009948	http://purl.obolibrary.org/obo/mondo#doid_rare	DOID:0061026	pyropoikilocytosis, hereditary	hereditary pyropoikilocytosis
MONDO:0009950	http://purl.obolibrary.org/obo/mondo#doid_rare	DOID:0111077	pyruvate kinase deficiency of red cells	congenital nonspherocytic hemolytic anemia 2
MONDO:0009953	http://purl.obolibrary.org/obo/mondo#doid_rare	DOID:0070255	leukocyte adhesion deficiency type II	congenital disorder of glycosylation type IIc
MONDO:0009953	http://purl.obolibrary.org/obo/mondo#doid_rare	DOID:0080492	leukocyte adhesion deficiency type II	leukocyte adhesion deficiency 2
MONDO:0009954	http://purl.obolibrary.org/obo/mondo#doid_rare	DOID:0070650	Ramon syndrome	Ramon syndrome
MONDO:0009955	http://purl.obolibrary.org/obo/mondo#doid_rare	DOID:0050774	rapadilino syndrome	rapadilino syndrome
MONDO:0009958	http://purl.obolibrary.org/obo/mondo#doid_rare	DOID:10582	adult Refsum disease	Refsum disease
MONDO:0009965	http://purl.obolibrary.org/obo/mondo#doid_rare	DOID:0060476	Perlman syndrome	Perlman syndrome
MONDO:0009966	http://purl.obolibrary.org/obo/mondo#doid_rare	DOID:0070121	NPHP3-related Meckel-like syndrome	Meckel syndrome 7
MONDO:0009973	http://purl.obolibrary.org/obo/mondo#doid_rare	DOID:0060020	reticular dysgenesis	reticular dysgenesis
MONDO:0009990	http://purl.obolibrary.org/obo/mondo#doid_rare	DOID:0070026	Revesz syndrome	Revesz syndrome
MONDO:0009993	http://purl.obolibrary.org/obo/mondo#doid_rare	DOID:3246	embryonal rhabdomyosarcoma	embryonal rhabdomyosarcoma
MONDO:0009994	http://purl.obolibrary.org/obo/mondo#doid_rare	DOID:4051	alveolar rhabdomyosarcoma	alveolar rhabdomyosarcoma
MONDO:0009999	http://purl.obolibrary.org/obo/mondo#doid_rare	DOID:0060764	autosomal recessive Robinow syndrome	autosomal recessive Robinow syndrome
MONDO:0010002	http://purl.obolibrary.org/obo/mondo#doid_rare	DOID:2732	Rothmund-Thomson syndrome	Rothmund-Thomson syndrome
MONDO:0010004	http://purl.obolibrary.org/obo/mondo#doid_rare	DOID:0060782	EEC syndrome	EEC syndrome
MONDO:0010006	http://purl.obolibrary.org/obo/mondo#doid_rare	DOID:3323	Sandhoff disease	Sandhoff disease
MONDO:0010008	http://purl.obolibrary.org/obo/mondo#doid_rare	DOID:0112307	sarcosinemia	sarcosinemia
MONDO:0010010	http://purl.obolibrary.org/obo/mondo#doid_rare	DOID:0070509	Schinzel-Giedion syndrome	Schinzel Giedion syndrome
MONDO:0010012	http://purl.obolibrary.org/obo/mondo#doid_rare	DOID:0050168	autoimmune polyendocrinopathy type 2	autoimmune polyendocrine syndrome type 2
MONDO:0010013	http://purl.obolibrary.org/obo/mondo#doid_rare	DOID:0050775	schneckenbecken dysplasia	schneckenbecken dysplasia
MONDO:0010016	http://purl.obolibrary.org/obo/mondo#doid_rare	DOID:0060756	sclerosteosis 1	sclerosteosis 1
MONDO:0010020	http://purl.obolibrary.org/obo/mondo#doid_rare	DOID:0111136	congenital generalized lipodystrophy type 2	congenital generalized lipodystrophy type 2
MONDO:0010023	http://purl.obolibrary.org/obo/mondo#doid_rare	DOID:0111943	combined immunodeficiency due to ZAP70 deficiency	immunodeficiency 48
MONDO:0010026	http://purl.obolibrary.org/obo/mondo#doid_rare	DOID:0111454	SHORT syndrome	SHORT syndrome
MONDO:0010029	http://purl.obolibrary.org/obo/mondo#doid_rare	DOID:758	situs inversus	visceral heterotaxy 5
MONDO:0010030	http://purl.obolibrary.org/obo/mondo#doid_rare	DOID:12894	Sjogren syndrome	Sjogren's syndrome
MONDO:0010031	http://purl.obolibrary.org/obo/mondo#doid_rare	DOID:14501	Sjogren-Larsson syndrome	Sjogren-Larsson syndrome
MONDO:0010035	http://purl.obolibrary.org/obo/mondo#doid_rare	DOID:14692	Smith-Lemli-Opitz syndrome	Smith-Lemli-Opitz syndrome
MONDO:0010036	http://purl.obolibrary.org/obo/mondo#doid_rare	DOID:0060781	congenital secretory sodium diarrhea 3	congenital secretory sodium diarrhea 3
MONDO:0010041	http://purl.obolibrary.org/obo/mondo#doid_rare	DOID:0050946	Charlevoix-Saguenay spastic ataxia	Charlevoix-Saguenay spastic ataxia
MONDO:0010043	http://purl.obolibrary.org/obo/mondo#doid_rare	DOID:0110770	hereditary spastic paraplegia 17	hereditary spastic paraplegia 17
MONDO:0010044	http://purl.obolibrary.org/obo/mondo#doid_rare	DOID:0110768	hereditary spastic paraplegia 15	hereditary spastic paraplegia 15
MONDO:0010046	http://purl.obolibrary.org/obo/mondo#doid_rare	DOID:0110774	hereditary spastic paraplegia 23	hereditary spastic paraplegia 23
MONDO:0010047	http://purl.obolibrary.org/obo/mondo#doid_rare	DOID:0110810	hereditary spastic paraplegia 5A	hereditary spastic paraplegia 5A
MONDO:0010056	http://purl.obolibrary.org/obo/mondo#doid_rare	DOID:0050529	spinal muscular atrophy, type IV	adult spinal muscular atrophy
MONDO:0010060	http://purl.obolibrary.org/obo/mondo#doid_rare	DOID:0080126	mitochondrial DNA depletion syndrome 7 (hepatocerebral type)	mitochondrial DNA depletion syndrome 7
MONDO:0010068	http://purl.obolibrary.org/obo/mondo#doid_rare	DOID:5684	spondyloepimetaphyseal dysplasia, sponastrime type	spondyloepimetaphyseal dysplasia, Sponastrime type
MONDO:0010073	http://purl.obolibrary.org/obo/mondo#doid_rare	DOID:0112292	spondyloepiphyseal dysplasia tarda, Kohn type	spondyloepiphyseal dysplasia tarda with impaired intellectual development
MONDO:0010077	http://purl.obolibrary.org/obo/mondo#doid_rare	DOID:0112196	spondyloepimetaphyseal dysplasia-short limb-abnormal calcification syndrome	spondylometaepiphyseal dysplasia, short limb-hand type
MONDO:0010078	http://purl.obolibrary.org/obo/mondo#doid_rare	DOID:0112195	spondyloperipheral dysplasia	spondyloperipheral dysplasia
MONDO:0010079	http://purl.obolibrary.org/obo/mondo#doid_rare	DOID:3613	Canavan disease	Canavan disease
MONDO:0010086	http://purl.obolibrary.org/obo/mondo#doid_rare	DOID:9007	obsolete sudden infant death syndrome	sudden infant death syndrome
MONDO:0010087	http://purl.obolibrary.org/obo/mondo#doid_rare	DOID:0110979	Sugarman brachydactyly	Sugarman brachydactyly
MONDO:0010089	http://purl.obolibrary.org/obo/mondo#doid_rare	DOID:0111270	isolated sulfite oxidase deficiency	isolated sulfite oxidase deficiency
MONDO:0010092	http://purl.obolibrary.org/obo/mondo#doid_rare	DOID:0112194	Filippi syndrome	Filippi syndrome
MONDO:0010094	http://purl.obolibrary.org/obo/mondo#doid_rare	DOID:0090116	spondylocarpotarsal synostosis syndrome	spondylocarpotarsal synostosis syndrome
MONDO:0010100	http://purl.obolibrary.org/obo/mondo#doid_rare	DOID:3320	Tay-Sachs disease	Tay-Sachs disease
MONDO:0010108	http://purl.obolibrary.org/obo/mondo#doid_rare	DOID:5557	testicular germ cell tumor	testicular germ cell cancer
MONDO:0010110	http://purl.obolibrary.org/obo/mondo#doid_rare	DOID:0112191	tetraamelia-multiple malformations syndrome	tetraamelia syndrome
MONDO:0010121	http://purl.obolibrary.org/obo/mondo#doid_rare	DOID:14699	thrombocytopenia-absent radius syndrome	thrombocytopenia-absent radius syndrome
MONDO:0010130	http://purl.obolibrary.org/obo/mondo#doid_rare	DOID:14218	dihydropyrimidine dehydrogenase deficiency	dihydropyrimidine dehydrogenase deficiency
MONDO:0010132	http://purl.obolibrary.org/obo/mondo#doid_rare	DOID:0112183	familial thyroid dyshormonogenesis	familial thyroid dyshormonogenesis
MONDO:0010134	http://purl.obolibrary.org/obo/mondo#doid_rare	DOID:0060744	Pendred syndrome	Pendred Syndrome
MONDO:0010150	http://purl.obolibrary.org/obo/mondo#doid_rare	DOID:5520	head and neck squamous cell carcinoma	head and neck squamous cell carcinoma
MONDO:0010152	http://purl.obolibrary.org/obo/mondo#doid_rare	DOID:0111271	trichomegaly-retina pigmentary degeneration-dwarfism syndrome	Oliver-McFarlane syndrome
MONDO:0010156	http://purl.obolibrary.org/obo/mondo#doid_rare	DOID:0050886	Troyer syndrome	Troyer syndrome
MONDO:0010164	http://purl.obolibrary.org/obo/mondo#doid_rare	DOID:0112181	phocomelia, Schinzel type	Schinzel type phocomelia
MONDO:0010167	http://purl.obolibrary.org/obo/mondo#doid_rare	DOID:0112180	urocanic aciduria	urocanase deficiency
MONDO:0010168	http://purl.obolibrary.org/obo/mondo#doid_rare	DOID:0110826	Usher syndrome type 1	Usher syndrome type 1
MONDO:0010169	http://purl.obolibrary.org/obo/mondo#doid_rare	DOID:0110838	Usher syndrome type 2A	Usher syndrome type 2A
MONDO:0010173	http://purl.obolibrary.org/obo/mondo#doid_rare	DOID:0112178	Mayer-Rokitansky-Kuster-Hauser syndrome type 1	Mayer-Rokitansky-Kuster-Hauser syndrome type 1
MONDO:0010176	http://purl.obolibrary.org/obo/mondo#doid_rare	DOID:0060376	orofaciodigital syndrome type 6	Joubert syndrome with orofaciodigital defect
MONDO:0010186	http://purl.obolibrary.org/obo/mondo#doid_rare	DOID:0080884	vitamin D-dependent rickets, type 2A	vitamin D-dependent rickets type 2A
MONDO:0010188	http://purl.obolibrary.org/obo/mondo#doid_rare	DOID:0090028	familial isolated deficiency of vitamin E	familial isolated deficiency of vitamin E
MONDO:0010190	http://purl.obolibrary.org/obo/mondo#doid_rare	DOID:0060267	pontocerebellar hypoplasia type 2A	pontocerebellar hypoplasia type 2A
MONDO:0010191	http://purl.obolibrary.org/obo/mondo#doid_rare	DOID:0111054	von Willebrand disease 3	von Willebrand's disease 3
MONDO:0010193	http://purl.obolibrary.org/obo/mondo#doid_rare	DOID:14731	Weaver syndrome	Weaver syndrome
MONDO:0010196	http://purl.obolibrary.org/obo/mondo#doid_rare	DOID:5688	Werner syndrome	Werner syndrome
MONDO:0010197	http://purl.obolibrary.org/obo/mondo#doid_rare	DOID:0111606	whistling face syndrome, recessive form	autosomal recessive Whistling face syndrome
MONDO:0010200	http://purl.obolibrary.org/obo/mondo#doid_rare	DOID:893	Wilson disease	Wilson disease
MONDO:0010201	http://purl.obolibrary.org/obo/mondo#doid_rare	DOID:0080696	Winchester syndrome	Winchester syndrome
MONDO:0010208	http://purl.obolibrary.org/obo/mondo#doid_rare	DOID:0112171	wrinkly skin syndrome	wrinkly skin syndrome
MONDO:0010209	http://purl.obolibrary.org/obo/mondo#doid_rare	DOID:0070452	xanthinuria type I	xanthinuria type I
MONDO:0010214	http://purl.obolibrary.org/obo/mondo#doid_rare	DOID:0110847	xeroderma pigmentosum variant type	xeroderma pigmentosum variant type
MONDO:0010217	http://purl.obolibrary.org/obo/mondo#doid_rare	DOID:0112158	de Sanctis-Cacchione syndrome	De Sanctis-Cacchione syndrome
MONDO:0010220	http://purl.obolibrary.org/obo/mondo#doid_rare	DOID:0061226	Young syndrome	primary ciliary dyskinesia 55
MONDO:0010221	http://purl.obolibrary.org/obo/mondo#doid_rare	DOID:0112152	CHIME syndrome	CHIME syndrome
MONDO:0010224	http://purl.obolibrary.org/obo/mondo#doid_rare	DOID:0112151	corpus callosum agenesis-abnormal genitalia syndrome	corpus callosum agenesis-abnormal genitalia syndrome
MONDO:0010225	http://purl.obolibrary.org/obo/mondo#doid_rare	DOID:0081453	Dent disease type 1	Dent disease 1
MONDO:0010226	http://purl.obolibrary.org/obo/mondo#doid_rare	DOID:0111777	46,XY sex reversal 2	46,XY sex reversal 2
MONDO:0010232	http://purl.obolibrary.org/obo/mondo#doid_rare	DOID:0080681	intestinal pseudoobstruction, neuronal, chronic idiopathic, X-linked	X-linked chronic idiopathic intestinal pseudo-obstruction
MONDO:0010235	http://purl.obolibrary.org/obo/mondo#doid_rare	DOID:0060827	X-linked intellectual disability-psychosis-macroorchidism syndrome	X-linked intellectual disability-psychosis-macroorchidism syndrome
MONDO:0010236	http://purl.obolibrary.org/obo/mondo#doid_rare	DOID:0112027	intellectual disability, X-linked 14	non-syndromic X-linked intellectual disability 14
MONDO:0010242	http://purl.obolibrary.org/obo/mondo#doid_rare	DOID:0081043	fetal akinesia syndrome, X-linked	fetal akinesia deformation sequence syndrome X-linked
MONDO:0010246	http://purl.obolibrary.org/obo/mondo#doid_rare	DOID:0060848	developmental and epileptic encephalopathy, 9	developmental and epileptic encephalopathy 9
MONDO:0010248	http://purl.obolibrary.org/obo/mondo#doid_rare	DOID:0112150	X-linked spondyloepimetaphyseal dysplasia	X-linked spondyloepimetaphyseal dysplasia
MONDO:0010258	http://purl.obolibrary.org/obo/mondo#doid_rare	DOID:0060801	MEHMO syndrome	MEHMO syndrome
MONDO:0010261	http://purl.obolibrary.org/obo/mondo#doid_rare	DOID:0111809	microphthalmia, syndromic 2	syndromic microphthalmia 2
MONDO:0010263	http://purl.obolibrary.org/obo/mondo#doid_rare	DOID:0111860	Alport syndrome-intellectual disability-midface hypoplasia-elliptocytosis syndrome	AMME complex
MONDO:0010264	http://purl.obolibrary.org/obo/mondo#doid_rare	DOID:0080156	X-linked adrenal hypoplasia congenita	X-linked adrenal hypoplasia congenita
MONDO:0010265	http://purl.obolibrary.org/obo/mondo#doid_rare	DOID:0080342	Simpson-Golabi-Behmel syndrome type 2	Simpson-Golabi-Behmel syndrome type 2
MONDO:0010268	http://purl.obolibrary.org/obo/mondo#doid_rare	DOID:0112238	X-linked lissencephaly with abnormal genitalia	X-linked lissencephaly 2
MONDO:0010269	http://purl.obolibrary.org/obo/mondo#doid_rare	DOID:7765	Coats disease	Coats disease
MONDO:0010270	http://purl.obolibrary.org/obo/mondo#doid_rare	DOID:0060808	syndromic X-linked intellectual disability 7	syndromic X-linked intellectual disability 7
MONDO:0010277	http://purl.obolibrary.org/obo/mondo#doid_rare	DOID:0060826	syndromic X-linked intellectual disability Shashi type	syndromic X-linked intellectual disability Shashi type
MONDO:0010278	http://purl.obolibrary.org/obo/mondo#doid_rare	DOID:0060825	Christianson syndrome	Christianson syndrome
MONDO:0010279	http://purl.obolibrary.org/obo/mondo#doid_rare	DOID:0112149	terminal osseous dysplasia-pigmentary defects syndrome	terminal osseous dysplasia
MONDO:0010281	http://purl.obolibrary.org/obo/mondo#doid_rare	DOID:0050437	Danon disease	Danon disease
MONDO:0010283	http://purl.obolibrary.org/obo/mondo#doid_rare	DOID:0060799	syndromic X-linked intellectual disability Lubs type	syndromic X-linked intellectual disability Lubs type
MONDO:0010284	http://purl.obolibrary.org/obo/mondo#doid_rare	DOID:0050764	Armfield syndrome	Armfield syndrome
MONDO:0010285	http://purl.obolibrary.org/obo/mondo#doid_rare	DOID:0060818	syndromic X-linked intellectual disability Abidi type	syndromic X-linked intellectual disability Abidi type
MONDO:0010286	http://purl.obolibrary.org/obo/mondo#doid_rare	DOID:0060812	syndromic X-linked intellectual disability Siderius type	syndromic X-linked intellectual disability Siderius type
MONDO:0010287	http://purl.obolibrary.org/obo/mondo#doid_rare	DOID:0110769	hereditary spastic paraplegia 16	hereditary spastic paraplegia 16
MONDO:0010293	http://purl.obolibrary.org/obo/mondo#doid_rare	DOID:0081077	ectodermal dysplasia and immune deficiency	ectodermal dysplasia and immune deficiency
MONDO:0010294	http://purl.obolibrary.org/obo/mondo#doid_rare	DOID:0112128	X-linked severe congenital neutropenia	X-linked severe congenital neutropenia
MONDO:0010299	http://purl.obolibrary.org/obo/mondo#doid_rare	DOID:0112127	hypoxanthine guanine phosphoribosyltransferase partial deficiency	HRPT-related hyperuricemia
MONDO:0010306	http://purl.obolibrary.org/obo/mondo#doid_rare	DOID:0060822	X-linked intellectual disability, Cabezas type	syndromic X-linked intellectual disability Cabezas type
MONDO:0010310	http://purl.obolibrary.org/obo/mondo#doid_rare	DOID:0060886	osteopathia striata with cranial sclerosis	osteopathia striata with cranial sclerosis
MONDO:0010311	http://purl.obolibrary.org/obo/mondo#doid_rare	DOID:9883	Becker muscular dystrophy	Becker muscular dystrophy
MONDO:0010313	http://purl.obolibrary.org/obo/mondo#doid_rare	DOID:0112050	intellectual disability, X-linked 63	non-syndromic X-linked intellectual disability 63
MONDO:0010315	http://purl.obolibrary.org/obo/mondo#doid_rare	DOID:0060013	T-B+ severe combined immunodeficiency due to gamma chain deficiency	X-linked severe combined immunodeficiency
MONDO:0010317	http://purl.obolibrary.org/obo/mondo#doid_rare	DOID:0112021	intellectual disability, X-linked, with or without seizures, ARX-related	non-syndromic X-linked intellectual disability ARX-related
MONDO:0010319	http://purl.obolibrary.org/obo/mondo#doid_rare	DOID:0060806	syndromic X-linked intellectual disability Hedera type	syndromic X-linked intellectual disability Hedera type
MONDO:0010325	http://purl.obolibrary.org/obo/mondo#doid_rare	DOID:0112126	X-linked intellectual disability, Stocco dos Santos type	Stocco Dos Santos type X-linked intellectual disability
MONDO:0010327	http://purl.obolibrary.org/obo/mondo#doid_rare	DOID:0060810	HSD10 mitochondrial disease	syndromic X-linked intellectual disability type 10
MONDO:0010328	http://purl.obolibrary.org/obo/mondo#doid_rare	DOID:0112125	alpha-thalassemia-myelodysplastic syndrome	alpha-thalassemia myelodysplasia syndrome
MONDO:0010330	http://purl.obolibrary.org/obo/mondo#doid_rare	DOID:0112124	obsolete primary ciliary dyskinesia-retinitis pigmentosa syndrome	X-linked retinitis pigmentosa and sinorespiratory infections
MONDO:0010333	http://purl.obolibrary.org/obo/mondo#doid_rare	DOID:0060816	corpus callosum agenesis-intellectual disability-coloboma-micrognathia syndrome	corpus callosum agenesis-intellectual disability-coloboma-micrognathia syndrome
MONDO:0010334	http://purl.obolibrary.org/obo/mondo#doid_rare	DOID:0112123	severe motor and intellectual disabilities-sensorineural deafness-dystonia syndrome	deafness, dystonia, and cerebral hypomyelination
MONDO:0010336	http://purl.obolibrary.org/obo/mondo#doid_rare	DOID:0060378	orofaciodigital syndrome VIII	orofaciodigital syndrome VIII
MONDO:0010338	http://purl.obolibrary.org/obo/mondo#doid_rare	DOID:0111196	X-linked distal spinal muscular atrophy type 3	X-linked distal spinal muscular atrophy 3
MONDO:0010339	http://purl.obolibrary.org/obo/mondo#doid_rare	DOID:0112122	epilepsy, X-linked 1, with variable learning disabilities and behavior disorders	X-linked epilepsy with variable learning disabilities and behavior disorders
MONDO:0010353	http://purl.obolibrary.org/obo/mondo#doid_rare	DOID:0060830	deafness-intellectual disability, Martin-Probst type syndrome	deafness-intellectual disability, Martin-Probst type syndrome
MONDO:0010354	http://purl.obolibrary.org/obo/mondo#doid_rare	DOID:0050631	Allan-Herndon-Dudley syndrome	Allan-Herndon-Dudley syndrome
MONDO:0010355	http://purl.obolibrary.org/obo/mondo#doid_rare	DOID:0060809	syndromic X-linked intellectual disability Claes-Jensen type	syndromic X-linked intellectual disability Claes-Jensen type
MONDO:0010356	http://purl.obolibrary.org/obo/mondo#doid_rare	DOID:0112121	nephrogenic syndrome of inappropriate antidiuresis	nephrogenic syndrome of inappropriate antidiuresis
MONDO:0010362	http://purl.obolibrary.org/obo/mondo#doid_rare	DOID:0111040	glycogen storage disease IXd	glycogen storage disease IXd
MONDO:0010367	http://purl.obolibrary.org/obo/mondo#doid_rare	DOID:0112120	SHOX-related short stature	SHOX-related short stature
MONDO:0010371	http://purl.obolibrary.org/obo/mondo#doid_rare	DOID:0050630	Aland island eye disease	Aland Island eye disease
MONDO:0010378	http://purl.obolibrary.org/obo/mondo#doid_rare	DOID:0111741	X-linked hereditary sensory and autonomic neuropathy with hearing loss	X-linked deafness 5
MONDO:0010379	http://purl.obolibrary.org/obo/mondo#doid_rare	DOID:0060693	Brunner syndrome	Brunner Syndrome
MONDO:0010383	http://purl.obolibrary.org/obo/mondo#doid_rare	DOID:14261	fragile X syndrome	fragile X syndrome
MONDO:0010385	http://purl.obolibrary.org/obo/mondo#doid_rare	DOID:0060706	X-linked lymphoproliferative disease due to XIAP deficiency	X-linked lymphoproliferative syndrome 2
MONDO:0010392	http://purl.obolibrary.org/obo/mondo#doid_rare	DOID:0111933	glycogen storage disease due to phosphoglycerate kinase 1 deficiency	phosphoglycerate kinase 1 deficiency
MONDO:0010395	http://purl.obolibrary.org/obo/mondo#doid_rare	DOID:0111260	phosphoribosylpyrophosphate synthetase superactivity	phosphoribosylpyrophosphate synthetase superactivity
MONDO:0010397	http://purl.obolibrary.org/obo/mondo#doid_rare	DOID:0111932	severe neonatal-onset encephalopathy with microcephaly	severe congenital encephalopathy due to MECP2 mutation
MONDO:0010398	http://purl.obolibrary.org/obo/mondo#doid_rare	DOID:0060821	syndromic X-linked intellectual disability 14	syndromic X-linked intellectual disability 14
MONDO:0010399	http://purl.obolibrary.org/obo/mondo#doid_rare	DOID:0060427	chromosome Xp21 deletion syndrome	chromosome Xp21 deletion syndrome
MONDO:0010402	http://purl.obolibrary.org/obo/mondo#doid_rare	DOID:0060823	syndromic X-linked intellectual disability 94	syndromic X-linked intellectual disability 94
MONDO:0010404	http://purl.obolibrary.org/obo/mondo#doid_rare	DOID:0111833	X-linked non progressive cerebellar ataxia	X-linked spinocerebellar ataxia 5
MONDO:0010407	http://purl.obolibrary.org/obo/mondo#doid_rare	DOID:0060811	intellectual disability, X-linked syndromic, Turner type	syndromic X-linked intellectual disability Turner type
MONDO:0010408	http://purl.obolibrary.org/obo/mondo#doid_rare	DOID:0111931	syndactyly-telecanthus-anogenital and renal malformations syndrome	syndactyly-telecanthus-anogenital and renal malformations syndrome
MONDO:0010409	http://purl.obolibrary.org/obo/mondo#doid_rare	DOID:0060813	syndromic X-linked intellectual disability Shrimpton type	syndromic X-linked intellectual disability Shrimpton type
MONDO:0010417	http://purl.obolibrary.org/obo/mondo#doid_rare	DOID:0060807	syndromic X-linked intellectual disability Najm type	syndromic X-linked intellectual disability Najm type
MONDO:0010418	http://purl.obolibrary.org/obo/mondo#doid_rare	DOID:0110785	hereditary spastic paraplegia 34	hereditary spastic paraplegia 34
MONDO:0010421	http://purl.obolibrary.org/obo/mondo#doid_rare	DOID:14179	Bruton-type agammaglobulinemia	X-linked agammaglobulinemia
MONDO:0010425	http://purl.obolibrary.org/obo/mondo#doid_rare	DOID:0060450	Lisch epithelial corneal dystrophy	Lisch epithelial corneal dystrophy
MONDO:0010426	http://purl.obolibrary.org/obo/mondo#doid_rare	DOID:0060446	X-linked endothelial corneal dystrophy	X-linked endothelial corneal dystrophy
MONDO:0010427	http://purl.obolibrary.org/obo/mondo#doid_rare	DOID:0060824	syndromic X-linked intellectual disability Raymond type	syndromic X-linked intellectual disability Raymond type
MONDO:0010428	http://purl.obolibrary.org/obo/mondo#doid_rare	DOID:0060461	chromosome Xp11.23-p11.22 duplication syndrome	chromosome Xp11.23-p11.22 duplication syndrome
MONDO:0010434	http://purl.obolibrary.org/obo/mondo#doid_rare	DOID:5485	synovial sarcoma	synovial sarcoma
MONDO:0010437	http://purl.obolibrary.org/obo/mondo#doid_rare	DOID:0111502	severe X-linked mitochondrial encephalomyopathy	combined oxidative phosphorylation deficiency 6
MONDO:0010441	http://purl.obolibrary.org/obo/mondo#doid_rare	DOID:0111898	CK syndrome	CK syndrome
MONDO:0010444	http://purl.obolibrary.org/obo/mondo#doid_rare	DOID:0112156	X-linked dyserythropoetic anemia with abnormal platelets and neutropenia	X-linked dyserythropoietic anemia
MONDO:0010457	http://purl.obolibrary.org/obo/mondo#doid_rare	DOID:0050781	Ogden syndrome	Ogden syndrome
MONDO:0010460	http://purl.obolibrary.org/obo/mondo#doid_rare	DOID:0060803	syndromic X-linked intellectual disability 17	syndromic X-linked intellectual disability 17
MONDO:0010461	http://purl.obolibrary.org/obo/mondo#doid_rare	DOID:0060820	syndromic X-linked intellectual disability Nascimento type	syndromic X-linked intellectual disability Nascimento type
MONDO:0010463	http://purl.obolibrary.org/obo/mondo#doid_rare	DOID:0112106	X-linked dominant chondrodysplasia, Chassaing-Lacombe type	chondrodysplasia with platyspondyly, distinctive brachydactyly, hydrocephaly, and microphthalmia
MONDO:0010466	http://purl.obolibrary.org/obo/mondo#doid_rare	DOID:0080139	multiple congenital anomalies-hypotonia-seizures syndrome 2	multiple congenital anomalies-hypotonia-seizures syndrome 2
MONDO:0010472	http://purl.obolibrary.org/obo/mondo#doid_rare	DOID:0080470	developmental and epileptic encephalopathy, 36	developmental and epileptic encephalopathy 36
MONDO:0010473	http://purl.obolibrary.org/obo/mondo#doid_rare	DOID:0060828	X-linked intellectual disability-cardiomegaly-congestive heart failure syndrome	X-linked intellectual disability-cardiomegaly-congestive heart failure syndrome
MONDO:0010475	http://purl.obolibrary.org/obo/mondo#doid_rare	DOID:0111140	X-linked central congenital hypothyroidism with late-onset testicular enlargement	IGSF1 deficiency syndrome
MONDO:0010476	http://purl.obolibrary.org/obo/mondo#doid_rare	DOID:0110739	neurodegeneration with brain iron accumulation 5	neurodegeneration with brain iron accumulation 5
MONDO:0010478	http://purl.obolibrary.org/obo/mondo#doid_rare	DOID:0070265	SLC35A2-congenital disorder of glycosylation	congenital disorder of glycosylation type IIm
MONDO:0010479	http://purl.obolibrary.org/obo/mondo#doid_rare	DOID:0110207	Charcot-Marie-Tooth disease X-linked dominant 6	Charcot-Marie-Tooth disease X-linked dominant 6
MONDO:0010482	http://purl.obolibrary.org/obo/mondo#doid_rare	DOID:0112105	X-linked parkinsonism-spasticity syndrome	X-linked parkinsonism-spasticity syndrome
MONDO:0010485	http://purl.obolibrary.org/obo/mondo#doid_rare	DOID:0111811	X-linked colobomatous microphthalmia-microcephaly-intellectual disability-short stature syndrome	syndromic microphthalmia 13
MONDO:0010490	http://purl.obolibrary.org/obo/mondo#doid_rare	DOID:0080574	SSR4-congenital disorder of glycosylation	congenital disorder of glycosylation Iy
MONDO:0010496	http://purl.obolibrary.org/obo/mondo#doid_rare	DOID:0112056	X-linked intellectual disability-short stature-overweight syndrome	X-linked intellectual disability-short stature-overweight syndrome
MONDO:0010498	http://purl.obolibrary.org/obo/mondo#doid_rare	DOID:0111865	MEND syndrome	MEND syndrome
MONDO:0010499	http://purl.obolibrary.org/obo/mondo#doid_rare	DOID:0060572	Ritscher-Schinzel syndrome 2	Ritscher-Schinzel syndrome 2
MONDO:0010501	http://purl.obolibrary.org/obo/mondo#doid_rare	DOID:0060817	syndromic X-linked intellectual disability 34	syndromic X-linked intellectual disability 34
MONDO:0010502	http://purl.obolibrary.org/obo/mondo#doid_rare	DOID:0112025	intellectual disability, X-linked 99, syndromic, female-restricted	female-restricted syndromic X-linked intellectual disability 99
MONDO:0010504	http://purl.obolibrary.org/obo/mondo#doid_rare	DOID:0112002	immunodeficiency 47	immunodeficiency 47
MONDO:0010512	http://purl.obolibrary.org/obo/mondo#doid_rare	DOID:0070538	intellectual disability, X-linked, syndromic, Bain type	syndromic X-linked intellectual developmental disorder bain type
MONDO:0010514	http://purl.obolibrary.org/obo/mondo#doid_rare	DOID:0112001	combined immunodeficiency due to moesin deficiency	immunodeficiency 50
MONDO:0010519	http://purl.obolibrary.org/obo/mondo#doid_rare	DOID:0110030	alpha thalassemia-X-linked intellectual disability syndrome	alpha thalassemia-X-linked intellectual disability syndrome
MONDO:0010520	http://purl.obolibrary.org/obo/mondo#doid_rare	DOID:0110034	X-linked Alport syndrome	X-linked Alport syndrome
MONDO:0010523	http://purl.obolibrary.org/obo/mondo#doid_rare	DOID:0111834	X-linked reticulate pigmentary disorder	X-linked reticulate pigmentary disorder
MONDO:0010526	http://purl.obolibrary.org/obo/mondo#doid_rare	DOID:14499	Fabry disease	Fabry disease
MONDO:0010529	http://purl.obolibrary.org/obo/mondo#doid_rare	DOID:0111831	X-linked spinocerebellar ataxia type 3	X-linked spinocerebellar ataxia 3
MONDO:0010532	http://purl.obolibrary.org/obo/mondo#doid_rare	DOID:0111827	infantile-onset X-linked spinal muscular atrophy	X-linked spinal muscular atrophy 2
MONDO:0010533	http://purl.obolibrary.org/obo/mondo#doid_rare	DOID:0050647	Arts syndrome	Arts syndrome
MONDO:0010534	http://purl.obolibrary.org/obo/mondo#doid_rare	DOID:0111832	X-linked spinocerebellar ataxia type 4	X-linked spinocerebellar ataxia 4
MONDO:0010537	http://purl.obolibrary.org/obo/mondo#doid_rare	DOID:0050681	Borjeson-Forssman-Lehmann syndrome	Borjeson-Forssman-Lehmann syndrome
MONDO:0010538	http://purl.obolibrary.org/obo/mondo#doid_rare	DOID:0110973	Mononen-Karnes-Senac syndrome	Mononen-Karnes-Senac syndrome
MONDO:0010543	http://purl.obolibrary.org/obo/mondo#doid_rare	DOID:0050476	Barth syndrome	Barth syndrome
MONDO:0010545	http://purl.obolibrary.org/obo/mondo#doid_rare	DOID:0060599	Nance-Horan syndrome	Nance-Horan syndrome
MONDO:0010547	http://purl.obolibrary.org/obo/mondo#doid_rare	DOID:0111829	X-linked progressive cerebellar ataxia	X-linked spinocerebellar ataxia 1
MONDO:0010548	http://purl.obolibrary.org/obo/mondo#doid_rare	DOID:0111830	spinocerebellar ataxia, X-linked 2	X-linked spinocerebellar ataxia 2
MONDO:0010549	http://purl.obolibrary.org/obo/mondo#doid_rare	DOID:0110209	Charcot-Marie-Tooth disease X-linked dominant 1	Charcot-Marie-Tooth disease X-linked dominant 1
MONDO:0010550	http://purl.obolibrary.org/obo/mondo#doid_rare	DOID:0110208	Charcot-Marie-Tooth disease X-linked recessive 2	Charcot-Marie-Tooth disease X-linked recessive 2
MONDO:0010551	http://purl.obolibrary.org/obo/mondo#doid_rare	DOID:0110211	Charcot-Marie-Tooth disease X-linked recessive 3	Charcot-Marie-Tooth disease X-linked recessive 3
MONDO:0010554	http://purl.obolibrary.org/obo/mondo#doid_rare	DOID:0111826	Abruzzo-Erickson syndrome	Abruzzo-Erickson syndrome
MONDO:0010556	http://purl.obolibrary.org/obo/mondo#doid_rare	DOID:0060292	X-linked chondrodysplasia punctata	X-linked chondrodysplasia punctata 1
MONDO:0010557	http://purl.obolibrary.org/obo/mondo#doid_rare	DOID:9821	choroideremia	choroideremia
MONDO:0010559	http://purl.obolibrary.org/obo/mondo#doid_rare	DOID:0060246	MASA syndrome	MASA syndrome
MONDO:0010560	http://purl.obolibrary.org/obo/mondo#doid_rare	DOID:0060613	cleft palate with or without ankyloglossia, X-linked	X-linked cleft palate with or without ankyloglossia
MONDO:0010561	http://purl.obolibrary.org/obo/mondo#doid_rare	DOID:3783	Coffin-Lowry syndrome	Coffin-Lowry syndrome
MONDO:0010563	http://purl.obolibrary.org/obo/mondo#doid_rare	DOID:0050679	blue cone monochromacy	blue cone monochromacy
MONDO:0010564	http://purl.obolibrary.org/obo/mondo#doid_rare	DOID:13909	red-green color blindness	red-green color blindness
MONDO:0010568	http://purl.obolibrary.org/obo/mondo#doid_rare	DOID:8461	Aicardi syndrome	Aicardi syndrome
MONDO:0010570	http://purl.obolibrary.org/obo/mondo#doid_rare	DOID:14737	craniofrontonasal syndrome	craniofrontonasal syndrome
MONDO:0010571	http://purl.obolibrary.org/obo/mondo#doid_rare	DOID:0111784	otopalatodigital syndrome type 2	otopalatodigital syndrome type 2
MONDO:0010572	http://purl.obolibrary.org/obo/mondo#doid_rare	DOID:0111272	occipital horn syndrome	occipital horn syndrome
MONDO:0010574	http://purl.obolibrary.org/obo/mondo#doid_rare	DOID:0060800	syndromic X-linked intellectual disability 5	syndromic X-linked intellectual disability 5
MONDO:0010576	http://purl.obolibrary.org/obo/mondo#doid_rare	DOID:0111737	X-linked mixed hearing loss with perilymphatic gusher	X-linked deafness 2
MONDO:0010578	http://purl.obolibrary.org/obo/mondo#doid_rare	DOID:0050757	deafness dystonia syndrome	deafness-dystonia-optic neuronopathy syndrome
MONDO:0010580	http://purl.obolibrary.org/obo/mondo#doid_rare	DOID:0090110	immune dysregulation-polyendocrinopathy-enteropathy-X-linked syndrome	immune dysregulation-polyendocrinopathy-enteropathy-X-linked syndrome
MONDO:0010582	http://purl.obolibrary.org/obo/mondo#doid_rare	DOID:0081059	obsolete diabetes insipidus, neurohypophyseal type, X-linked inheritance	X-linked central diabetes insipidus
MONDO:0010585	http://purl.obolibrary.org/obo/mondo#doid_rare	DOID:0111664	X-linked hypohidrotic ectodermal dysplasia	ectodermal dysplasia 1
MONDO:0010589	http://purl.obolibrary.org/obo/mondo#doid_rare	DOID:6683	Aarskog-Scott syndrome, X-linked	X-linked Aarskog syndrome
MONDO:0010592	http://purl.obolibrary.org/obo/mondo#doid_rare	DOID:2120	focal dermal hypoplasia	focal dermal hypoplasia
MONDO:0010602	http://purl.obolibrary.org/obo/mondo#doid_rare	DOID:12134	hemophilia A	factor VIII deficiency
MONDO:0010604	http://purl.obolibrary.org/obo/mondo#doid_rare	DOID:12259	hemophilia B	hemophilia B
MONDO:0010613	http://purl.obolibrary.org/obo/mondo#doid_rare	DOID:0060363	inborn glycerol kinase deficiency	glycerol kinase deficiency
MONDO:0010615	http://purl.obolibrary.org/obo/mondo#doid_rare	DOID:0060875	isolated growth hormone deficiency type III	isolated growth hormone deficiency type III
MONDO:0010619	http://purl.obolibrary.org/obo/mondo#doid_rare	DOID:0050445	X-linked dominant hypophosphatemic rickets	X-linked hypophosphatemic rickets
MONDO:0010621	http://purl.obolibrary.org/obo/mondo#doid_rare	DOID:0111822	CHILD syndrome	CHILD syndrome
MONDO:0010622	http://purl.obolibrary.org/obo/mondo#doid_rare	DOID:1700	recessive X-linked ichthyosis	X-linked ichthyosis
MONDO:0010626	http://purl.obolibrary.org/obo/mondo#doid_rare	DOID:6620	hyper-IgM syndrome type 1	X-linked hyper IgM syndrome
MONDO:0010627	http://purl.obolibrary.org/obo/mondo#doid_rare	DOID:0060705	X-linked lymphoproliferative syndrome	X-linked lymphoproliferative syndrome 1
MONDO:0010637	http://purl.obolibrary.org/obo/mondo#doid_rare	DOID:0080754	keratosis follicularis spinulosa decalvans, X-linked	X-linked keratosis follicularis spinulosa decalvans
MONDO:0010645	http://purl.obolibrary.org/obo/mondo#doid_rare	DOID:1056	oculocerebrorenal syndrome	oculocerebrorenal syndrome
MONDO:0010650	http://purl.obolibrary.org/obo/mondo#doid_rare	DOID:0111788	Melnick-Needles syndrome	Melnick-Needles syndrome
MONDO:0010651	http://purl.obolibrary.org/obo/mondo#doid_rare	DOID:1838	Menkes disease	Menkes disease
MONDO:0010653	http://purl.obolibrary.org/obo/mondo#doid_rare	DOID:0060179	Renpenning syndrome	Renpenning syndrome
MONDO:0010654	http://purl.obolibrary.org/obo/mondo#doid_rare	DOID:14744	Partington syndrome	Partington syndrome
MONDO:0010655	http://purl.obolibrary.org/obo/mondo#doid_rare	DOID:0080985	X-linked intellectual disability with marfanoid habitus	syndromic X-linked intellectual disorder Lujan-Fryns-type
MONDO:0010656	http://purl.obolibrary.org/obo/mondo#doid_rare	DOID:0112038	intellectual disability, X-linked 1	non-syndromic X-linked intellectual disability 1
MONDO:0010657	http://purl.obolibrary.org/obo/mondo#doid_rare	DOID:0111814	methylmalonic acidemia with homocystinuria, type cblX	methylmalonic acidemia and homocysteinemia cblX type
MONDO:0010658	http://purl.obolibrary.org/obo/mondo#doid_rare	DOID:0060804	syndromic X-linked intellectual disability 12	syndromic X-linked intellectual disability 12
MONDO:0010659	http://purl.obolibrary.org/obo/mondo#doid_rare	DOID:0080984	FRAXE intellectual disability	X-linked intellectual developmental disorder 109
MONDO:0010661	http://purl.obolibrary.org/obo/mondo#doid_rare	DOID:0081123	severe X-linked intellectual disability, Gustavson type	X-linked mental retardation Gustavson type
MONDO:0010663	http://purl.obolibrary.org/obo/mondo#doid_rare	DOID:0080982	intellectual disability-hypotonic facies syndrome, X-linked, 1	X-linked intellectual disability-hypotonic facies syndrome-1
MONDO:0010664	http://purl.obolibrary.org/obo/mondo#doid_rare	DOID:0060802	syndromic X-linked intellectual disability Snyder type	syndromic X-linked intellectual disability Snyder type
MONDO:0010665	http://purl.obolibrary.org/obo/mondo#doid_rare	DOID:0060814	Wilson-Turner syndrome	Wilson-Turner syndrome
MONDO:0010667	http://purl.obolibrary.org/obo/mondo#doid_rare	DOID:0060805	Prieto syndrome	Prieto syndrome
MONDO:0010669	http://purl.obolibrary.org/obo/mondo#doid_rare	DOID:0111813	syndactyly type 8	syndactyly type 8
MONDO:0010671	http://purl.obolibrary.org/obo/mondo#doid_rare	DOID:0111799	microphthalmia, syndromic 1	syndromic microphthalmia 1
MONDO:0010674	http://purl.obolibrary.org/obo/mondo#doid_rare	DOID:12799	mucopolysaccharidosis type 2	mucopolysaccharidosis II
MONDO:0010679	http://purl.obolibrary.org/obo/mondo#doid_rare	DOID:11723	Duchenne muscular dystrophy	Duchenne muscular dystrophy
MONDO:0010683	http://purl.obolibrary.org/obo/mondo#doid_rare	DOID:0111225	X-linked myotubular myopathy	centronuclear myopathy X-linked
MONDO:0010684	http://purl.obolibrary.org/obo/mondo#doid_rare	DOID:0050760	X-linked myopathy with excessive autophagy	X-linked myopathy with excessive autophagy
MONDO:0010686	http://purl.obolibrary.org/obo/mondo#doid_rare	DOID:0050769	N syndrome	N syndrome
MONDO:0010689	http://purl.obolibrary.org/obo/mondo#doid_rare	DOID:0110212	Charcot-Marie-Tooth disease X-linked recessive 4	Charcot-Marie-Tooth disease X-linked recessive 4
MONDO:0010691	http://purl.obolibrary.org/obo/mondo#doid_rare	DOID:0060844	Norrie disease	Norrie disease
MONDO:0010693	http://purl.obolibrary.org/obo/mondo#doid_rare	DOID:0111790	nystagmus 1, congenital, X-linked	congenital nystagmus 1
MONDO:0010699	http://purl.obolibrary.org/obo/mondo#doid_rare	DOID:0110210	Charcot-Marie-Tooth disease X-linked recessive 5	Charcot-Marie-Tooth disease X-linked recessive 5
MONDO:0010702	http://purl.obolibrary.org/obo/mondo#doid_rare	DOID:0060316	orofaciodigital syndrome I	orofaciodigital syndrome I
MONDO:0010703	http://purl.obolibrary.org/obo/mondo#doid_rare	DOID:9271	ornithine carbamoyltransferase deficiency	ornithine carbamoyltransferase deficiency
MONDO:0010704	http://purl.obolibrary.org/obo/mondo#doid_rare	DOID:0111783	otopalatodigital syndrome type 1	otopalatodigital syndrome type 1
MONDO:0010706	http://purl.obolibrary.org/obo/mondo#doid_rare	DOID:0080857	premature ovarian failure 1	primary ovarian insufficiency 1
MONDO:0010711	http://purl.obolibrary.org/obo/mondo#doid_rare	DOID:0111780	TARP syndrome	TARP syndrome
MONDO:0010712	http://purl.obolibrary.org/obo/mondo#doid_rare	DOID:0111779	panhypopituitarism, X-linked	X-linked panhypopituitarism
MONDO:0010713	http://purl.obolibrary.org/obo/mondo#doid_rare	DOID:0111768	properdin deficiency, X-linked	X-linked properdin deficiency
MONDO:0010714	http://purl.obolibrary.org/obo/mondo#doid_rare	DOID:3210	Pelizaeus-Merzbacher spectrum disorder	Pelizaeus-Merzbacher disease
MONDO:0010720	http://purl.obolibrary.org/obo/mondo#doid_rare	DOID:0080776	partial androgen insensitivity syndrome	partial androgen insensitivity syndrome
MONDO:0010725	http://purl.obolibrary.org/obo/mondo#doid_rare	DOID:0060763	X-linked retinoschisis	X-linked juvenile retinoschisis 1
MONDO:0010726	http://purl.obolibrary.org/obo/mondo#doid_rare	DOID:1206	Rett syndrome	Rett syndrome
MONDO:0010732	http://purl.obolibrary.org/obo/mondo#doid_rare	DOID:0081100	spastic paraparesis-deafness syndrome	spastic paraplegia with deafness
MONDO:0010733	http://purl.obolibrary.org/obo/mondo#doid_rare	DOID:0110773	hereditary spastic paraplegia 2	hereditary spastic paraplegia 2
MONDO:0010735	http://purl.obolibrary.org/obo/mondo#doid_rare	DOID:0060161	Kennedy disease	Kennedy's disease
MONDO:0010736	http://purl.obolibrary.org/obo/mondo#doid_rare	DOID:0090027	split hand-foot malformation 2	split hand-foot malformation 2
MONDO:0010745	http://purl.obolibrary.org/obo/mondo#doid_rare	DOID:0111767	beta-thalassemia-X-linked thrombocytopenia syndrome	X-linked thrombocytopenia with beta-thalassemia
MONDO:0010747	http://purl.obolibrary.org/obo/mondo#doid_rare	DOID:0090057	X-linked dystonia-parkinsonism	X-linked dystonia-parkinsonism
MONDO:0010752	http://purl.obolibrary.org/obo/mondo#doid_rare	DOID:0111766	VACTERL association, X-linked, with or without hydrocephalus	X-linked VACTERL association
MONDO:0010753	http://purl.obolibrary.org/obo/mondo#doid_rare	DOID:0111765	cardiac valvular dysplasia, X-linked	X-linked cardiac valvular dysplasia
MONDO:0010758	http://purl.obolibrary.org/obo/mondo#doid_rare	DOID:0060815	Wieacker-Wolff syndrome	Wieacker-Wolff syndrome
MONDO:0010771	http://purl.obolibrary.org/obo/mondo#doid_rare	DOID:0080198	histiocytoid cardiomyopathy	infantile histiocytoid cardiomyopathy
MONDO:0010775	http://purl.obolibrary.org/obo/mondo#doid_rare	DOID:0110829	retinitis pigmentosa-deafness syndrome	retinitis pigmentosa-deafness syndrome
MONDO:0010787	http://purl.obolibrary.org/obo/mondo#doid_rare	DOID:12934	Kearns-Sayre syndrome	Kearns-Sayre syndrome
MONDO:0010788	http://purl.obolibrary.org/obo/mondo#doid_rare	DOID:705	Leber hereditary optic neuropathy	Leber hereditary optic neuropathy
MONDO:0010794	http://purl.obolibrary.org/obo/mondo#doid_rare	DOID:0111273	NARP syndrome	NARP syndrome
MONDO:0010797	http://purl.obolibrary.org/obo/mondo#doid_rare	DOID:0060067	Pearson syndrome	Pearson syndrome
MONDO:0010803	http://purl.obolibrary.org/obo/mondo#doid_rare	DOID:0111732	Eiken syndrome	Eiken syndrome
MONDO:0010805	http://purl.obolibrary.org/obo/mondo#doid_rare	DOID:0080174	bladder exstrophy	bladder exstrophy
MONDO:0010808	http://purl.obolibrary.org/obo/mondo#doid_rare	DOID:0050433	fatal familial insomnia	fatal familial insomnia
MONDO:0010810	http://purl.obolibrary.org/obo/mondo#doid_rare	DOID:0080887	vitamin D hydroxylation-deficient rickets, type 1B	vitamin D-dependent rickets type 1B
MONDO:0010814	http://purl.obolibrary.org/obo/mondo#doid_rare	DOID:0060644	chondrodysplasia-pseudohermaphroditism syndrome	chondrodysplasia-pseudohermaphroditism syndrome
MONDO:0010816	http://purl.obolibrary.org/obo/mondo#doid_rare	DOID:0050740	Qazi Markouizos syndrome	Qazi Markouizos syndrome
MONDO:0010820	http://purl.obolibrary.org/obo/mondo#doid_rare	DOID:0060368	autosomal recessive juvenile Parkinson disease 2	Parkinson's disease 2
MONDO:0010823	http://purl.obolibrary.org/obo/mondo#doid_rare	DOID:0110853	rhizomelic chondrodysplasia punctata type 3	rhizomelic chondrodysplasia punctata type 3
MONDO:0010830	http://purl.obolibrary.org/obo/mondo#doid_rare	DOID:0110723	neuronal ceroid lipofuscinosis 8	neuronal ceroid lipofuscinosis 8
MONDO:0010832	http://purl.obolibrary.org/obo/mondo#doid_rare	DOID:0110125	Bardet-Biedl syndrome 3	Bardet-Biedl syndrome 3
MONDO:0010837	http://purl.obolibrary.org/obo/mondo#doid_rare	DOID:11202	primary hyperparathyroidism	primary hyperparathyroidism
MONDO:0010841	http://purl.obolibrary.org/obo/mondo#doid_rare	DOID:0110947	Waardenburg syndrome type 2B	Waardenburg syndrome type 2B
MONDO:0010842	http://purl.obolibrary.org/obo/mondo#doid_rare	DOID:0050792	multiple cutaneous and mucosal venous malformations	multiple cutaneous and mucosal venous malformations
MONDO:0010847	http://purl.obolibrary.org/obo/mondo#doid_rare	DOID:0050957	spinocerebellar ataxia type 4	spinocerebellar ataxia 4
MONDO:0010848	http://purl.obolibrary.org/obo/mondo#doid_rare	DOID:0050882	spinocerebellar ataxia type 5	spinocerebellar ataxia 5
MONDO:0010849	http://purl.obolibrary.org/obo/mondo#doid_rare	DOID:0111707	palmoplantar keratoderma, Bothnian type	Bothnian type palmoplantar keratoderma
MONDO:0010854	http://purl.obolibrary.org/obo/mondo#doid_rare	DOID:0111705	Toriello-Lacassie-Droste syndrome	oculoectodermal syndrome
MONDO:0010857	http://purl.obolibrary.org/obo/mondo#doid_rare	DOID:0081391	semantic dementia	semantic dementia
MONDO:0010870	http://purl.obolibrary.org/obo/mondo#doid_rare	DOID:0111078	tibial muscular dystrophy	tibial muscular dystrophy
MONDO:0010878	http://purl.obolibrary.org/obo/mondo#doid_rare	DOID:0110811	hereditary spastic paraplegia 6	hereditary spastic paraplegia 6
MONDO:0010879	http://purl.obolibrary.org/obo/mondo#doid_rare	DOID:0111274	CODAS syndrome	CODAS syndrome
MONDO:0010886	http://purl.obolibrary.org/obo/mondo#doid_rare	DOID:0111704	2q37 microdeletion syndrome	chromosome 2q37 deletion syndrome
MONDO:0010890	http://purl.obolibrary.org/obo/mondo#doid_rare	DOID:0070419	acrocardiofacial syndrome	acrocardiofacial syndrome
MONDO:0010899	http://purl.obolibrary.org/obo/mondo#doid_rare	DOID:0060682	autosomal dominant nocturnal frontal lobe epilepsy 1	autosomal dominant nocturnal frontal lobe epilepsy 1
MONDO:0010905	http://purl.obolibrary.org/obo/mondo#doid_rare	DOID:0111009	cone-rod dystrophy 1	cone-rod dystrophy 1
MONDO:0010907	http://purl.obolibrary.org/obo/mondo#doid_rare	DOID:0111703	familial hypertryptophanemia	familial hypertryptophanemia
MONDO:0010908	http://purl.obolibrary.org/obo/mondo#doid_rare	DOID:0111702	loose anagen syndrome	loose anagen hair syndrome
MONDO:0010911	http://purl.obolibrary.org/obo/mondo#doid_rare	DOID:5394	prolactin-producing pituitary gland adenoma	prolactinoma
MONDO:0010913	http://purl.obolibrary.org/obo/mondo#doid_rare	DOID:0050876	Caroli disease	Caroli disease
MONDO:0010924	http://purl.obolibrary.org/obo/mondo#doid_rare	DOID:0050575	D-2-hydroxyglutaric aciduria	D-2-hydroxyglutaric aciduria
MONDO:0010926	http://purl.obolibrary.org/obo/mondo#doid_rare	DOID:0060702	familial hypocalciuric hypercalcemia 3	familial hypocalciuric hypercalcemia 3
MONDO:0010929	http://purl.obolibrary.org/obo/mondo#doid_rare	DOID:0061012	craniosynostosis 4	craniosynostosis 4
MONDO:0010931	http://purl.obolibrary.org/obo/mondo#doid_rare	DOID:0080885	vitamin D-dependent rickets, type 2B	vitamin D-dependent rickets type 2B
MONDO:0010949	http://purl.obolibrary.org/obo/mondo#doid_rare	DOID:0110159	Charcot-Marie-Tooth disease type 2B	Charcot-Marie-Tooth disease type 2B
MONDO:0010952	http://purl.obolibrary.org/obo/mondo#doid_rare	DOID:0111256	hereditary hyperferritinemia with congenital cataracts	hyperferritinemia-cataract syndrome
MONDO:0010958	http://purl.obolibrary.org/obo/mondo#doid_rare	DOID:0111700	cardiac arrhythmia, ankyrin-B-related	ankyrin-B-related cardiac arrhythmia
MONDO:0010958	http://purl.obolibrary.org/obo/mondo#doid_rare	DOID:0111701	cardiac arrhythmia, ankyrin-B-related	long QT syndrome 4
MONDO:0010959	http://purl.obolibrary.org/obo/mondo#doid_rare	DOID:0111699	van den Ende-Gupta syndrome	Van den Ende-Gupta syndrome
MONDO:0010961	http://purl.obolibrary.org/obo/mondo#doid_rare	DOID:0111698	obesity due to prohormone convertase I deficiency	proprotein convertase 1/3 deficiency
MONDO:0010962	http://purl.obolibrary.org/obo/mondo#doid_rare	DOID:0050428	diffuse nonepidermolytic palmoplantar keratoderma	nonepidermolytic palmoplantar keratoderma
MONDO:0010962	http://purl.obolibrary.org/obo/mondo#doid_rare	DOID:0070550	diffuse nonepidermolytic palmoplantar keratoderma	KRT1-related nonepidermolytic palmoplantar keratoderma
MONDO:0010966	http://purl.obolibrary.org/obo/mondo#doid_rare	DOID:0080055	achondrogenesis type IB	achondrogenesis type IB
MONDO:0010977	http://purl.obolibrary.org/obo/mondo#doid_rare	DOID:0050692	Brody myopathy	Brody myopathy
MONDO:0010979	http://purl.obolibrary.org/obo/mondo#doid_rare	DOID:0060173	Timothy syndrome	Timothy syndrome
MONDO:0010983	http://purl.obolibrary.org/obo/mondo#doid_rare	DOID:0090044	dystonia 9	dystonia 9
MONDO:0010989	http://purl.obolibrary.org/obo/mondo#doid_rare	DOID:0112179	Mayer-Rokitansky-Küster-Hauser syndrome type 2	Mayer-Rokitansky-Kuster-Hauser syndrome type 2
MONDO:0010995	http://purl.obolibrary.org/obo/mondo#doid_rare	DOID:0110151	Charcot-Marie-Tooth disease type 1C	Charcot-Marie-Tooth disease type 1C
MONDO:0010998	http://purl.obolibrary.org/obo/mondo#doid_rare	DOID:0080556	ALG3-congenital disorder of glycosylation	congenital disorder of glycosylation Id
MONDO:0011006	http://purl.obolibrary.org/obo/mondo#doid_rare	DOID:0110824	hereditary spastic paraplegia 9A	hereditary spastic paraplegia 9A
MONDO:0011010	http://purl.obolibrary.org/obo/mondo#doid_rare	DOID:0111807	microphthalmia, syndromic 9	syndromic microphthalmia 9
MONDO:0011012	http://purl.obolibrary.org/obo/mondo#doid_rare	DOID:0111033	African iron overload	African iron overload
MONDO:0011014	http://purl.obolibrary.org/obo/mondo#doid_rare	DOID:4769	pleuropulmonary blastoma	pleuropulmonary blastoma
MONDO:0011017	http://purl.obolibrary.org/obo/mondo#doid_rare	DOID:0080551	Naxos disease	Naxos disease
MONDO:0011018	http://purl.obolibrary.org/obo/mondo#doid_rare	DOID:0090143	brachyolmia-amelogenesis imperfecta syndrome	brachyolmia-amelogenesis imperfecta syndrome
MONDO:0011022	http://purl.obolibrary.org/obo/mondo#doid_rare	DOID:0111687	Potocki-Shaffer syndrome	Potocki-Shaffer syndrome
MONDO:0011023	http://purl.obolibrary.org/obo/mondo#doid_rare	DOID:0111684	hereditary mixed polyposis syndrome	hereditary mixed polyposis syndrome
MONDO:0011025	http://purl.obolibrary.org/obo/mondo#doid_rare	DOID:0060694	Cayman type cerebellar ataxia	Cayman type cerebellar ataxia
MONDO:0011026	http://purl.obolibrary.org/obo/mondo#doid_rare	DOID:0060712	autosomal recessive congenital ichthyosis 4A	autosomal recessive congenital ichthyosis 4A
MONDO:0011028	http://purl.obolibrary.org/obo/mondo#doid_rare	DOID:0110280	autosomal recessive limb-girdle muscular dystrophy type 2F	autosomal recessive limb-girdle muscular dystrophy type 2F
MONDO:0011035	http://purl.obolibrary.org/obo/mondo#doid_rare	DOID:0111683	neurofibromatosis-Noonan syndrome	neurofibromatosis-Noonan syndrome
MONDO:0011037	http://purl.obolibrary.org/obo/mondo#doid_rare	DOID:0111682	renal dysplasia, cystic, susceptibility to	cystic renal dysplasia
MONDO:0011045	http://purl.obolibrary.org/obo/mondo#doid_rare	DOID:0111803	MMEP syndrome	syndromic microphthalmia 8
MONDO:0011053	http://purl.obolibrary.org/obo/mondo#doid_rare	DOID:0081441	intellectual disability-sparse hair-brachydactyly syndrome	Nicolaides-Baraitser syndrome
MONDO:0011066	http://purl.obolibrary.org/obo/mondo#doid_rare	DOID:0110191	Charcot-Marie-Tooth disease type 4B1	Charcot-Marie-Tooth disease type 4B1
MONDO:0011076	http://purl.obolibrary.org/obo/mondo#doid_rare	DOID:0080092	myofibrillar myopathy 1	myofibrillar myopathy 1
MONDO:0011085	http://purl.obolibrary.org/obo/mondo#doid_rare	DOID:0110186	Charcot-Marie-Tooth disease type 4D	Charcot-Marie-Tooth disease type 4D
MONDO:0011086	http://purl.obolibrary.org/obo/mondo#doid_rare	DOID:0090013	severe combined immunodeficiency, autosomal recessive, T cell-negative, B cell-negative, NK cell-positive	severe combined immunodeficiency, autosomal recessive, T cell-negative, B cell-negative, Nk cell-positive
MONDO:0011091	http://purl.obolibrary.org/obo/mondo#doid_rare	DOID:0110164	Charcot-Marie-Tooth disease type 2D	Charcot-Marie-Tooth disease type 2D
MONDO:0011099	http://purl.obolibrary.org/obo/mondo#doid_rare	DOID:0050682	human HOXA1 syndromes	Athabaskan brainstem dysgenesis syndrome
MONDO:0011107	http://purl.obolibrary.org/obo/mondo#doid_rare	DOID:0110711	congenital hypotrichosis with juvenile macular dystrophy	congenital hypotrichosis with juvenile macular dystrophy
MONDO:0011113	http://purl.obolibrary.org/obo/mondo#doid_rare	DOID:0110183	Charcot-Marie-Tooth disease type 4C	Charcot-Marie-Tooth disease type 4C
MONDO:0011128	http://purl.obolibrary.org/obo/mondo#doid_rare	DOID:0111599	Sheldon-hall syndrome	distal arthrogryposis type 2B
MONDO:0011132	http://purl.obolibrary.org/obo/mondo#doid_rare	DOID:0060769	T-cell immunodeficiency, congenital alopecia, and nail dystrophy	T-cell immunodeficiency, congenital alopecia, and nail dystrophy
MONDO:0011136	http://purl.obolibrary.org/obo/mondo#doid_rare	DOID:0111050	Quebec platelet disorder	Quebec platelet disorder
MONDO:0011143	http://purl.obolibrary.org/obo/mondo#doid_rare	DOID:0111011	cone-rod dystrophy 6	cone-rod dystrophy 6
MONDO:0011144	http://purl.obolibrary.org/obo/mondo#doid_rare	DOID:0110729	ceroid lipofuscinosis, neuronal, 6A	neuronal ceroid lipofuscinosis 6A
MONDO:0011147	http://purl.obolibrary.org/obo/mondo#doid_rare	DOID:0060407	chromosome 18q deletion syndrome	chromosome 18q deletion syndrome
MONDO:0011154	http://purl.obolibrary.org/obo/mondo#doid_rare	DOID:0060385	acrofacial dysostosis, Palagonia type	acrofacial dysostosis, Patagonia type
MONDO:0011156	http://purl.obolibrary.org/obo/mondo#doid_rare	DOID:0070222	progressive familial intrahepatic cholestasis type 2	progressive familial intrahepatic cholestasis 2
MONDO:0011170	http://purl.obolibrary.org/obo/mondo#doid_rare	DOID:0110281	autosomal recessive limb-girdle muscular dystrophy type 2G	autosomal recessive limb-girdle muscular dystrophy type 2G
MONDO:0011176	http://purl.obolibrary.org/obo/mondo#doid_rare	DOID:0060883	intestinal hypomagnesemia 1	intestinal hypomagnesemia 1
MONDO:0011184	http://purl.obolibrary.org/obo/mondo#doid_rare	DOID:0111275	childhood apraxia of speech	speech-language disorder-1
MONDO:0011185	http://purl.obolibrary.org/obo/mondo#doid_rare	DOID:0060455	Thiel-Behnke corneal dystrophy	Thiel-Behnke corneal dystrophy
MONDO:0011196	http://purl.obolibrary.org/obo/mondo#doid_rare	DOID:0060197	amyotrophic lateral sclerosis type 5	amyotrophic lateral sclerosis type 5
MONDO:0011198	http://purl.obolibrary.org/obo/mondo#doid_rare	DOID:0080030	spondyloepimetaphyseal dysplasia, Missouri type	spondyloepimetaphyseal dysplasia, Missouri type
MONDO:0011211	http://purl.obolibrary.org/obo/mondo#doid_rare	DOID:0112299	axial spondylometaphyseal dysplasia	axial spondylometaphyseal dysplasia
MONDO:0011213	http://purl.obolibrary.org/obo/mondo#doid_rare	DOID:0081362	Pierpont syndrome	Pierpont syndrome
MONDO:0011214	http://purl.obolibrary.org/obo/mondo#doid_rare	DOID:0070223	progressive familial intrahepatic cholestasis type 3	progressive familial intrahepatic cholestasis 3
MONDO:0011217	http://purl.obolibrary.org/obo/mondo#doid_rare	DOID:0070654	desmosterolosis	desmosterolosis
MONDO:0011218	http://purl.obolibrary.org/obo/mondo#doid_rare	DOID:0060720	autosomal recessive congenital ichthyosis 11	autosomal recessive congenital ichthyosis 11
MONDO:0011219	http://purl.obolibrary.org/obo/mondo#doid_rare	DOID:0111661	Fried's tooth and nail syndrome	ectodermal dysplasia 8
MONDO:0011223	http://purl.obolibrary.org/obo/mondo#doid_rare	DOID:0060196	amyotrophic lateral sclerosis type 4	amyotrophic lateral sclerosis type 4
MONDO:0011225	http://purl.obolibrary.org/obo/mondo#doid_rare	DOID:0090012	severe combined immunodeficiency due to DCLRE1C deficiency	severe combined immunodeficiency with sensitivity to ionizing radiation
MONDO:0011229	http://purl.obolibrary.org/obo/mondo#doid_rare	DOID:0060640	ethylmalonic encephalopathy	ethylmalonic encephalopathy
MONDO:0011230	http://purl.obolibrary.org/obo/mondo#doid_rare	DOID:0060887	ossification of the posterior longitudinal ligament of the spine	ossification of the posterior longitudinal ligament of spine
MONDO:0011232	http://purl.obolibrary.org/obo/mondo#doid_rare	DOID:0111182	migraine, familial hemiplegic, 2	familial hemiplegic migraine 2
MONDO:0011236	http://purl.obolibrary.org/obo/mondo#doid_rare	DOID:0070216	hyperinsulinemic hypoglycemia, familial, 3	familial hyperinsulinemic hypoglycemia 3
MONDO:0011244	http://purl.obolibrary.org/obo/mondo#doid_rare	DOID:0050858	Marshall-Smith syndrome	Marshall-Smith syndrome
MONDO:0011246	http://purl.obolibrary.org/obo/mondo#doid_rare	DOID:0110632	megaconial type congenital muscular dystrophy	megaconial type congenital muscular dystrophy
MONDO:0011249	http://purl.obolibrary.org/obo/mondo#doid_rare	DOID:0090058	torsion dystonia with onset in infancy	torsion dystonia with onset in infancy
MONDO:0011257	http://purl.obolibrary.org/obo/mondo#doid_rare	DOID:0080554	MPI-congenital disorder of glycosylation	congenital disorder of glycosylation Ib
MONDO:0011261	http://purl.obolibrary.org/obo/mondo#doid_rare	DOID:0112294	spondyloepiphyseal dysplasia with coronal craniosynostosis, cataracts, cleft palate, and intellectual disability	spondyloepiphyseal dysplasia with coronal craniosynostosis, cataracts, cleft palate, and impaired intellectual development
MONDO:0011264	http://purl.obolibrary.org/obo/mondo#doid_rare	DOID:0090039	torsion dystonia 6	torsion dystonia 6
MONDO:0011266	http://purl.obolibrary.org/obo/mondo#doid_rare	DOID:0050759	myotonic dystrophy type 2	myotonic dystrophy type 2
MONDO:0011271	http://purl.obolibrary.org/obo/mondo#doid_rare	DOID:0110633	rigid spine muscular dystrophy 1	rigid spine muscular dystrophy 1
MONDO:0011273	http://purl.obolibrary.org/obo/mondo#doid_rare	DOID:0111278	H syndrome	histiocytosis-lymphadenopathy plus syndrome
MONDO:0011274	http://purl.obolibrary.org/obo/mondo#doid_rare	DOID:0060703	Muenke syndrome	Muenke Syndrome
MONDO:0011275	http://purl.obolibrary.org/obo/mondo#doid_rare	DOID:0080050	acromesomelic dysplasia 1, Maroteaux type	acromesomelic dysplasia, Maroteaux type
MONDO:0011283	http://purl.obolibrary.org/obo/mondo#doid_rare	DOID:0080119	mitochondrial DNA depletion syndrome 1	mitochondrial DNA depletion syndrome 1
MONDO:0011291	http://purl.obolibrary.org/obo/mondo#doid_rare	DOID:0080555	ALG6-congenital disorder of glycosylation 1C	congenital disorder of glycosylation Ic
MONDO:0011297	http://purl.obolibrary.org/obo/mondo#doid_rare	DOID:0060683	autosomal dominant nocturnal frontal lobe epilepsy 2	autosomal dominant nocturnal frontal lobe epilepsy 2
MONDO:0011299	http://purl.obolibrary.org/obo/mondo#doid_rare	DOID:0090103	Huntington disease-like 1	Huntington's disease-like 1
MONDO:0011301	http://purl.obolibrary.org/obo/mondo#doid_rare	DOID:0080222	pseudohypoparathyroidism type 1B	pseudohypoparathyroidism type 1B
MONDO:0011304	http://purl.obolibrary.org/obo/mondo#doid_rare	DOID:0060670	cerebral cavernous malformation 2	cerebral cavernous malformation 2
MONDO:0011305	http://purl.obolibrary.org/obo/mondo#doid_rare	DOID:0060671	cerebral cavernous malformation 3	cerebral cavernous malformation 3
MONDO:0011308	http://purl.obolibrary.org/obo/mondo#doid_rare	DOID:0111455	GRACILE syndrome	GRACILE syndrome
MONDO:0011309	http://purl.obolibrary.org/obo/mondo#doid_rare	DOID:0081102	familial gestational hyperthyroidism	familial gestational hyperthyroidism
MONDO:0011326	http://purl.obolibrary.org/obo/mondo#doid_rare	DOID:0070342	citrullinemia, type II, adult-onset	adult-onset type II citrullinemia
MONDO:0011330	http://purl.obolibrary.org/obo/mondo#doid_rare	DOID:0050960	spinocerebellar ataxia type 10	spinocerebellar ataxia 10
MONDO:0011331	http://purl.obolibrary.org/obo/mondo#doid_rare	DOID:0060646	congenital chylothorax	congenital chylothorax
MONDO:0011335	http://purl.obolibrary.org/obo/mondo#doid_rare	DOID:0112199	spondyloepimetaphyseal dysplasia with multiple dislocations	spondyloepimetaphyseal dysplasia with joint laxity type 2
MONDO:0011336	http://purl.obolibrary.org/obo/mondo#doid_rare	DOID:0110924	familial hemophagocytic lymphohistiocytosis 4	familial hemophagocytic lymphohistiocytosis 4
MONDO:0011337	http://purl.obolibrary.org/obo/mondo#doid_rare	DOID:0110922	familial hemophagocytic lymphohistiocytosis 2	familial hemophagocytic lymphohistiocytosis 2
MONDO:0011338	http://purl.obolibrary.org/obo/mondo#doid_rare	DOID:0060010	Omenn syndrome	Omenn syndrome
MONDO:0011339	http://purl.obolibrary.org/obo/mondo#doid_rare	DOID:0110823	hereditary spastic paraplegia 8	hereditary spastic paraplegia 8
MONDO:0011342	http://purl.obolibrary.org/obo/mondo#doid_rare	DOID:0070258	SLC35A1-congenital disorder of glycosylation	congenital disorder of glycosylation type IIf
MONDO:0011346	http://purl.obolibrary.org/obo/mondo#doid_rare	DOID:0070453	xanthinuria type II	xanthinuria type II
MONDO:0011359	http://purl.obolibrary.org/obo/mondo#doid_rare	DOID:0060342	acromelic frontonasal dysostosis	acromelic frontonasal dysostosis
MONDO:0011362	http://purl.obolibrary.org/obo/mondo#doid_rare	DOID:0111188	myopathy, myofibrillar, 9, with early respiratory failure	myofibrillar myopathy 9
MONDO:0011365	http://purl.obolibrary.org/obo/mondo#doid_rare	DOID:0060290	blepharophimosis - intellectual disability syndrome, SBBYS type	Ohdo syndrome, SBBYS variant
MONDO:0011366	http://purl.obolibrary.org/obo/mondo#doid_rare	DOID:2156	ovarian germ cell tumor	ovarian germ cell cancer
MONDO:0011374	http://purl.obolibrary.org/obo/mondo#doid_rare	DOID:0090105	hypercholesterolemia, familial, 4	autosomal recessive hypercholesterolemia
MONDO:0011377	http://purl.obolibrary.org/obo/mondo#doid_rare	DOID:0110646	long QT syndrome 3	long QT syndrome 3
MONDO:0011382	http://purl.obolibrary.org/obo/mondo#doid_rare	DOID:10923	sickle cell disease	sickle cell anemia
MONDO:0011391	http://purl.obolibrary.org/obo/mondo#doid_rare	DOID:0080315	megalencephalic leukoencephalopathy with subcortical cysts	megalencephalic leukoencephalopathy with subcortical cysts
MONDO:0011393	http://purl.obolibrary.org/obo/mondo#doid_rare	DOID:0080957	hypoalphalipoproteinemia, primary, 1	primary hypoalphalipoproteinemia 1
MONDO:0011395	http://purl.obolibrary.org/obo/mondo#doid_rare	DOID:0111013	cone-rod dystrophy 3	cone-rod dystrophy 3
MONDO:0011397	http://purl.obolibrary.org/obo/mondo#doid_rare	DOID:0050968	autosomal dominant cerebellar ataxia, deafness and narcolepsy	autosomal dominant cerebellar ataxia, deafness and narcolepsy
MONDO:0011399	http://purl.obolibrary.org/obo/mondo#doid_rare	DOID:1099	alpha thalassemia spectrum	alpha thalassemia
MONDO:0011401	http://purl.obolibrary.org/obo/mondo#doid_rare	DOID:0110048	Alzheimer disease without neurofibrillary tangles	Alzheimer's disease 15
MONDO:0011405	http://purl.obolibrary.org/obo/mondo#doid_rare	DOID:0060551	poikiloderma with neutropenia	poikiloderma with neutropenia
MONDO:0011408	http://purl.obolibrary.org/obo/mondo#doid_rare	DOID:0110763	hereditary spastic paraplegia 10	hereditary spastic paraplegia 10
MONDO:0011412	http://purl.obolibrary.org/obo/mondo#doid_rare	DOID:0050831	familial encephalopathy with neuroserpin inclusion bodies	familial encephalopathy with neuroserpin inclusion bodies
MONDO:0011414	http://purl.obolibrary.org/obo/mondo#doid_rare	DOID:0060673	Peters anomaly	Peters anomaly
MONDO:0011417	http://purl.obolibrary.org/obo/mondo#doid_rare	DOID:0111030	hemochromatosis type 3	hemochromatosis type 3
MONDO:0011421	http://purl.obolibrary.org/obo/mondo#doid_rare	DOID:0050768	mitochondrial complex V (ATP synthase) deficiency, nuclear type 1	mitochondrial complex V (ATP synthase) deficiency nuclear type 1
MONDO:0011422	http://purl.obolibrary.org/obo/mondo#doid_rare	DOID:0061167	autosomal recessive proximal renal tubular acidosis	autosomal recessive proximal renal tubular acidosis
MONDO:0011423	http://purl.obolibrary.org/obo/mondo#doid_rare	DOID:0110279	autosomal recessive limb-girdle muscular dystrophy type 2E	autosomal recessive limb-girdle muscular dystrophy type 2E
MONDO:0011426	http://purl.obolibrary.org/obo/mondo#doid_rare	DOID:0050711	aceruloplasminemia	aceruloplasminemia
MONDO:0011428	http://purl.obolibrary.org/obo/mondo#doid_rare	DOID:0060783	ectrodactyly, ectodermal dysplasia, and cleft lip-palate syndrome 3	ectrodactyly, ectodermal dysplasia, and cleft lip-palate syndrome 3
MONDO:0011429	http://purl.obolibrary.org/obo/mondo#doid_rare	DOID:676	juvenile idiopathic arthritis	systemic juvenile rheumatoid arthritis
MONDO:0011436	http://purl.obolibrary.org/obo/mondo#doid_rare	DOID:0111064	autosomal recessive distal spinal muscular atrophy 1	autosomal recessive distal hereditary motor neuronopathy 1
MONDO:0011445	http://purl.obolibrary.org/obo/mondo#doid_rare	DOID:0110764	hereditary spastic paraplegia 11	hereditary spastic paraplegia 11
MONDO:0011448	http://purl.obolibrary.org/obo/mondo#doid_rare	DOID:0070204	PPARG-related familial partial lipodystrophy	familial partial lipodystrophy type 3
MONDO:0011462	http://purl.obolibrary.org/obo/mondo#doid_rare	DOID:0080519	pyogenic arthritis-pyoderma gangrenosum-acne syndrome	PAPA syndrome
MONDO:0011475	http://purl.obolibrary.org/obo/mondo#doid_rare	DOID:0110190	Charcot-Marie-Tooth disease type 4B2	Charcot-Marie-Tooth disease type 4B2
MONDO:0011479	http://purl.obolibrary.org/obo/mondo#doid_rare	DOID:0111154	postural orthostatic tachycardia syndrome due to NET deficiency	postural orthostatic tachycardia syndrome
MONDO:0011481	http://purl.obolibrary.org/obo/mondo#doid_rare	DOID:0061009	craniosynostosis 2	craniosynostosis 2
MONDO:0011485	http://purl.obolibrary.org/obo/mondo#doid_rare	DOID:0060714	autosomal recessive congenital ichthyosis 5	autosomal recessive congenital ichthyosis 5
MONDO:0011486	http://purl.obolibrary.org/obo/mondo#doid_rare	DOID:0110634	congenital muscular dystrophy 1B	congenital muscular dystrophy 1B
MONDO:0011489	http://purl.obolibrary.org/obo/mondo#doid_rare	DOID:0110765	hereditary spastic paraplegia 12	hereditary spastic paraplegia 12
MONDO:0011512	http://purl.obolibrary.org/obo/mondo#doid_rare	DOID:0050693	Brooke-Spiegler syndrome	Brooke-Spiegler syndrome
MONDO:0011514	http://purl.obolibrary.org/obo/mondo#doid_rare	DOID:0080169	tricuspid atresia	tricuspid atresia
MONDO:0011522	http://purl.obolibrary.org/obo/mondo#doid_rare	DOID:0110767	hereditary spastic paraplegia 14	hereditary spastic paraplegia 14
MONDO:0011523	http://purl.obolibrary.org/obo/mondo#doid_rare	DOID:0110128	Bardet-Biedl syndrome 6	Bardet-Biedl syndrome 6
MONDO:0011527	http://purl.obolibrary.org/obo/mondo#doid_rare	DOID:0110195	Charcot-Marie-Tooth disease type 4E	congenital hypomyelinating neuropathy 1
MONDO:0011528	http://purl.obolibrary.org/obo/mondo#doid_rare	DOID:0060758	hyper-IgM syndrome type 2	immunodeficiency with hyper-IgM type 2
MONDO:0011532	http://purl.obolibrary.org/obo/mondo#doid_rare	DOID:0110766	hereditary spastic paraplegia 13	hereditary spastic paraplegia 13
MONDO:0011533	http://purl.obolibrary.org/obo/mondo#doid_rare	DOID:0050814	temtamy preaxial brachydactyly syndrome	temtamy preaxial brachydactyly syndrome
MONDO:0011534	http://purl.obolibrary.org/obo/mondo#doid_rare	DOID:0110196	Charcot-Marie-Tooth disease type 4G	Charcot-Marie-Tooth disease type 4G
MONDO:0011535	http://purl.obolibrary.org/obo/mondo#doid_rare	DOID:0090023	split hand-foot malformation 4	split hand-foot malformation 4
MONDO:0011537	http://purl.obolibrary.org/obo/mondo#doid_rare	DOID:0060867	macrocephaly-autism syndrome	macrocephaly-autism syndrome
MONDO:0011539	http://purl.obolibrary.org/obo/mondo#doid_rare	DOID:0110936	nemaline myopathy 5	nemaline myopathy 5A
MONDO:0011541	http://purl.obolibrary.org/obo/mondo#doid_rare	DOID:0110440	dilated cardiomyopathy 1J	dilated cardiomyopathy 1J
MONDO:0011545	http://purl.obolibrary.org/obo/mondo#doid_rare	DOID:0060684	autosomal dominant nocturnal frontal lobe epilepsy 3	autosomal dominant nocturnal frontal lobe epilepsy 3
MONDO:0011551	http://purl.obolibrary.org/obo/mondo#doid_rare	DOID:0051059	TH-deficient dopa-responsive dystonia	autosomal recessive Segawa syndrome
MONDO:0011559	http://purl.obolibrary.org/obo/mondo#doid_rare	DOID:0070232	benign recurrent intrahepatic cholestasis type 2	benign recurrent intrahepatic cholestasis 2
MONDO:0011565	http://purl.obolibrary.org/obo/mondo#doid_rare	DOID:14221	metabolic syndrome X	abdominal obesity-metabolic syndrome 1
MONDO:0011569	http://purl.obolibrary.org/obo/mondo#doid_rare	DOID:0110156	Charcot-Marie-Tooth disease type 2B1	Charcot-Marie-Tooth disease type 2B1
MONDO:0011570	http://purl.obolibrary.org/obo/mondo#doid_rare	DOID:0110179	Charcot-Marie-Tooth disease type 2B2	Charcot-Marie-Tooth disease type 2B2
MONDO:0011577	http://purl.obolibrary.org/obo/mondo#doid_rare	DOID:0080719	myopathy, proximal, and ophthalmoplegia	congenital myopathy 6
MONDO:0011579	http://purl.obolibrary.org/obo/mondo#doid_rare	DOID:0060869	late-onset retinal degeneration	late-onset retinal degeneration
MONDO:0011581	http://purl.obolibrary.org/obo/mondo#doid_rare	DOID:0090128	arrhythmogenic cardiomyopathy with wooly hair and keratoderma	Carvajal syndrome
MONDO:0011582	http://purl.obolibrary.org/obo/mondo#doid_rare	DOID:0080133	multiple mitochondrial dysfunctions syndrome 1	multiple mitochondrial dysfunctions syndrome 1
MONDO:0011585	http://purl.obolibrary.org/obo/mondo#doid_rare	DOID:0111065	autosomal recessive distal spinal muscular atrophy 2	autosomal recessive distal hereditary motor neuronopathy 2
MONDO:0011587	http://purl.obolibrary.org/obo/mondo#doid_rare	DOID:0110254	cataract 25	cataract 25
MONDO:0011599	http://purl.obolibrary.org/obo/mondo#doid_rare	DOID:0111079	birdshot chorioretinopathy	birdshot chorioretinopathy
MONDO:0011603	http://purl.obolibrary.org/obo/mondo#doid_rare	DOID:0080718	GNE myopathy	GNE myopathy
MONDO:0011610	http://purl.obolibrary.org/obo/mondo#doid_rare	DOID:0081446	dimethylglycine dehydrogenase deficiency	dimethylglycine dehydrogenase deficiency
MONDO:0011612	http://purl.obolibrary.org/obo/mondo#doid_rare	DOID:9268	glycine encephalopathy	glycine encephalopathy
MONDO:0011613	http://purl.obolibrary.org/obo/mondo#doid_rare	DOID:0060369	autosomal recessive early-onset Parkinson disease 6	Parkinson's disease 6
MONDO:0011614	http://purl.obolibrary.org/obo/mondo#doid_rare	DOID:0081168	3-hydroxy-3-methylglutaryl-CoA synthase deficiency	HMG-CoA synthase 2 deficiency
MONDO:0011628	http://purl.obolibrary.org/obo/mondo#doid_rare	DOID:14701	propionic acidemia	propionic acidemia
MONDO:0011629	http://purl.obolibrary.org/obo/mondo#doid_rare	DOID:0070254	MOGS-congenital disorder of glycosylation	congenital disorder of glycosylation type IIb
MONDO:0011631	http://purl.obolibrary.org/obo/mondo#doid_rare	DOID:0111028	hemochromatosis type 4	hemochromatosis type 4
MONDO:0011633	http://purl.obolibrary.org/obo/mondo#doid_rare	DOID:0110182	Charcot-Marie-Tooth disease axonal type 2C	Charcot-Marie-Tooth disease axonal type 2C
MONDO:0011638	http://purl.obolibrary.org/obo/mondo#doid_rare	DOID:0110737	neuroferritinopathy	neurodegeneration with brain iron accumulation 3
MONDO:0011644	http://purl.obolibrary.org/obo/mondo#doid_rare	DOID:12731	pars planitis	pars planitis
MONDO:0011652	http://purl.obolibrary.org/obo/mondo#doid_rare	DOID:0080354	Phelan-McDermid syndrome	Phelan-McDermid syndrome
MONDO:0011655	http://purl.obolibrary.org/obo/mondo#doid_rare	DOID:4239	alveolar soft part sarcoma	alveolar soft part sarcoma
MONDO:0011657	http://purl.obolibrary.org/obo/mondo#doid_rare	DOID:0110554	autosomal dominant nonsyndromic hearing loss 24	autosomal dominant nonsyndromic deafness 24
MONDO:0011658	http://purl.obolibrary.org/obo/mondo#doid_rare	DOID:0060370	autosomal recessive early-onset Parkinson disease 7	Parkinson's disease 7
MONDO:0011664	http://purl.obolibrary.org/obo/mondo#doid_rare	DOID:0111968	immunodeficiency due to CD25 deficiency	immunodeficiency 41
MONDO:0011669	http://purl.obolibrary.org/obo/mondo#doid_rare	DOID:0060858	hypotonia-cystinuria syndrome	hypotonia-cystinuria syndrome
MONDO:0011671	http://purl.obolibrary.org/obo/mondo#doid_rare	DOID:0090104	Huntington disease-like 2	Huntington's disease-like 2
MONDO:0011674	http://purl.obolibrary.org/obo/mondo#doid_rare	DOID:0110197	Charcot-Marie-Tooth disease dominant intermediate B	Charcot-Marie-Tooth disease dominant intermediate B
MONDO:0011675	http://purl.obolibrary.org/obo/mondo#doid_rare	DOID:0110202	Charcot-Marie-Tooth Disease, axonal, type 2GG	Charcot-Marie-Tooth disease dominant intermediate A
MONDO:0011680	http://purl.obolibrary.org/obo/mondo#doid_rare	DOID:0060711	autosomal recessive congenital ichthyosis 3	autosomal recessive congenital ichthyosis 3
MONDO:0011687	http://purl.obolibrary.org/obo/mondo#doid_rare	DOID:0110163	Charcot-Marie-Tooth disease axonal type 2F	Charcot-Marie-Tooth disease axonal type 2F
MONDO:0011688	http://purl.obolibrary.org/obo/mondo#doid_rare	DOID:0110635	muscular dystrophy-dystroglycanopathy type B5	muscular dystrophy-dystroglycanopathy type B5
MONDO:0011691	http://purl.obolibrary.org/obo/mondo#doid_rare	DOID:0060195	amyotrophic lateral sclerosis type 3	amyotrophic lateral sclerosis type 3
MONDO:0011698	http://purl.obolibrary.org/obo/mondo#doid_rare	DOID:0111037	glycine N-methyltransferase deficiency	glycine N-methyltransferase deficiency
MONDO:0011706	http://purl.obolibrary.org/obo/mondo#doid_rare	DOID:0060556	Kufor-Rakeb syndrome	Kufor-Rakeb syndrome
MONDO:0011709	http://purl.obolibrary.org/obo/mondo#doid_rare	DOID:0090022	split hand-foot malformation 5	split hand-foot malformation 5
MONDO:0011716	http://purl.obolibrary.org/obo/mondo#doid_rare	DOID:10992	acute hemorrhagic leukoencephalitis	acute hemorrhagic leukoencephalitis
MONDO:0011717	http://purl.obolibrary.org/obo/mondo#doid_rare	DOID:0070217	hyperinsulinism-hyperammonemia syndrome	familial hyperinsulinemic hypoglycemia 6
MONDO:0011719	http://purl.obolibrary.org/obo/mondo#doid_rare	DOID:9253	gastrointestinal stromal tumor	gastrointestinal stromal tumor
MONDO:0011721	http://purl.obolibrary.org/obo/mondo#doid_rare	DOID:0111187	distal myopathy with anterior tibial onset	distal myopathy with anterior tibial onset
MONDO:0011724	http://purl.obolibrary.org/obo/mondo#doid_rare	DOID:0070561	encephalopathy due to GLUT1 deficiency	glucose transporter type 1 deficiency syndrome 1
MONDO:0011728	http://purl.obolibrary.org/obo/mondo#doid_rare	DOID:529	benign essential blepharospasm	blepharospasm
MONDO:0011730	http://purl.obolibrary.org/obo/mondo#doid_rare	DOID:0111261	fumaric aciduria	fumarase deficiency
MONDO:0011731	http://purl.obolibrary.org/obo/mondo#doid_rare	DOID:0070563	glucose-galactose malabsorption	glucose-galactose malabsorption
MONDO:0011735	http://purl.obolibrary.org/obo/mondo#doid_rare	DOID:0060023	hyper-IgM syndrome type 3	immunodeficiency with hyper IgM type 3
MONDO:0011738	http://purl.obolibrary.org/obo/mondo#doid_rare	DOID:0080922	bilateral frontoparietal polymicrogyria	complex cortical dysplasia with other brain malformations 14A
MONDO:0011740	http://purl.obolibrary.org/obo/mondo#doid_rare	DOID:0080533	Carney-Stratakis syndrome	Carney-Stratakis syndrome
MONDO:0011758	http://purl.obolibrary.org/obo/mondo#doid_rare	DOID:0111390	Hurler syndrome	mucopolysaccharidosis Ih
MONDO:0011759	http://purl.obolibrary.org/obo/mondo#doid_rare	DOID:0111389	Hurler-Scheie syndrome	mucopolysaccharidosis Ih/s
MONDO:0011760	http://purl.obolibrary.org/obo/mondo#doid_rare	DOID:0060222	Scheie syndrome	Scheie syndrome
MONDO:0011764	http://purl.obolibrary.org/obo/mondo#doid_rare	DOID:0060371	autosomal dominant Parkinson disease 8	Parkinson's disease 8
MONDO:0011765	http://purl.obolibrary.org/obo/mondo#doid_rare	DOID:0070299	multiple epiphyseal dysplasia type 5	multiple epiphyseal dysplasia 5
MONDO:0011771	http://purl.obolibrary.org/obo/mondo#doid_rare	DOID:0111211	neuronopathy, distal hereditary motor, autosomal recessive 3	autosomal recessive distal hereditary motor neuronopathy 3
MONDO:0011772	http://purl.obolibrary.org/obo/mondo#doid_rare	DOID:0070256	B4GALT1-congenital disorder of glycosylation	congenital disorder of glycosylation type IId
MONDO:0011773	http://purl.obolibrary.org/obo/mondo#doid_rare	DOID:0080942	anauxetic dysplasia	anauxetic dysplasia
MONDO:0011774	http://purl.obolibrary.org/obo/mondo#doid_rare	DOID:0110489	autosomal recessive nonsyndromic hearing loss 30	autosomal recessive nonsyndromic deafness 30
MONDO:0011776	http://purl.obolibrary.org/obo/mondo#doid_rare	DOID:0090029	CINCA syndrome	CINCA Syndrome
MONDO:0011781	http://purl.obolibrary.org/obo/mondo#doid_rare	DOID:0050967	spinocerebellar ataxia type 17	spinocerebellar ataxia 17
MONDO:0011783	http://purl.obolibrary.org/obo/mondo#doid_rare	DOID:0080559	ALG12-congenital disorder of glycosylation	congenital disorder of glycosylation Ig
MONDO:0011785	http://purl.obolibrary.org/obo/mondo#doid_rare	DOID:0110772	hereditary spastic paraplegia 19	hereditary spastic paraplegia 19
MONDO:0011787	http://purl.obolibrary.org/obo/mondo#doid_rare	DOID:0110299	autosomal recessive limb-girdle muscular dystrophy type 2I	autosomal recessive limb-girdle muscular dystrophy type 2I
MONDO:0011801	http://purl.obolibrary.org/obo/mondo#doid_rare	DOID:0090115	spinocerebellar ataxia, autosomal recessive, with axonal neuropathy 1	spinocerebellar ataxia with axonal neuropathy 1
MONDO:0011803	http://purl.obolibrary.org/obo/mondo#doid_rare	DOID:0110816	hereditary spastic paraplegia 7	hereditary spastic paraplegia 7
MONDO:0011804	http://purl.obolibrary.org/obo/mondo#doid_rare	DOID:0110116	autoimmune lymphoproliferative syndrome type 2B	autoimmune lymphoproliferative syndrome type 2B
MONDO:0011811	http://purl.obolibrary.org/obo/mondo#doid_rare	DOID:0111611	autosomal recessive cerebellar ataxia-saccadic intrusion syndrome	autosomal recessive spinocerebellar ataxia 4
MONDO:0011812	http://purl.obolibrary.org/obo/mondo#doid_rare	DOID:0060747	Duane-radial ray syndrome	Duane-radial ray syndrome
MONDO:0011819	http://purl.obolibrary.org/obo/mondo#doid_rare	DOID:0050970	spinocerebellar ataxia type 19/22	spinocerebellar ataxia 19/22
MONDO:0011822	http://purl.obolibrary.org/obo/mondo#doid_rare	DOID:0110144	Bartter disease type 3	Bartter disease type 3
MONDO:0011827	http://purl.obolibrary.org/obo/mondo#doid_rare	DOID:13832	patent ductus arteriosus	patent ductus arteriosus
MONDO:0011830	http://purl.obolibrary.org/obo/mondo#doid_rare	DOID:0112237	lissencephaly due to LIS1 mutation	lissencephaly 1
MONDO:0011833	http://purl.obolibrary.org/obo/mondo#doid_rare	DOID:0050972	spinocerebellar ataxia type 21	spinocerebellar ataxia 21
MONDO:0011834	http://purl.obolibrary.org/obo/mondo#doid_rare	DOID:0050969	spinocerebellar ataxia type 18	spinocerebellar ataxia 18
MONDO:0011835	http://purl.obolibrary.org/obo/mondo#doid_rare	DOID:0111276	sensory ataxic neuropathy, dysarthria, and ophthalmoparesis	sensory ataxic neuropathy, dysarthria, and ophthalmoparesis
MONDO:0011844	http://purl.obolibrary.org/obo/mondo#doid_rare	DOID:0090035	myoclonic dystonia 15	myoclonic dystonia 15
MONDO:0011855	http://purl.obolibrary.org/obo/mondo#doid_rare	DOID:0060444	granular corneal dystrophy type II	granular corneal dystrophy 2
MONDO:0011856	http://purl.obolibrary.org/obo/mondo#doid_rare	DOID:0112305	spondylometaphyseal dysplasia-bowed forearms-facial dysmorphism syndrome	spondylometaphyseal dysplasia with bowed forearms and facial dysmorphism
MONDO:0011862	http://purl.obolibrary.org/obo/mondo#doid_rare	DOID:0110775	hereditary spastic paraplegia 24	hereditary spastic paraplegia 24
MONDO:0011866	http://purl.obolibrary.org/obo/mondo#doid_rare	DOID:0060265	pontocerebellar hypoplasia type 1A	pontocerebellar hypoplasia type 1A
MONDO:0011868	http://purl.obolibrary.org/obo/mondo#doid_rare	DOID:0060560	lethal congenital contracture syndrome 2	lethal congenital contracture syndrome 2
MONDO:0011871	http://purl.obolibrary.org/obo/mondo#doid_rare	DOID:0070112	Niemann-Pick disease type B	Niemann-Pick disease type B
MONDO:0011872	http://purl.obolibrary.org/obo/mondo#doid_rare	DOID:0060833	Griscelli syndrome type 2	Griscelli syndrome type 2
MONDO:0011873	http://purl.obolibrary.org/obo/mondo#doid_rare	DOID:0070114	Niemann-Pick disease, type C2	Niemann-Pick disease type C2
MONDO:0011877	http://purl.obolibrary.org/obo/mondo#doid_rare	DOID:0110937	autosomal dominant osteopetrosis 1	autosomal dominant osteopetrosis 1
MONDO:0011886	http://purl.obolibrary.org/obo/mondo#doid_rare	DOID:0090037	torsion dystonia 13	torsion dystonia 13
MONDO:0011889	http://purl.obolibrary.org/obo/mondo#doid_rare	DOID:0110158	Charcot-Marie-Tooth disease type 2I	Charcot-Marie-Tooth disease type 2I
MONDO:0011890	http://purl.obolibrary.org/obo/mondo#doid_rare	DOID:0110150	Charcot-Marie-Tooth disease type 1D	Charcot-Marie-Tooth disease type 1D
MONDO:0011894	http://purl.obolibrary.org/obo/mondo#doid_rare	DOID:0110165	Charcot-Marie-Tooth disease type 2E	Charcot-Marie-Tooth disease type 2E
MONDO:0011897	http://purl.obolibrary.org/obo/mondo#doid_rare	DOID:0060794	leukodystrophy, hypomyelinating, 7, with or without oligodontia and/or hypogonadotropic hypogonadism	hypomyelinating leukodystrophy 7
MONDO:0011899	http://purl.obolibrary.org/obo/mondo#doid_rare	DOID:0080691	Noonan syndrome-like disorder with loose anagen hair	Noonan syndrome-like disorder with loose anagen hair
MONDO:0011901	http://purl.obolibrary.org/obo/mondo#doid_rare	DOID:0110166	Charcot-Marie-Tooth disease axonal type 2H	Charcot-Marie-Tooth disease axonal type 2H
MONDO:0011902	http://purl.obolibrary.org/obo/mondo#doid_rare	DOID:0110149	Charcot-Marie-Tooth disease type 1F	Charcot-Marie-Tooth disease type 1F
MONDO:0011903	http://purl.obolibrary.org/obo/mondo#doid_rare	DOID:0110157	Charcot-Marie-Tooth disease type 2J	Charcot-Marie-Tooth disease type 2J
MONDO:0011906	http://purl.obolibrary.org/obo/mondo#doid_rare	DOID:0111071	congenital bile acid synthesis defect 1	congenital bile acid synthesis defect 1
MONDO:0011907	http://purl.obolibrary.org/obo/mondo#doid_rare	DOID:0050604	acrocapitofemoral dysplasia	acrocapitofemoral dysplasia
MONDO:0011908	http://purl.obolibrary.org/obo/mondo#doid_rare	DOID:0050458	juvenile myelomonocytic leukemia	juvenile myelomonocytic leukemia
MONDO:0011909	http://purl.obolibrary.org/obo/mondo#doid_rare	DOID:0110200	Charcot-Marie-Tooth disease dominant intermediate D	Charcot-Marie-Tooth disease dominant intermediate D
MONDO:0011911	http://purl.obolibrary.org/obo/mondo#doid_rare	DOID:0070307	craniolenticulosutural dysplasia	craniolenticulosutural dysplasia
MONDO:0011916	http://purl.obolibrary.org/obo/mondo#doid_rare	DOID:0110167	Charcot-Marie-Tooth disease axonal type 2K	Charcot-Marie-Tooth disease axonal type 2K
MONDO:0011925	http://purl.obolibrary.org/obo/mondo#doid_rare	DOID:0110636	congenital merosin-deficient muscular dystrophy 1A	congenital merosin-deficient muscular dystrophy 1A
MONDO:0011929	http://purl.obolibrary.org/obo/mondo#doid_rare	DOID:0060410	chromosome 1p36 deletion syndrome	chromosome 1p36 deletion syndrome
MONDO:0011933	http://purl.obolibrary.org/obo/mondo#doid_rare	DOID:0080561	ALG2-congenital disorder of glycosylation	congenital disorder of glycosylation Ii
MONDO:0011934	http://purl.obolibrary.org/obo/mondo#doid_rare	DOID:3507	dermatofibrosarcoma protuberans	dermatofibrosarcoma protuberans
MONDO:0011936	http://purl.obolibrary.org/obo/mondo#doid_rare	DOID:0111805	microphthalmia with brain and digit anomalies	syndromic microphthalmia 6
MONDO:0011945	http://purl.obolibrary.org/obo/mondo#doid_rare	DOID:0110960	Gaucher disease perinatal lethal	Gaucher's disease perinatal lethal
MONDO:0011948	http://purl.obolibrary.org/obo/mondo#doid_rare	DOID:0060272	pontocerebellar hypoplasia type 3	pontocerebellar hypoplasia type 3
MONDO:0011950	http://purl.obolibrary.org/obo/mondo#doid_rare	DOID:0111617	infantile-onset autosomal recessive nonprogressive cerebellar ataxia	autosomal recessive spinocerebellar ataxia 6
MONDO:0011951	http://purl.obolibrary.org/obo/mondo#doid_rare	DOID:0060198	amyotrophic lateral sclerosis type 6	amyotrophic lateral sclerosis type 6
MONDO:0011952	http://purl.obolibrary.org/obo/mondo#doid_rare	DOID:0060199	amyotrophic lateral sclerosis type 7	amyotrophic lateral sclerosis type 7
MONDO:0011957	http://purl.obolibrary.org/obo/mondo#doid_rare	DOID:0070517	retinal macular dystrophy type 2	retinal macular dystrophy 2
MONDO:0011962	http://purl.obolibrary.org/obo/mondo#doid_rare	DOID:1380	endometrial cancer	endometrial cancer
MONDO:0011963	http://purl.obolibrary.org/obo/mondo#doid_rare	DOID:0110988	Joubert syndrome 2	Joubert syndrome 2
MONDO:0011964	http://purl.obolibrary.org/obo/mondo#doid_rare	DOID:0080562	DPAGT1-congenital disorder of glycosylation	congenital disorder of glycosylation Ij
MONDO:0011965	http://purl.obolibrary.org/obo/mondo#doid_rare	DOID:0060755	familial temporal lobe epilepsy 2	familial temporal lobe epilepsy 2
MONDO:0011968	http://purl.obolibrary.org/obo/mondo#doid_rare	DOID:0110278	autosomal recessive limb-girdle muscular dystrophy type 2D	autosomal recessive limb-girdle muscular dystrophy type 2D
MONDO:0011969	http://purl.obolibrary.org/obo/mondo#doid_rare	DOID:0080560	ALG8-congenital disorder of glycosylation	congenital disorder of glycosylation Ih
MONDO:0011970	http://purl.obolibrary.org/obo/mondo#doid_rare	DOID:0111645	rolandic epilepsy-paroxysmal exercise-induced dystonia-writer's cramp syndrome	Rolandic epilepsy-paroxysmal exercise-induced dystonia-writer's cramp syndrome
MONDO:0011971	http://purl.obolibrary.org/obo/mondo#doid_rare	DOID:0060759	hyper-IgM syndrome type 5	immunodeficiency with hyper IgM type 5
MONDO:0011985	http://purl.obolibrary.org/obo/mondo#doid_rare	DOID:0060760	hyper-IgM syndrome type 4	immunodeficiency with hyper-IgM type 4
MONDO:0011988	http://purl.obolibrary.org/obo/mondo#doid_rare	DOID:0112064	neutrophil immunodeficiency syndrome	immunodeficiency 73a with defective neutrophil chemotaxis and leukocytosis
MONDO:0011989	http://purl.obolibrary.org/obo/mondo#doid_rare	DOID:9065	leishmaniasis	leishmaniasis
MONDO:0011992	http://purl.obolibrary.org/obo/mondo#doid_rare	DOID:0110776	hereditary spastic paraplegia 25	hereditary spastic paraplegia 25
MONDO:0011996	http://purl.obolibrary.org/obo/mondo#doid_rare	DOID:8552	chronic myeloid leukemia	chronic myeloid leukemia
MONDO:0012004	http://purl.obolibrary.org/obo/mondo#doid_rare	DOID:1540	parathyroid gland carcinoma	parathyroid carcinoma
MONDO:0012012	http://purl.obolibrary.org/obo/mondo#doid_rare	DOID:0110199	Charcot-Marie-Tooth disease dominant intermediate C	Charcot-Marie-Tooth disease dominant intermediate C
MONDO:0012014	http://purl.obolibrary.org/obo/mondo#doid_rare	DOID:0110201	Charcot-Marie-Tooth disease recessive intermediate A	Charcot-Marie-Tooth disease recessive intermediate A
MONDO:0012015	http://purl.obolibrary.org/obo/mondo#doid_rare	DOID:0111793	nystagmus 3, congenital, autosomal dominant	congenital nystagmus 3
MONDO:0012019	http://purl.obolibrary.org/obo/mondo#doid_rare	DOID:0112282	spondyloepiphyseal dysplasia, Kimberley type	spondyloepiphyseal dysplasia Kimberley type
MONDO:0012020	http://purl.obolibrary.org/obo/mondo#doid_rare	DOID:0060436	chromosome 22q11.2 microduplication syndrome	chromosome 22q11.2 microduplication syndrome
MONDO:0012033	http://purl.obolibrary.org/obo/mondo#doid_rare	DOID:0050335	bradyopsia	bradyopsia
MONDO:0012034	http://purl.obolibrary.org/obo/mondo#doid_rare	DOID:0110304	autosomal dominant limb-girdle muscular dystrophy type 1F	autosomal dominant limb-girdle muscular dystrophy type 2
MONDO:0012041	http://purl.obolibrary.org/obo/mondo#doid_rare	DOID:0080410	familial adenomatous polyposis 2	familial adenomatous polyposis 2
MONDO:0012043	http://purl.obolibrary.org/obo/mondo#doid_rare	DOID:0060453	Reis-Bucklers corneal dystrophy	Reis-Bucklers corneal dystrophy
MONDO:0012049	http://purl.obolibrary.org/obo/mondo#doid_rare	DOID:0060377	orofaciodigital syndrome VII	orofaciodigital syndrome VII
MONDO:0012052	http://purl.obolibrary.org/obo/mondo#doid_rare	DOID:0080563	ALG1-congenital disorder of glycosylation	congenital disorder of glycosylation Ik
MONDO:0012064	http://purl.obolibrary.org/obo/mondo#doid_rare	DOID:0080695	choanal atresia-hearing loss-cardiac defects-craniofacial dysmorphism syndrome	Burn-McKeown syndrome
MONDO:0012071	http://purl.obolibrary.org/obo/mondo#doid_rare	DOID:0111135	congenital generalized lipodystrophy type 1	congenital generalized lipodystrophy type 1
MONDO:0012072	http://purl.obolibrary.org/obo/mondo#doid_rare	DOID:0070207	familial partial lipodystrophy, Kobberling type	familial partial lipodystrophy type 1
MONDO:0012077	http://purl.obolibrary.org/obo/mondo#doid_rare	DOID:0050752	amyotrophic lateral sclerosis type 8	amyotrophic lateral sclerosis type 8
MONDO:0012084	http://purl.obolibrary.org/obo/mondo#doid_rare	DOID:0090123	aromatic L-amino acid decarboxylase deficiency	aromatic L-amino acid decarboxylase deficiency
MONDO:0012092	http://purl.obolibrary.org/obo/mondo#doid_rare	DOID:0070145	hereditary sensory and autonomic neuropathy type 5	hereditary sensory and autonomic neuropathy type 5
MONDO:0012096	http://purl.obolibrary.org/obo/mondo#doid_rare	DOID:0110174	Charcot-Marie-Tooth disease axonal type 2L	Charcot-Marie-Tooth disease axonal type 2L
MONDO:0012097	http://purl.obolibrary.org/obo/mondo#doid_rare	DOID:0112362	spondylocostal dysostosis 2, autosomal recessive	spondylocostal dysostosis 2
MONDO:0012098	http://purl.obolibrary.org/obo/mondo#doid_rare	DOID:0050971	spinocerebellar ataxia type 20	spinocerebellar ataxia 20
MONDO:0012103	http://purl.obolibrary.org/obo/mondo#doid_rare	DOID:0050974	spinocerebellar ataxia type 25	spinocerebellar ataxia 25
MONDO:0012105	http://purl.obolibrary.org/obo/mondo#doid_rare	DOID:12132	granulomatosis with polyangiitis	granulomatosis with polyangiitis
MONDO:0012117	http://purl.obolibrary.org/obo/mondo#doid_rare	DOID:0080564	ALG9-congenital disorder of glycosylation	congenital disorder of glycosylation Il
MONDO:0012118	http://purl.obolibrary.org/obo/mondo#doid_rare	DOID:0070257	COG7-congenital disorder of glycosylation	congenital disorder of glycosylation type IIe
MONDO:0012123	http://purl.obolibrary.org/obo/mondo#doid_rare	DOID:0080557	congenital disorder of glycosylation type 1E	congenital disorder of glycosylation Ie
MONDO:0012125	http://purl.obolibrary.org/obo/mondo#doid_rare	DOID:0060787	leukodystrophy, hypomyelinating, 2	hypomyelinating leukodystrophy 2
MONDO:0012127	http://purl.obolibrary.org/obo/mondo#doid_rare	DOID:0110283	autosomal recessive limb-girdle muscular dystrophy type 2J	autosomal recessive limb-girdle muscular dystrophy type 2J
MONDO:0012130	http://purl.obolibrary.org/obo/mondo#doid_rare	DOID:0080093	myofibrillar myopathy 2	adult-onset myofibrillar myopathy 2A
MONDO:0012138	http://purl.obolibrary.org/obo/mondo#doid_rare	DOID:0110637	muscular dystrophy-dystroglycanopathy type B6	muscular dystrophy-dystroglycanopathy type B6
MONDO:0012146	http://purl.obolibrary.org/obo/mondo#doid_rare	DOID:0110923	familial hemophagocytic lymphohistiocytosis 3	familial hemophagocytic lymphohistiocytosis 3
MONDO:0012160	http://purl.obolibrary.org/obo/mondo#doid_rare	DOID:0112300	spondylometaphyseal dysplasia-cone-rod dystrophy syndrome	spondylometaphyseal dysplasia with cone-rod dystrophy
MONDO:0012163	http://purl.obolibrary.org/obo/mondo#doid_rare	DOID:0090014	immunodeficiency 104	severe combined immunodeficiency 104
MONDO:0012172	http://purl.obolibrary.org/obo/mondo#doid_rare	DOID:0111277	mitochondrial trifunctional protein deficiency	mitochondrial trifunctional protein deficiency
MONDO:0012173	http://purl.obolibrary.org/obo/mondo#doid_rare	DOID:0061186	long chain 3-hydroxyacyl-CoA dehydrogenase deficiency	long chain 3-hydroxyacyl-CoA dehydrogenase deficiency
MONDO:0012177	http://purl.obolibrary.org/obo/mondo#doid_rare	DOID:0061157	posterior column ataxia-retinitis pigmentosa syndrome	retinopathy sensory neuropathy syndrome
MONDO:0012181	http://purl.obolibrary.org/obo/mondo#doid_rare	DOID:0110778	hereditary spastic paraplegia 27	hereditary spastic paraplegia 27
MONDO:0012184	http://purl.obolibrary.org/obo/mondo#doid_rare	DOID:0060852	Pierson syndrome	Pierson syndrome
MONDO:0012185	http://purl.obolibrary.org/obo/mondo#doid_rare	DOID:0112301	spondylometaphyseal dysplasia, A4 type	spondylometaphyseal dysplasia type A4
MONDO:0012188	http://purl.obolibrary.org/obo/mondo#doid_rare	DOID:0110733	neuronal ceroid lipofuscinosis 9	neuronal ceroid lipofuscinosis 9
MONDO:0012191	http://purl.obolibrary.org/obo/mondo#doid_rare	DOID:0111474	hepatoencephalopathy due to combined oxidative phosphorylation defect type 1	combined oxidative phosphorylation deficiency 1
MONDO:0012193	http://purl.obolibrary.org/obo/mondo#doid_rare	DOID:0110306	autosomal dominant limb-girdle muscular dystrophy type 1G	autosomal dominant limb-girdle muscular dystrophy type 3
MONDO:0012195	http://purl.obolibrary.org/obo/mondo#doid_rare	DOID:0111610	arthrogryposis-severe scoliosis syndrome	distal arthrogryposis type 4
MONDO:0012198	http://purl.obolibrary.org/obo/mondo#doid_rare	DOID:0090111	PCWH syndrome	PCWH syndrome
MONDO:0012203	http://purl.obolibrary.org/obo/mondo#doid_rare	DOID:0081101	familial hyperthyroidism due to mutations in TSH receptor	nonautoimmune hyperthyroidism
MONDO:0012211	http://purl.obolibrary.org/obo/mondo#doid_rare	DOID:0080558	MPDU1-congenital disorder of glycosylation	congenital disorder of glycosylation If
MONDO:0012213	http://purl.obolibrary.org/obo/mondo#doid_rare	DOID:0110777	hereditary spastic paraplegia 26	hereditary spastic paraplegia 26
MONDO:0012215	http://purl.obolibrary.org/obo/mondo#doid_rare	DOID:0080094	myofibrillar myopathy 3	myofibrillar myopathy 3
MONDO:0012216	http://purl.obolibrary.org/obo/mondo#doid_rare	DOID:0070531	foveal hypoplasia - optic nerve decussation defect - anterior segment dysgenesis syndrome	foveal hypoplasia 2
MONDO:0012220	http://purl.obolibrary.org/obo/mondo#doid_rare	DOID:0060834	Griscelli syndrome type 3	Griscelli syndrome type 3
MONDO:0012221	http://purl.obolibrary.org/obo/mondo#doid_rare	DOID:0112318	alpha-N-acetylgalactosaminidase deficiency type 1	Schindler disease type 1
MONDO:0012222	http://purl.obolibrary.org/obo/mondo#doid_rare	DOID:0112319	alpha-N-acetylgalactosaminidase deficiency type 2	Kanzaki disease
MONDO:0012231	http://purl.obolibrary.org/obo/mondo#doid_rare	DOID:0110155	Charcot-Marie-Tooth disease type 2A2	Charcot-Marie-Tooth disease type 2A2A
MONDO:0012235	http://purl.obolibrary.org/obo/mondo#doid_rare	DOID:0080059	autosomal recessive spinocerebellar ataxia 7	autosomal recessive spinocerebellar ataxia 7
MONDO:0012246	http://purl.obolibrary.org/obo/mondo#doid_rare	DOID:0050975	spinocerebellar ataxia type 26	spinocerebellar ataxia 26
MONDO:0012247	http://purl.obolibrary.org/obo/mondo#doid_rare	DOID:0050976	spinocerebellar ataxia type 27	spinocerebellar ataxia 27A
MONDO:0012248	http://purl.obolibrary.org/obo/mondo#doid_rare	DOID:0110297	autosomal recessive limb-girdle muscular dystrophy type 2K	autosomal recessive limb-girdle muscular dystrophy type 2K
MONDO:0012250	http://purl.obolibrary.org/obo/mondo#doid_rare	DOID:0110192	Charcot-Marie-Tooth disease type 4H	Charcot-Marie-Tooth disease type 4H
MONDO:0012251	http://purl.obolibrary.org/obo/mondo#doid_rare	DOID:0060483	MEDNIK syndrome	MEDNIK syndrome
MONDO:0012252	http://purl.obolibrary.org/obo/mondo#doid_rare	DOID:0070618	rhabdoid tumor predisposition syndrome 1	rhabdoid tumor predisposition syndrome 1
MONDO:0012256	http://purl.obolibrary.org/obo/mondo#doid_rare	DOID:0110779	hereditary spastic paraplegia 28	hereditary spastic paraplegia 28
MONDO:0012269	http://purl.obolibrary.org/obo/mondo#doid_rare	DOID:0060419	chromosome 3q29 microdeletion syndrome	chromosome 3q29 microdeletion syndrome
MONDO:0012270	http://purl.obolibrary.org/obo/mondo#doid_rare	DOID:0081021	Tukel syndrome	Tukel syndrome
MONDO:0012275	http://purl.obolibrary.org/obo/mondo#doid_rare	DOID:0060471	fetal valproate syndrome	fetal valproate syndrome
MONDO:0012276	http://purl.obolibrary.org/obo/mondo#doid_rare	DOID:0070442	generalized epilepsy-paroxysmal dyskinesia syndrome	paroxysmal nonkinesigenic dyskinesia 3
MONDO:0012280	http://purl.obolibrary.org/obo/mondo#doid_rare	DOID:0060481	Goldberg-Shprintzen syndrome	Goldberg-Shprintzen syndrome
MONDO:0012290	http://purl.obolibrary.org/obo/mondo#doid_rare	DOID:0060337	CEDNIK syndrome	CEDNIK syndrome
MONDO:0012295	http://purl.obolibrary.org/obo/mondo#doid_rare	DOID:8158	complement component 5 deficiency	complement component 5 deficiency
MONDO:0012297	http://purl.obolibrary.org/obo/mondo#doid_rare	DOID:0060491	spastic paraplegia, optic atropy, and neuropathy	SPOAN syndrome
MONDO:0012301	http://purl.obolibrary.org/obo/mondo#doid_rare	DOID:0080120	mitochondrial DNA depletion syndrome, myopathic form	mitochondrial DNA depletion syndrome 2
MONDO:0012308	http://purl.obolibrary.org/obo/mondo#doid_rare	DOID:0110999	Joubert syndrome with renal defect	Joubert syndrome 4
MONDO:0012315	http://purl.obolibrary.org/obo/mondo#doid_rare	DOID:0060390	distal 10q deletion syndrome	distal 10q deletion syndrome
MONDO:0012316	http://purl.obolibrary.org/obo/mondo#doid_rare	DOID:0061224	Majeed syndrome	Majeed syndrome
MONDO:0012320	http://purl.obolibrary.org/obo/mondo#doid_rare	DOID:0111183	migraine, familial hemiplegic, 3	familial hemiplegic migraine 3
MONDO:0012334	http://purl.obolibrary.org/obo/mondo#doid_rare	DOID:0110780	hereditary spastic paraplegia 29	hereditary spastic paraplegia 29
MONDO:0012335	http://purl.obolibrary.org/obo/mondo#doid_rare	DOID:0051068	obesity due to pro-opiomelanocortin deficiency	early-onset obesity, adrenal insufficiency, and red hair
MONDO:0012342	http://purl.obolibrary.org/obo/mondo#doid_rare	DOID:0080926	7q11.23 microduplication syndrome	7q11.23 duplication syndrome
MONDO:0012345	http://purl.obolibrary.org/obo/mondo#doid_rare	DOID:0070521	acral peeling skin syndrome	peeling skin syndrome 2
MONDO:0012354	http://purl.obolibrary.org/obo/mondo#doid_rare	DOID:0060692	platelet-type bleeding disorder 8	platelet-type bleeding disorder 8
MONDO:0012376	http://purl.obolibrary.org/obo/mondo#doid_rare	DOID:0110510	autosomal recessive nonsyndromic hearing loss 55	autosomal recessive nonsyndromic deafness 55
MONDO:0012380	http://purl.obolibrary.org/obo/mondo#doid_rare	DOID:0110579	autosomal dominant nonsyndromic hearing loss 53	autosomal dominant nonsyndromic deafness 53
MONDO:0012381	http://purl.obolibrary.org/obo/mondo#doid_rare	DOID:0070220	hyperinsulinism due to INSR deficiency	familial hyperinsulinemic hypoglycemia 5
MONDO:0012382	http://purl.obolibrary.org/obo/mondo#doid_rare	DOID:0070215	hyperinsulinemic hypoglycemia, familial, 4	familial hyperinsulinemic hypoglycemia 4
MONDO:0012383	http://purl.obolibrary.org/obo/mondo#doid_rare	DOID:0111967	primary immunodeficiency with natural-killer cell deficiency and adrenal insufficiency	immunodeficiency 54
MONDO:0012391	http://purl.obolibrary.org/obo/mondo#doid_rare	DOID:0110724	neuronal ceroid lipofuscinosis 8 northern epilepsy variant	neuronal ceroid lipofuscinosis 8 northern epilepsy variant
MONDO:0012393	http://purl.obolibrary.org/obo/mondo#doid_rare	DOID:0070544	congenital brain dysgenesis due to glutamine synthetase deficiency	congenital glutamine deficiency
MONDO:0012394	http://purl.obolibrary.org/obo/mondo#doid_rare	DOID:0081318	multiple synostoses syndrome 2	multiple synostoses syndrome 2
MONDO:0012396	http://purl.obolibrary.org/obo/mondo#doid_rare	DOID:0070214	exercise-induced hyperinsulinism	familial hyperinsulinemic hypoglycemia 7
MONDO:0012398	http://purl.obolibrary.org/obo/mondo#doid_rare	DOID:0081025	achromatopsia 6	achromatopsia 6
MONDO:0012399	http://purl.obolibrary.org/obo/mondo#doid_rare	DOID:0090132	complex cortical dysplasia with other brain malformations 7	complex cortical dysplasia with other brain malformations 7
MONDO:0012400	http://purl.obolibrary.org/obo/mondo#doid_rare	DOID:0090130	cortical dysplasia-focal epilepsy syndrome	cortical dysplasia-focal epilepsy syndrome
MONDO:0012401	http://purl.obolibrary.org/obo/mondo#doid_rare	DOID:0060445	congenital stromal corneal dystrophy	congenital stromal corneal dystrophy
MONDO:0012407	http://purl.obolibrary.org/obo/mondo#doid_rare	DOID:0111329	pyridoxal phosphate-responsive seizures	pyridoxamine 5'-phosphate oxidase deficiency
MONDO:0012409	http://purl.obolibrary.org/obo/mondo#doid_rare	DOID:0060839	isolated microphthalmia 2	isolated microphthalmia 2
MONDO:0012410	http://purl.obolibrary.org/obo/mondo#doid_rare	DOID:0111189	Finnish upper limb-onset distal myopathy	distal myopathy 3
MONDO:0012412	http://purl.obolibrary.org/obo/mondo#doid_rare	DOID:0060300	complement component 7 deficiency	complement component 7 deficiency
MONDO:0012413	http://purl.obolibrary.org/obo/mondo#doid_rare	DOID:0111806	syndromic microphthalmia type 5	syndromic microphthalmia 5
MONDO:0012414	http://purl.obolibrary.org/obo/mondo#doid_rare	DOID:0110725	neuronal ceroid lipofuscinosis 10	neuronal ceroid lipofuscinosis 10
MONDO:0012430	http://purl.obolibrary.org/obo/mondo#doid_rare	DOID:0070557	cerebellar ataxia, intellectual disability, and dysequilibrium syndrome 2	cerebellar ataxia, impaired intellectual development, and dysequilibrium syndrome 2
MONDO:0012435	http://purl.obolibrary.org/obo/mondo#doid_rare	DOID:0110000	3-methylglutaconic aciduria type 5	3-methylglutaconic aciduria type 5
MONDO:0012436	http://purl.obolibrary.org/obo/mondo#doid_rare	DOID:0060638	neonatal diabetes mellitus with congenital hypothyroidism	neonatal diabetes mellitus with congenital hypothyroidism
MONDO:0012438	http://purl.obolibrary.org/obo/mondo#doid_rare	DOID:0060274	pontocerebellar hypoplasia type 5	pontocerebellar hypoplasia type 5
MONDO:0012453	http://purl.obolibrary.org/obo/mondo#doid_rare	DOID:0110782	hereditary spastic paraplegia 31	hereditary spastic paraplegia 31
MONDO:0012474	http://purl.obolibrary.org/obo/mondo#doid_rare	DOID:0060685	autosomal dominant nocturnal frontal lobe epilepsy 4	autosomal dominant nocturnal frontal lobe epilepsy 4
MONDO:0012475	http://purl.obolibrary.org/obo/mondo#doid_rare	DOID:0081022	cone dystrophy with supernormal rod response	cone dystrophy with supernormal rod responses
MONDO:0012476	http://purl.obolibrary.org/obo/mondo#doid_rare	DOID:0110781	hereditary spastic paraplegia 30	hereditary spastic paraplegia 30
MONDO:0012479	http://purl.obolibrary.org/obo/mondo#doid_rare	DOID:0060779	congenital malabsorptive diarrhea 4	congenital malabsorptive diarrhea 4
MONDO:0012481	http://purl.obolibrary.org/obo/mondo#doid_rare	DOID:0050452	mevalonic aciduria	mevalonic aciduria
MONDO:0012495	http://purl.obolibrary.org/obo/mondo#doid_rare	DOID:0080576	spondyloepimetaphyseal dysplasia, Genevieve type	spondyloepimetaphyseal dysplasia, Genevieve-type
MONDO:0012502	http://purl.obolibrary.org/obo/mondo#doid_rare	DOID:0080170	normophosphatemic familial tumoral calcinosis	normophosphatemic familial tumoral calcinosis
MONDO:0012504	http://purl.obolibrary.org/obo/mondo#doid_rare	DOID:0111160	camptodactyly-tall stature-scoliosis-hearing loss syndrome	camptodactyly-tall stature-scoliosis-hearing loss syndrome
MONDO:0012505	http://purl.obolibrary.org/obo/mondo#doid_rare	DOID:0070547	pigmented nodular adrenocortical disease, primary, 2	primary pigmented nodular adrenocortical disease 2
MONDO:0012507	http://purl.obolibrary.org/obo/mondo#doid_rare	DOID:0081023	retinal cone dystrophy 4	retinal cone dystrophy 4
MONDO:0012509	http://purl.obolibrary.org/obo/mondo#doid_rare	DOID:0070546	pigmented nodular adrenocortical disease, primary, 1	primary pigmented nodular adrenocortical disease 1
MONDO:0012510	http://purl.obolibrary.org/obo/mondo#doid_rare	DOID:0111483	combined oxidative phosphorylation defect type 2	combined oxidative phosphorylation deficiency 2
MONDO:0012512	http://purl.obolibrary.org/obo/mondo#doid_rare	DOID:0111486	fatal mitochondrial disease due to combined oxidative phosphorylation defect type 3	combined oxidative phosphorylation deficiency 3
MONDO:0012514	http://purl.obolibrary.org/obo/mondo#doid_rare	DOID:0060793	leukodystrophy, hypomyelinating, 5	hypomyelinating leukodystrophy 5
MONDO:0012516	http://purl.obolibrary.org/obo/mondo#doid_rare	DOID:0080196	mandibulofacial dysostosis-microcephaly syndrome	mandibulofacial dysostosis, Guion-Almeida type
MONDO:0012517	http://purl.obolibrary.org/obo/mondo#doid_rare	DOID:0110961	Gaucher disease due to saposin C deficiency	atypical Gaucher's disease due to saposin c deficiency
MONDO:0012534	http://purl.obolibrary.org/obo/mondo#doid_rare	DOID:0111494	combined oxidative phosphorylation defect type 4	combined oxidative phosphorylation deficiency 4
MONDO:0012536	http://purl.obolibrary.org/obo/mondo#doid_rare	DOID:0110337	osteogenesis imperfecta type 7	osteogenesis imperfecta type 7
MONDO:0012548	http://purl.obolibrary.org/obo/mondo#doid_rare	DOID:0112133	Kostmann syndrome	severe congenital neutropenia 3
MONDO:0012549	http://purl.obolibrary.org/obo/mondo#doid_rare	DOID:0111618	autosomal recessive ataxia, Beauce type	autosomal recessive spinocerebellar ataxia 8
MONDO:0012556	http://purl.obolibrary.org/obo/mondo#doid_rare	DOID:0080565	DK1-congenital disorder of glycosylation	congenital disorder of glycosylation Im
MONDO:0012574	http://purl.obolibrary.org/obo/mondo#doid_rare	DOID:0060853	Potocki-Lupski syndrome	Potocki-Lupski syndrome
MONDO:0012581	http://purl.obolibrary.org/obo/mondo#doid_rare	DOID:0110336	osteogenesis imperfecta type 8	osteogenesis imperfecta type 8
MONDO:0012588	http://purl.obolibrary.org/obo/mondo#doid_rare	DOID:0110722	neuronal ceroid lipofuscinosis 7	neuronal ceroid lipofuscinosis 7
MONDO:0012589	http://purl.obolibrary.org/obo/mondo#doid_rare	DOID:0060488	Pitt-Hopkins syndrome	Pitt-Hopkins syndrome
MONDO:0012590	http://purl.obolibrary.org/obo/mondo#doid_rare	DOID:0060590	XFE progeroid syndrome	XFE progeroid syndrome
MONDO:0012591	http://purl.obolibrary.org/obo/mondo#doid_rare	DOID:0110344	osteogenesis imperfecta type 5	osteogenesis imperfecta type 5
MONDO:0012603	http://purl.obolibrary.org/obo/mondo#doid_rare	DOID:0090054	episodic kinesigenic dyskinesia 2	episodic kinesigenic dyskinesia 2
MONDO:0012604	http://purl.obolibrary.org/obo/mondo#doid_rare	DOID:0060842	isolated microphthalmia 3	syndromic microphthalmia 16
MONDO:0012605	http://purl.obolibrary.org/obo/mondo#doid_rare	DOID:0060837	isolated microphthalmia 5	isolated microphthalmia 5
MONDO:0012608	http://purl.obolibrary.org/obo/mondo#doid_rare	DOID:0111213	neuronopathy, distal hereditary motor, autosomal recessive 4	autosomal recessive distal hereditary motor neuronopathy 4
MONDO:0012611	http://purl.obolibrary.org/obo/mondo#doid_rare	DOID:0070511	polyhydramnios, megalencephaly, and symptomatic epilepsy	polyhydramnios, megalencephaly, and symptomatic epilepsy
MONDO:0012624	http://purl.obolibrary.org/obo/mondo#doid_rare	DOID:0112072	acyl-CoA dehydrogenase 9 deficiency	nuclear type mitochondrial complex I deficiency 20
MONDO:0012629	http://purl.obolibrary.org/obo/mondo#doid_rare	DOID:0090047	paroxysmal nonkinesigenic dyskinesia 2	paroxysmal nonkinesigenic dyskinesia 2
MONDO:0012635	http://purl.obolibrary.org/obo/mondo#doid_rare	DOID:0070260	COG8-congenital disorder of glycosylation	congenital disorder of glycosylation type IIh
MONDO:0012637	http://purl.obolibrary.org/obo/mondo#doid_rare	DOID:0070259	COG1-congenital disorder of glycosylation	congenital disorder of glycosylation type IIg
MONDO:0012638	http://purl.obolibrary.org/obo/mondo#doid_rare	DOID:0111812	microphthalmia-brain atrophy syndrome	syndromic microphthalmia 10
MONDO:0012639	http://purl.obolibrary.org/obo/mondo#doid_rare	DOID:0110771	hereditary spastic paraplegia 18	hereditary spastic paraplegia 18
MONDO:0012640	http://purl.obolibrary.org/obo/mondo#doid_rare	DOID:0110184	Charcot-Marie-Tooth disease type 4J	Charcot-Marie-Tooth disease type 4J
MONDO:0012643	http://purl.obolibrary.org/obo/mondo#doid_rare	DOID:0110783	hereditary spastic paraplegia 32	hereditary spastic paraplegia 32
MONDO:0012652	http://purl.obolibrary.org/obo/mondo#doid_rare	DOID:0110284	autosomal recessive limb-girdle muscular dystrophy type 2L	autosomal recessive limb-girdle muscular dystrophy type 2L
MONDO:0012656	http://purl.obolibrary.org/obo/mondo#doid_rare	DOID:0060653	lethal congenital contracture syndrome 3	lethal congenital contracture syndrome 3
MONDO:0012658	http://purl.obolibrary.org/obo/mondo#doid_rare	DOID:0110975	brachydactyly type B2	brachydactyly type B2
MONDO:0012669	http://purl.obolibrary.org/obo/mondo#doid_rare	DOID:0070484	Legius syndrome	Legius syndrome
MONDO:0012675	http://purl.obolibrary.org/obo/mondo#doid_rare	DOID:0090030	corticosteroid-binding globulin deficiency	corticosteroid-binding globulin deficiency
MONDO:0012676	http://purl.obolibrary.org/obo/mondo#doid_rare	DOID:0110944	autosomal recessive osteopetrosis 4	autosomal recessive osteopetrosis 4
MONDO:0012679	http://purl.obolibrary.org/obo/mondo#doid_rare	DOID:0110945	autosomal recessive osteopetrosis 6	autosomal recessive osteopetrosis 6
MONDO:0012682	http://purl.obolibrary.org/obo/mondo#doid_rare	DOID:0111989	immunodeficiency 35	immunodeficiency 35
MONDO:0012683	http://purl.obolibrary.org/obo/mondo#doid_rare	DOID:0060275	pontocerebellar hypoplasia type 6	pontocerebellar hypoplasia type 6
MONDO:0012699	http://purl.obolibrary.org/obo/mondo#doid_rare	DOID:0110296	autosomal recessive limb-girdle muscular dystrophy type 2M	autosomal recessive limb-girdle muscular dystrophy type 2M
MONDO:0012705	http://purl.obolibrary.org/obo/mondo#doid_rare	DOID:0060750	familial temporal lobe epilepsy 3	familial temporal lobe epilepsy 3
MONDO:0012706	http://purl.obolibrary.org/obo/mondo#doid_rare	DOID:0060753	familial temporal lobe epilepsy 4	familial temporal lobe epilepsy 4
MONDO:0012713	http://purl.obolibrary.org/obo/mondo#doid_rare	DOID:0112302	spondylometaphyseal dysplasia, East African type	spondylometaphyseal dysplasia East African type
MONDO:0012714	http://purl.obolibrary.org/obo/mondo#doid_rare	DOID:0081341	early-onset myopathy with fatal cardiomyopathy	congenital myopathy 5
MONDO:0012716	http://purl.obolibrary.org/obo/mondo#doid_rare	DOID:0112287	spondyloepiphyseal dysplasia, Cantu type	spondyloepiphyseal dysplasia-brachydactyly and distinctive speech
MONDO:0012717	http://purl.obolibrary.org/obo/mondo#doid_rare	DOID:0060882	renal hypomagnesemia 4	renal hypomagnesemia 4
MONDO:0012718	http://purl.obolibrary.org/obo/mondo#doid_rare	DOID:0111473	hypotonia with lactic acidemia and hyperammonemia	combined oxidative phosphorylation deficiency 5
MONDO:0012719	http://purl.obolibrary.org/obo/mondo#doid_rare	DOID:0111330	combined PSAP deficiency	combined saposin deficiency
MONDO:0012721	http://purl.obolibrary.org/obo/mondo#doid_rare	DOID:0111446	progressive myoclonic epilepsy type 3	progressive myoclonus epilepsy 3
MONDO:0012727	http://purl.obolibrary.org/obo/mondo#doid_rare	DOID:13378	Kawasaki disease	Kawasaki disease
MONDO:0012736	http://purl.obolibrary.org/obo/mondo#doid_rare	DOID:0110650	long QT syndrome 9	long QT syndrome 9
MONDO:0012737	http://purl.obolibrary.org/obo/mondo#doid_rare	DOID:0110651	long QT syndrome 10	long QT syndrome 10
MONDO:0012738	http://purl.obolibrary.org/obo/mondo#doid_rare	DOID:0110652	long QT syndrome 11	long QT syndrome 11
MONDO:0012740	http://purl.obolibrary.org/obo/mondo#doid_rare	DOID:0060413	chromosome 22q11.2 deletion syndrome, distal	chromosome 22q11.2 deletion syndrome, distal
MONDO:0012742	http://purl.obolibrary.org/obo/mondo#doid_rare	DOID:0110220	Brugada syndrome 3	Brugada syndrome 3
MONDO:0012743	http://purl.obolibrary.org/obo/mondo#doid_rare	DOID:0110221	Brugada syndrome 4	Brugada syndrome 4
MONDO:0012753	http://purl.obolibrary.org/obo/mondo#doid_rare	DOID:0060200	amyotrophic lateral sclerosis type 9	amyotrophic lateral sclerosis type 9
MONDO:0012756	http://purl.obolibrary.org/obo/mondo#doid_rare	DOID:0070515	proximal 16p11.2 microdeletion syndrome	chromosome 16p11.2 deletion syndrome, 593-kb
MONDO:0012761	http://purl.obolibrary.org/obo/mondo#doid_rare	DOID:0060459	chromosome 3q29 microduplication syndrome	chromosome 3q29 microduplication syndrome
MONDO:0012764	http://purl.obolibrary.org/obo/mondo#doid_rare	DOID:0090113	RIDDLE syndrome	RIDDLE syndrome
MONDO:0012766	http://purl.obolibrary.org/obo/mondo#doid_rare	DOID:0110788	hereditary spastic paraplegia 37	hereditary spastic paraplegia 37
MONDO:0012774	http://purl.obolibrary.org/obo/mondo#doid_rare	DOID:0060394	chromosome 15q13.3 microdeletion syndrome	chromosome 15q13.3 microdeletion syndrome
MONDO:0012783	http://purl.obolibrary.org/obo/mondo#doid_rare	DOID:0080566	RFT1-congenital disorder of glycosylation	congenital disorder of glycosylation In
MONDO:0012784	http://purl.obolibrary.org/obo/mondo#doid_rare	DOID:0070241	autosomal recessive ataxia due to ubiquinone deficiency	primary coenzyme Q10 deficiency 4
MONDO:0012787	http://purl.obolibrary.org/obo/mondo#doid_rare	DOID:0110790	hereditary spastic paraplegia 39	hereditary spastic paraplegia 39
MONDO:0012789	http://purl.obolibrary.org/obo/mondo#doid_rare	DOID:0090048	dystonia 16	dystonia 16
MONDO:0012790	http://purl.obolibrary.org/obo/mondo#doid_rare	DOID:0060201	amyotrophic lateral sclerosis type 10	amyotrophic lateral sclerosis type 10
MONDO:0012792	http://purl.obolibrary.org/obo/mondo#doid_rare	DOID:0080127	mitochondrial DNA depletion syndrome 8a	mitochondrial DNA depletion syndrome 8a
MONDO:0012794	http://purl.obolibrary.org/obo/mondo#doid_rare	DOID:0112244	ANE syndrome	alopecia, neurologic defects, and endocrinopathy syndrome
MONDO:0012802	http://purl.obolibrary.org/obo/mondo#doid_rare	DOID:0060482	oculoauricular syndrome	oculoauricular syndrome
MONDO:0012805	http://purl.obolibrary.org/obo/mondo#doid_rare	DOID:0090045	childhood onset GLUT1 deficiency syndrome 2	glucose transporter type 1 deficiency syndrome 2
MONDO:0012817	http://purl.obolibrary.org/obo/mondo#doid_rare	DOID:3369	Ewing sarcoma	Ewing sarcoma
MONDO:0012824	http://purl.obolibrary.org/obo/mondo#doid_rare	DOID:0060789	leukodystrophy, hypomyelinating, 4	hypomyelinating leukodystrophy 4
MONDO:0012833	http://purl.obolibrary.org/obo/mondo#doid_rare	DOID:0111161	Crouzon syndrome-acanthosis nigricans syndrome	Crouzon syndrome-acanthosis nigricans syndrome
MONDO:0012847	http://purl.obolibrary.org/obo/mondo#doid_rare	DOID:0060715	autosomal recessive congenital ichthyosis 6	autosomal recessive congenital ichthyosis 6
MONDO:0012853	http://purl.obolibrary.org/obo/mondo#doid_rare	DOID:0051067	Fontaine progeroid syndrome	Fontaine progeroid syndrome
MONDO:0012856	http://purl.obolibrary.org/obo/mondo#doid_rare	DOID:0050675	Birk-Barel syndrome	Birk-Barel syndrome
MONDO:0012859	http://purl.obolibrary.org/obo/mondo#doid_rare	DOID:0110946	autosomal recessive osteopetrosis 7	autosomal recessive osteopetrosis 7
MONDO:0012864	http://purl.obolibrary.org/obo/mondo#doid_rare	DOID:0060428	chromosome 2q32-q33 deletion syndrome	SATB2-associated syndrome
MONDO:0012866	http://purl.obolibrary.org/obo/mondo#doid_rare	DOID:0110786	hereditary spastic paraplegia 35	hereditary spastic paraplegia 35
MONDO:0012867	http://purl.obolibrary.org/obo/mondo#doid_rare	DOID:0110789	hereditary spastic paraplegia 38	hereditary spastic paraplegia 38
MONDO:0012883	http://purl.obolibrary.org/obo/mondo#doid_rare	DOID:0060318	acute promyelocytic leukemia	acute promyelocytic leukemia
MONDO:0012885	http://purl.obolibrary.org/obo/mondo#doid_rare	DOID:0080568	SRD5A3-congenital disorder of glycosylation	congenital disorder of glycosylation Iq
MONDO:0012890	http://purl.obolibrary.org/obo/mondo#doid_rare	DOID:0060268	pontocerebellar hypoplasia type 2B	pontocerebellar hypoplasia type 2B
MONDO:0012891	http://purl.obolibrary.org/obo/mondo#doid_rare	DOID:0060269	pontocerebellar hypoplasia type 2C	pontocerebellar hypoplasia type 2C
MONDO:0012895	http://purl.obolibrary.org/obo/mondo#doid_rare	DOID:0090042	torsion dystonia 17	torsion dystonia 17
MONDO:0012897	http://purl.obolibrary.org/obo/mondo#doid_rare	DOID:2229	congenital factor XI deficiency	factor XI deficiency
MONDO:0012905	http://purl.obolibrary.org/obo/mondo#doid_rare	DOID:0060798	leukodystrophy, hypomyelinating, 6	hypomyelinating leukodystrophy 6
MONDO:0012908	http://purl.obolibrary.org/obo/mondo#doid_rare	DOID:0060299	complement component 6 deficiency	complement component 6 deficiency
MONDO:0012911	http://purl.obolibrary.org/obo/mondo#doid_rare	DOID:0051013	pseudohypoparathyroidism type 1C	pseudohypoparathyroidism type 1C
MONDO:0012912	http://purl.obolibrary.org/obo/mondo#doid_rare	DOID:4183	pseudopseudohypoparathyroidism	pseudopseudohypoparathyroidism
MONDO:0012914	http://purl.obolibrary.org/obo/mondo#doid_rare	DOID:0060411	chromosome 1q21.1 deletion syndrome	chromosome 1q21.1 deletion syndrome
MONDO:0012915	http://purl.obolibrary.org/obo/mondo#doid_rare	DOID:0060435	chromosome 1q21.1 duplication syndrome	chromosome 1q21.1 duplication syndrome
MONDO:0012916	http://purl.obolibrary.org/obo/mondo#doid_rare	DOID:0060415	chromosome 2p16.1-p15 deletion syndrome	chromosome 2p16.1-p15 deletion syndrome
MONDO:0012927	http://purl.obolibrary.org/obo/mondo#doid_rare	DOID:0060412	chromosome 1q41-q42 deletion syndrome	chromosome 1q41-q42 deletion syndrome
MONDO:0012928	http://purl.obolibrary.org/obo/mondo#doid_rare	DOID:0110794	hereditary spastic paraplegia 42	hereditary spastic paraplegia 42
MONDO:0012929	http://purl.obolibrary.org/obo/mondo#doid_rare	DOID:0080101	Compton-North congenital myopathy	Compton-North congenital myopathy
MONDO:0012930	http://purl.obolibrary.org/obo/mondo#doid_rare	DOID:0112136	autosomal recessive severe congenital neutropenia due to G6PC3 deficiency	severe congenital neutropenia 4
MONDO:0012945	http://purl.obolibrary.org/obo/mondo#doid_rare	DOID:0060202	amyotrophic lateral sclerosis type 11	amyotrophic lateral sclerosis type 11
MONDO:0012948	http://purl.obolibrary.org/obo/mondo#doid_rare	DOID:0060422	chromosome 6pter-p24 deletion syndrome	chromosome 6pter-p24 deletion syndrome
MONDO:0012964	http://purl.obolibrary.org/obo/mondo#doid_rare	DOID:0060397	chromosome 15q26-qter deletion syndrome	chromosome 15q26-qter deletion syndrome
MONDO:0012980	http://purl.obolibrary.org/obo/mondo#doid_rare	DOID:0060641	endocrine-cerebro-osteodysplasia syndrome	endocrine-cerebro-osteodysplasia syndrome
MONDO:0012984	http://purl.obolibrary.org/obo/mondo#doid_rare	DOID:0080181	PHARC syndrome	PHARC syndrome
MONDO:0012986	http://purl.obolibrary.org/obo/mondo#doid_rare	DOID:0080923	bilateral parasagittal parieto-occipital polymicrogyria	bilateral parasagittal parieto-occipital polymicrogyria
MONDO:0012991	http://purl.obolibrary.org/obo/mondo#doid_rare	DOID:0050807	Kahrizi syndrome	Kahrizi syndrome
MONDO:0012994	http://purl.obolibrary.org/obo/mondo#doid_rare	DOID:0111168	dopa-responsive dystonia due to sepiapterin reductase deficiency	sepiapterin reductase deficiency
MONDO:0012999	http://purl.obolibrary.org/obo/mondo#doid_rare	DOID:0050799	guanidinoacetate methyltransferase deficiency	guanidinoacetate methyltransferase deficiency
MONDO:0013005	http://purl.obolibrary.org/obo/mondo#doid_rare	DOID:0060484	EAST syndrome	EAST syndrome
MONDO:0013006	http://purl.obolibrary.org/obo/mondo#doid_rare	DOID:0060874	isolated growth hormone deficiency type IB	isolated growth hormone deficiency type IB
MONDO:0013007	http://purl.obolibrary.org/obo/mondo#doid_rare	DOID:0111976	combined immunodeficiency due to ORAI1 deficiency	immunodeficiency 9
MONDO:0013008	http://purl.obolibrary.org/obo/mondo#doid_rare	DOID:0111970	combined immunodeficiency due to STIM1 deficiency	immunodeficiency 10
MONDO:0013016	http://purl.obolibrary.org/obo/mondo#doid_rare	DOID:0110912	leukocyte adhesion deficiency 3	leukocyte adhesion deficiency 3
MONDO:0013021	http://purl.obolibrary.org/obo/mondo#doid_rare	DOID:0061225	sterile multifocal osteomyelitis with periostitis and pustulosis	interleukin-1 receptor antagonist deficiency
MONDO:0013025	http://purl.obolibrary.org/obo/mondo#doid_rare	DOID:0060424	chromosome 6q24-q25 deletion syndrome	chromosome 6q24-q25 deletion syndrome
MONDO:0013026	http://purl.obolibrary.org/obo/mondo#doid_rare	DOID:0060454	subepithelial mucinous corneal dystrophy	subepithelial mucinous corneal dystrophy
MONDO:0013027	http://purl.obolibrary.org/obo/mondo#doid_rare	DOID:0060452	posterior amorphous corneal dystrophy	posterior amorphous corneal dystrophy
MONDO:0013029	http://purl.obolibrary.org/obo/mondo#doid_rare	DOID:0111747	spinocerebellar ataxia 9	cerebellar ataxia type 9
MONDO:0013035	http://purl.obolibrary.org/obo/mondo#doid_rare	DOID:0060381	orofaciodigital syndrome XI	orofaciodigital syndrome XI
MONDO:0013038	http://purl.obolibrary.org/obo/mondo#doid_rare	DOID:0080351	CLOVES syndrome	CLOVES syndrome
MONDO:0013048	http://purl.obolibrary.org/obo/mondo#doid_rare	DOID:0110802	hereditary spastic paraplegia 50	hereditary spastic paraplegia 50
MONDO:0013051	http://purl.obolibrary.org/obo/mondo#doid_rare	DOID:0070137	autosomal recessive cutis laxa type 2B	autosomal recessive cutis laxa type IIB
MONDO:0013056	http://purl.obolibrary.org/obo/mondo#doid_rare	DOID:0080349	developmental and epileptic encephalopathy, 39	developmental and epileptic encephalopathy 39
MONDO:0013058	http://purl.obolibrary.org/obo/mondo#doid_rare	DOID:0081007	cystic leukoencephalopathy without megalencephaly	RNASET2-deficient cystic leukoencephalopathy
MONDO:0013064	http://purl.obolibrary.org/obo/mondo#doid_rare	DOID:0081319	multiple synostoses syndrome 3	multiple synostoses syndrome 3
MONDO:0013081	http://purl.obolibrary.org/obo/mondo#doid_rare	DOID:0060707	lymphoproliferative syndrome 1	lymphoproliferative syndrome 1
MONDO:0013090	http://purl.obolibrary.org/obo/mondo#doid_rare	DOID:0060408	chromosome 19q13.11 deletion syndrome	chromosome 19q13.11 deletion syndrome
MONDO:0013111	http://purl.obolibrary.org/obo/mondo#doid_rare	DOID:0080778	acute infantile liver failure due to synthesis defect of mtDNA-encoded proteins	transient infantile liver failure
MONDO:0013128	http://purl.obolibrary.org/obo/mondo#doid_rare	DOID:0061119	familial juvenile hyperuricemic nephropathy type 2	autosomal dominant tubulointerstitial kidney disease 4
MONDO:0013130	http://purl.obolibrary.org/obo/mondo#doid_rare	DOID:0060836	isolated microphthalmia 4	isolated microphthalmia 4
MONDO:0013132	http://purl.obolibrary.org/obo/mondo#doid_rare	DOID:0110787	hereditary spastic paraplegia 36	hereditary spastic paraplegia 36
MONDO:0013142	http://purl.obolibrary.org/obo/mondo#doid_rare	DOID:0070150	neuropathy, hereditary sensory and autonomic, type 2B	hereditary sensory and autonomic neuropathy type 2B
MONDO:0013143	http://purl.obolibrary.org/obo/mondo#doid_rare	DOID:0111903	hereditary thrombophilia due to congenital histidine-rich (poly-L) glycoprotein deficiency	thrombophilia due to HRG deficiency
MONDO:0013159	http://purl.obolibrary.org/obo/mondo#doid_rare	DOID:0050588	muscular dystrophy-dystroglycanopathy (congenital with intellectual disability), type B1	muscular dystrophy-dystroglycanopathy type B1
MONDO:0013161	http://purl.obolibrary.org/obo/mondo#doid_rare	DOID:0110292	autosomal recessive limb-girdle muscular dystrophy type 2O	autosomal recessive limb-girdle muscular dystrophy type 2O
MONDO:0013162	http://purl.obolibrary.org/obo/mondo#doid_rare	DOID:0110298	autosomal recessive limb-girdle muscular dystrophy type 2N	autosomal recessive limb-girdle muscular dystrophy type 2N
MONDO:0013165	http://purl.obolibrary.org/obo/mondo#doid_rare	DOID:0110797	hereditary spastic paraplegia 45	hereditary spastic paraplegia 45
MONDO:0013169	http://purl.obolibrary.org/obo/mondo#doid_rare	DOID:0060460	chromosome 5p13 duplication syndrome	chromosome 5p13 duplication syndrome
MONDO:0013170	http://purl.obolibrary.org/obo/mondo#doid_rare	DOID:0070139	cutis laxa with severe pulmonary, gastrointestinal and urinary anomalies	autosomal recessive cutis laxa type IC
MONDO:0013171	http://purl.obolibrary.org/obo/mondo#doid_rare	DOID:5813	purine nucleoside phosphorylase deficiency	purine nucleoside phosphorylase deficiency
MONDO:0013177	http://purl.obolibrary.org/obo/mondo#doid_rare	DOID:0110639	congenital muscular dystrophy due to integrin alpha-7 deficiency	congenital muscular dystrophy due to integrin alpha-7 deficiency
MONDO:0013178	http://purl.obolibrary.org/obo/mondo#doid_rare	DOID:0110640	congenital muscular dystrophy due to LMNA mutation	congenital muscular dystrophy due to LMNA mutation
MONDO:0013179	http://purl.obolibrary.org/obo/mondo#doid_rare	DOID:0110796	hereditary spastic paraplegia 44	hereditary spastic paraplegia 44
MONDO:0013182	http://purl.obolibrary.org/obo/mondo#doid_rare	DOID:0060432	chromosome 17p13.3 duplication syndrome	chromosome 17p13.3 duplication syndrome
MONDO:0013184	http://purl.obolibrary.org/obo/mondo#doid_rare	DOID:0060776	congenital diarrhea 5 with tufting enteropathy	congenital diarrhea 5 with tufting enteropathy
MONDO:0013188	http://purl.obolibrary.org/obo/mondo#doid_rare	DOID:0070558	cerebellar ataxia, intellectual disability, and dysequilibrium syndrome 3	autosomal recessive spinocerebellar ataxia 34
MONDO:0013189	http://purl.obolibrary.org/obo/mondo#doid_rare	DOID:0050587	trichotillomania	trichotillomania
MONDO:0013212	http://purl.obolibrary.org/obo/mondo#doid_rare	DOID:0110177	Charcot-Marie-Tooth disease axonal type 2N	Charcot-Marie-Tooth disease axonal type 2N
MONDO:0013223	http://purl.obolibrary.org/obo/mondo#doid_rare	DOID:0112304	autosomal recessive spondylometaphyseal dysplasia, Megarbane type	spondylometaphyseal dysplasia Megarbane-Dagher-Melike type
MONDO:0013224	http://purl.obolibrary.org/obo/mondo#doid_rare	DOID:0060997	rhabdoid tumor predisposition syndrome 2	rhabdoid tumor predisposition syndrome 2
MONDO:0013225	http://purl.obolibrary.org/obo/mondo#doid_rare	DOID:0111138	congenital generalized lipodystrophy type 4	congenital generalized lipodystrophy type 4
MONDO:0013229	http://purl.obolibrary.org/obo/mondo#doid_rare	DOID:0081104	hot water reflex epilepsy	hot water epilepsy
MONDO:0013238	http://purl.obolibrary.org/obo/mondo#doid_rare	DOID:0060405	chromosome 17q23.1-q23.2 deletion syndrome	chromosome 17q23.1-q23.2 deletion syndrome
MONDO:0013239	http://purl.obolibrary.org/obo/mondo#doid_rare	DOID:0110793	hereditary spastic paraplegia 41	hereditary spastic paraplegia 41
MONDO:0013241	http://purl.obolibrary.org/obo/mondo#doid_rare	DOID:0050979	spinocerebellar ataxia type 30	spinocerebellar ataxia 30
MONDO:0013252	http://purl.obolibrary.org/obo/mondo#doid_rare	DOID:0060535	Warsaw breakage syndrome	Warsaw breakage syndrome
MONDO:0013256	http://purl.obolibrary.org/obo/mondo#doid_rare	DOID:0060395	chromosome 15q24 deletion syndrome	chromosome 15q24 deletion syndrome
MONDO:0013267	http://purl.obolibrary.org/obo/mondo#doid_rare	DOID:0060398	distal 16p11.2 microdeletion syndrome	chromosome 16p11.2 deletion syndrome, 220-kb
MONDO:0013272	http://purl.obolibrary.org/obo/mondo#doid_rare	DOID:0060392	chromosome 14q11-q22 deletion syndrome	chromosome 14q11-q22 deletion syndrome
MONDO:0013273	http://purl.obolibrary.org/obo/mondo#doid_rare	DOID:0060431	chromosome 16p13.3 duplication syndrome	chromosome 16p13.3 duplication syndrome
MONDO:0013280	http://purl.obolibrary.org/obo/mondo#doid_rare	DOID:5363	myxoid liposarcoma	myxoid liposarcoma
MONDO:0013281	http://purl.obolibrary.org/obo/mondo#doid_rare	DOID:0070262	COG4-congenital disorder of glycosylation	congenital disorder of glycosylation type IIj
MONDO:0013282	http://purl.obolibrary.org/obo/mondo#doid_rare	DOID:13372	alpha 1-antitrypsin deficiency	alpha 1-antitrypsin deficiency
MONDO:0013291	http://purl.obolibrary.org/obo/mondo#doid_rare	DOID:0050579	glycogen storage disease XV	glycogen storage disease XV
MONDO:0013292	http://purl.obolibrary.org/obo/mondo#doid_rare	DOID:0060420	chromosome 4q21 deletion syndrome	chromosome 4q21 deletion syndrome
MONDO:0013293	http://purl.obolibrary.org/obo/mondo#doid_rare	DOID:0060835	isolated microphthalmia 6	isolated microphthalmia 6
MONDO:0013297	http://purl.obolibrary.org/obo/mondo#doid_rare	DOID:0110303	autosomal dominant limb-girdle muscular dystrophy type 1H	autosomal dominant limb-girdle muscular dystrophy type 1H
MONDO:0013298	http://purl.obolibrary.org/obo/mondo#doid_rare	DOID:0060434	chromosome 17q21.31 duplication syndrome	chromosome 17q21.31 duplication syndrome
MONDO:0013304	http://purl.obolibrary.org/obo/mondo#doid_rare	DOID:0060574	von Willebrand disease 2	von Willebrand's disease 2
MONDO:0013306	http://purl.obolibrary.org/obo/mondo#doid_rare	DOID:0111487	combined oxidative phosphorylation defect type 7	combined oxidative phosphorylation deficiency 7
MONDO:0013310	http://purl.obolibrary.org/obo/mondo#doid_rare	DOID:0080925	congenital adrenal hyperplasia due to cytochrome P450 oxidoreductase deficiency	cytochrome P450 oxidoreductase deficiency
MONDO:0013320	http://purl.obolibrary.org/obo/mondo#doid_rare	DOID:0060400	chromosome 16p12.2-p11.2 deletion syndrome	chromosome 16p12.2-p11.2 deletion syndrome
MONDO:0013325	http://purl.obolibrary.org/obo/mondo#doid_rare	DOID:0070261	COG5-congenital disorder of glycosylation	congenital disorder of glycosylation type IIi
MONDO:0013327	http://purl.obolibrary.org/obo/mondo#doid_rare	DOID:0111672	primary hyperoxaluria type 3	primary hyperoxaluria type 3
MONDO:0013334	http://purl.obolibrary.org/obo/mondo#doid_rare	DOID:0060647	cocoon syndrome	fetal encasement syndrome
MONDO:0013338	http://purl.obolibrary.org/obo/mondo#doid_rare	DOID:0110204	Charcot-Marie-Tooth disease recessive intermediate B	Charcot-Marie-Tooth disease recessive intermediate B
MONDO:0013341	http://purl.obolibrary.org/obo/mondo#doid_rare	DOID:0060741	methylmalonic acidemia due to transcobalamin receptor defect	methylmalonic acidemia due to transcobalamin receptor defect
MONDO:0013342	http://purl.obolibrary.org/obo/mondo#doid_rare	DOID:0110800	hereditary spastic paraplegia 48	hereditary spastic paraplegia 48
MONDO:0013349	http://purl.obolibrary.org/obo/mondo#doid_rare	DOID:0080567	ALG11-congenital disorder of glycosylation	congenital disorder of glycosylation Ip
MONDO:0013350	http://purl.obolibrary.org/obo/mondo#doid_rare	DOID:0080123	mitochondrial DNA depletion syndrome 4b	mitochondrial DNA depletion syndrome 4b
MONDO:0013351	http://purl.obolibrary.org/obo/mondo#doid_rare	DOID:0111262	infantile cerebral and cerebellar atrophy with postnatal progressive microcephaly	infantile cerebral and cerebellar atrophy with postnatal progressive microcephaly
MONDO:0013352	http://purl.obolibrary.org/obo/mondo#doid_rare	DOID:0111331	intellectual disability-severe speech delay-mild dysmorphism syndrome	intellectual disability-severe speech delay-mild dysmorphism syndrome
MONDO:0013355	http://purl.obolibrary.org/obo/mondo#doid_rare	DOID:0111400	congenital dyserythropoietic anemia type 4	congenital dyserythropoietic anemia type IVa
MONDO:0013357	http://purl.obolibrary.org/obo/mondo#doid_rare	DOID:0060403	chromosome 17q11.2 deletion syndrome, 1.4Mb	chromosome 17q11.2 deletion syndrome
MONDO:0013361	http://purl.obolibrary.org/obo/mondo#doid_rare	DOID:2235	congenital prothrombin deficiency	prothrombin deficiency
MONDO:0013367	http://purl.obolibrary.org/obo/mondo#doid_rare	DOID:0110645	long QT syndrome 2	long QT syndrome 2
MONDO:0013370	http://purl.obolibrary.org/obo/mondo#doid_rare	DOID:0110648	long QT syndrome 6	long QT syndrome 6
MONDO:0013372	http://purl.obolibrary.org/obo/mondo#doid_rare	DOID:0110647	long QT syndrome 5	long QT syndrome 5
MONDO:0013377	http://purl.obolibrary.org/obo/mondo#doid_rare	DOID:0060838	isolated microphthalmia 7	isolated microphthalmia 7
MONDO:0013387	http://purl.obolibrary.org/obo/mondo#doid_rare	DOID:0080462	developmental and epileptic encephalopathy, 7	developmental and epileptic encephalopathy 7
MONDO:0013390	http://purl.obolibrary.org/obo/mondo#doid_rare	DOID:0110285	autosomal recessive limb-girdle muscular dystrophy type 2Q	autosomal recessive limb-girdle muscular dystrophy type 2Q
MONDO:0013396	http://purl.obolibrary.org/obo/mondo#doid_rare	DOID:0060409	chromosome 1p32-p31 deletion syndrome	NFIA-related disorder
MONDO:0013401	http://purl.obolibrary.org/obo/mondo#doid_rare	DOID:0110803	hereditary spastic paraplegia 51	hereditary spastic paraplegia 51
MONDO:0013404	http://purl.obolibrary.org/obo/mondo#doid_rare	DOID:0111039	hypermethioninemia with deficiency of S-adenosylhomocysteine hydrolase	hypermethioninemia with deficiency of S-adenosylhomocysteine hydrolase
MONDO:0013415	http://purl.obolibrary.org/obo/mondo#doid_rare	DOID:0060402	chromosome 17p13.1 deletion syndrome	chromosome 17p13.1 deletion syndrome
MONDO:0013417	http://purl.obolibrary.org/obo/mondo#doid_rare	DOID:8354	complement component 3 deficiency	complement component 3 deficiency
MONDO:0013421	http://purl.obolibrary.org/obo/mondo#doid_rare	DOID:0060302	type II complement component 8 deficiency	type II complement component 8 deficiency
MONDO:0013422	http://purl.obolibrary.org/obo/mondo#doid_rare	DOID:0060301	type I complement component 8 deficiency	type I complement component 8 deficiency
MONDO:0013424	http://purl.obolibrary.org/obo/mondo#doid_rare	DOID:0060417	3p- syndrome	3p deletion syndrome
MONDO:0013427	http://purl.obolibrary.org/obo/mondo#doid_rare	DOID:0111944	immunodeficiency 31B	immunodeficiency 31B
MONDO:0013433	http://purl.obolibrary.org/obo/mondo#doid_rare	DOID:0060643	primary sclerosing cholangitis	primary sclerosing cholangitis
MONDO:0013438	http://purl.obolibrary.org/obo/mondo#doid_rare	DOID:0060270	pontocerebellar hypoplasia type 2D	pontocerebellar hypoplasia type 2D
MONDO:0013439	http://purl.obolibrary.org/obo/mondo#doid_rare	DOID:0111070	congenital bile acid synthesis defect 3	congenital bile acid synthesis defect 3
MONDO:0013440	http://purl.obolibrary.org/obo/mondo#doid_rare	DOID:0110293	autosomal recessive limb-girdle muscular dystrophy type 2P	autosomal recessive limb-girdle muscular dystrophy type 2P
MONDO:0013445	http://purl.obolibrary.org/obo/mondo#doid_rare	DOID:0060303	complement component 9 deficiency	complement component 9 deficiency
MONDO:0013478	http://purl.obolibrary.org/obo/mondo#doid_rare	DOID:0070205	PLIN1-related familial partial lipodystrophy	familial partial lipodystrophy type 4
MONDO:0013480	http://purl.obolibrary.org/obo/mondo#doid_rare	DOID:0060884	renal hypomagnesemia 6	renal hypomagnesemia 6
MONDO:0013481	http://purl.obolibrary.org/obo/mondo#doid_rare	DOID:0060391	chromosome 13q14 deletion syndrome	chromosome 13q14 deletion syndrome
MONDO:0013482	http://purl.obolibrary.org/obo/mondo#doid_rare	DOID:0070122	Meckel syndrome, type 8	Meckel syndrome 8
MONDO:0013495	http://purl.obolibrary.org/obo/mondo#doid_rare	DOID:0060717	autosomal recessive congenital ichthyosis 8	autosomal recessive congenital ichthyosis 8
MONDO:0013505	http://purl.obolibrary.org/obo/mondo#doid_rare	DOID:0111156	spermatogenic failure 9	spermatogenic failure 9
MONDO:0013512	http://purl.obolibrary.org/obo/mondo#doid_rare	DOID:0110031	hemoglobin H disease	hemoglobin H disease
MONDO:0013515	http://purl.obolibrary.org/obo/mondo#doid_rare	DOID:0110350	osteogenesis imperfecta type 6	osteogenesis imperfecta type 6
MONDO:0013523	http://purl.obolibrary.org/obo/mondo#doid_rare	DOID:0081334	Nestor-Guillermo progeria syndrome	Nestor-Guillermo progeria syndrome
MONDO:0013526	http://purl.obolibrary.org/obo/mondo#doid_rare	DOID:0111449	progressive myoclonic epilepsy type 6	progressive myoclonus epilepsy 6
MONDO:0013541	http://purl.obolibrary.org/obo/mondo#doid_rare	DOID:0090137	complex cortical dysplasia with other brain malformations 1	complex cortical dysplasia with other brain malformations 1
MONDO:0013546	http://purl.obolibrary.org/obo/mondo#doid_rare	DOID:0060331	mitochondrial complex V (ATP synthase) deficiency, nuclear type 2	mitochondrial complex V (ATP synthase) deficiency nuclear type 2
MONDO:0013547	http://purl.obolibrary.org/obo/mondo#doid_rare	DOID:0060332	mitochondrial complex V (ATP synthase) deficiency, nuclear type 3	mitochondrial complex V (ATP synthase) deficiency nuclear type 3
MONDO:0013550	http://purl.obolibrary.org/obo/mondo#doid_rare	DOID:0111190	distal myopathy with posterior leg and anterior hand involvement	distal myopathy 4
MONDO:0013551	http://purl.obolibrary.org/obo/mondo#doid_rare	DOID:0110799	hereditary spastic paraplegia 47	hereditary spastic paraplegia 47
MONDO:0013552	http://purl.obolibrary.org/obo/mondo#doid_rare	DOID:0110804	hereditary spastic paraplegia 52	hereditary spastic paraplegia 52
MONDO:0013561	http://purl.obolibrary.org/obo/mondo#doid_rare	DOID:0112224	chondrodysplasia with joint dislocations, gPAPP type	chondrodysplasia with joint dislocations gPAPP type
MONDO:0013570	http://purl.obolibrary.org/obo/mondo#doid_rare	DOID:0111479	combined oxidative phosphorylation defect type 8	combined oxidative phosphorylation deficiency 8
MONDO:0013571	http://purl.obolibrary.org/obo/mondo#doid_rare	DOID:2582	acatalasia	acatalasia
MONDO:0013584	http://purl.obolibrary.org/obo/mondo#doid_rare	DOID:0070158	hereditary sensory neuropathy-deafness-dementia syndrome	hereditary sensory neuropathy type 1E
MONDO:0013598	http://purl.obolibrary.org/obo/mondo#doid_rare	DOID:0111072	myostatin-related muscle hypertrophy	myostatin-related muscle hypertrophy
MONDO:0013599	http://purl.obolibrary.org/obo/mondo#doid_rare	DOID:0111946	autoimmune enteropathy and endocrinopathy - susceptibility to chronic infections syndrome	immunodeficiency 31C
MONDO:0013607	http://purl.obolibrary.org/obo/mondo#doid_rare	DOID:0111947	monocytopenia with susceptibility to infections	immunodeficiency 21
MONDO:0013616	http://purl.obolibrary.org/obo/mondo#doid_rare	DOID:0070548	pigmented nodular adrenocortical disease, primary, 3	primary pigmented nodular adrenocortical disease 3
MONDO:0013622	http://purl.obolibrary.org/obo/mondo#doid_rare	DOID:0111045	platelet-type bleeding disorder 9	platelet-type bleeding disorder 9
MONDO:0013623	http://purl.obolibrary.org/obo/mondo#doid_rare	DOID:0111057	platelet-type bleeding disorder 11	platelet-type bleeding disorder 11
MONDO:0013626	http://purl.obolibrary.org/obo/mondo#doid_rare	DOID:0080474	psoriasis 14, pustular	pustular psoriasis 14
MONDO:0013634	http://purl.obolibrary.org/obo/mondo#doid_rare	DOID:0070147	neuropathy, hereditary sensory, type 2C	hereditary sensory neuropathy type 2C
MONDO:0013644	http://purl.obolibrary.org/obo/mondo#doid_rare	DOID:0110175	Charcot-Marie-Tooth disease axonal type 2O	Charcot-Marie-Tooth disease axonal type 2O
MONDO:0013646	http://purl.obolibrary.org/obo/mondo#doid_rare	DOID:0060425	chromosome 8q21.11 deletion syndrome	chromosome 8q21.11 deletion syndrome
MONDO:0013661	http://purl.obolibrary.org/obo/mondo#doid_rare	DOID:0111263	combined malonic and methylmalonic acidemia	combined malonic and methylmalonic acidemia
MONDO:0013662	http://purl.obolibrary.org/obo/mondo#doid_rare	DOID:9206	Barrett esophagus	Barrett's esophagus
MONDO:0013664	http://purl.obolibrary.org/obo/mondo#doid_rare	DOID:0111773	46,XY disorder of sex development due to testicular 17,20-desmolase deficiency	46,XY sex reversal 8
MONDO:0013674	http://purl.obolibrary.org/obo/mondo#doid_rare	DOID:0110738	neurodegeneration with brain iron accumulation 4	neurodegeneration with brain iron accumulation 4
MONDO:0013675	http://purl.obolibrary.org/obo/mondo#doid_rare	DOID:0080134	multiple mitochondrial dysfunctions syndrome 2	multiple mitochondrial dysfunctions syndrome 2
MONDO:0013679	http://purl.obolibrary.org/obo/mondo#doid_rare	DOID:0060757	sclerosteosis 2	sclerosteosis 2
MONDO:0013686	http://purl.obolibrary.org/obo/mondo#doid_rare	DOID:0111191	distal myopathy, Tateyama type	distal myopathy Tateyama type
MONDO:0013720	http://purl.obolibrary.org/obo/mondo#doid_rare	DOID:0060298	complement component 4b deficiency	complement component 4b deficiency
MONDO:0013721	http://purl.obolibrary.org/obo/mondo#doid_rare	DOID:0060297	complement component 4a deficiency	complement component 4a deficiency
MONDO:0013730	http://purl.obolibrary.org/obo/mondo#doid_rare	DOID:0081267	graft versus host disease	graft-versus-host disease
MONDO:0013731	http://purl.obolibrary.org/obo/mondo#doid_rare	DOID:0111333	MEGF10-related myopathy	congenital myopathy 10A
MONDO:0013737	http://purl.obolibrary.org/obo/mondo#doid_rare	DOID:0110798	hereditary spastic paraplegia 46	hereditary spastic paraplegia 46
MONDO:0013741	http://purl.obolibrary.org/obo/mondo#doid_rare	DOID:0060752	familial temporal lobe epilepsy 5	familial temporal lobe epilepsy 5
MONDO:0013753	http://purl.obolibrary.org/obo/mondo#doid_rare	DOID:0110169	Charcot-Marie-Tooth disease axonal type 2P	Charcot-Marie-Tooth disease axonal type 2P
MONDO:0013758	http://purl.obolibrary.org/obo/mondo#doid_rare	DOID:0110205	Charcot-Marie-Tooth disease dominant intermediate E	Charcot-Marie-Tooth disease dominant intermediate E
MONDO:0013766	http://purl.obolibrary.org/obo/mondo#doid_rare	DOID:0090064	familial cold autoinflammatory syndrome 3	familial cold autoinflammatory syndrome 3
MONDO:0013767	http://purl.obolibrary.org/obo/mondo#doid_rare	DOID:0110117	autoimmune lymphoproliferative syndrome type 4	autoimmune lymphoproliferative syndrome type 4
MONDO:0013775	http://purl.obolibrary.org/obo/mondo#doid_rare	DOID:0111908	thrombomodulin-related bleeding disorder	thrombophilia due to thrombomodulin defect
MONDO:0013789	http://purl.obolibrary.org/obo/mondo#doid_rare	DOID:0080569	DDOST-congenital disorder of glycosylation	congenital disorder of glycosylation Ir
MONDO:0013790	http://purl.obolibrary.org/obo/mondo#doid_rare	DOID:0070637	mirror movements 2	mirror movements 2
MONDO:0013796	http://purl.obolibrary.org/obo/mondo#doid_rare	DOID:0060433	chromosome 17q12 duplication syndrome	chromosome 17q12 duplication syndrome
MONDO:0013797	http://purl.obolibrary.org/obo/mondo#doid_rare	DOID:0060404	chromosome 17q12 deletion syndrome	chromosome 17q12 deletion syndrome
MONDO:0013802	http://purl.obolibrary.org/obo/mondo#doid_rare	DOID:0050883	infantile cerebellar-retinal degeneration	infantile cerebellar-retinal degeneration
MONDO:0013808	http://purl.obolibrary.org/obo/mondo#doid_rare	DOID:0060221	Maffucci syndrome	Maffucci syndrome
MONDO:0013810	http://purl.obolibrary.org/obo/mondo#doid_rare	DOID:0070264	COG6-congenital disorder of glycosylation	congenital disorder of glycosylation type IIl
MONDO:0013811	http://purl.obolibrary.org/obo/mondo#doid_rare	DOID:0111472	combined oxidative phosphorylation defect type 9	combined oxidative phosphorylation deficiency 9
MONDO:0013813	http://purl.obolibrary.org/obo/mondo#doid_rare	DOID:0090046	dystonia 21	dystonia 21
MONDO:0013825	http://purl.obolibrary.org/obo/mondo#doid_rare	DOID:0060780	congenital diarrhea 6	congenital diarrhea 6
MONDO:0013827	http://purl.obolibrary.org/obo/mondo#doid_rare	DOID:0060698	hyperekplexia 3	hyperekplexia 3
MONDO:0013828	http://purl.obolibrary.org/obo/mondo#doid_rare	DOID:0060697	hyperekplexia 2	hyperekplexia 2
MONDO:0013836	http://purl.obolibrary.org/obo/mondo#doid_rare	DOID:0070243	familial steroid-resistant nephrotic syndrome with sensorineural deafness	primary coenzyme Q10 deficiency 6
MONDO:0013837	http://purl.obolibrary.org/obo/mondo#doid_rare	DOID:0070239	deafness-encephaloneuropathy-obesity-valvulopathy syndrome	primary coenzyme Q10 deficiency 2
MONDO:0013839	http://purl.obolibrary.org/obo/mondo#doid_rare	DOID:0070151	hereditary sensory and autonomic neuropathy type 6	hereditary sensory and autonomic neuropathy type 6
MONDO:0013840	http://purl.obolibrary.org/obo/mondo#doid_rare	DOID:0070242	encephalopathy-hypertrophic cardiomyopathy-renal tubular disease syndrome	primary coenzyme Q10 deficiency 5
MONDO:0013847	http://purl.obolibrary.org/obo/mondo#doid_rare	DOID:0060430	chromosome 16p11.2 duplication syndrome	chromosome 16p11.2 duplication syndrome
MONDO:0013853	http://purl.obolibrary.org/obo/mondo#doid_rare	DOID:0060266	pontocerebellar hypoplasia type 1B	pontocerebellar hypoplasia type 1B
MONDO:0013865	http://purl.obolibrary.org/obo/mondo#doid_rare	DOID:0111480	mitochondrial hypertrophic cardiomyopathy with lactic acidosis due to MTO1 deficiency	combined oxidative phosphorylation deficiency 10
MONDO:0013866	http://purl.obolibrary.org/obo/mondo#doid_rare	DOID:0110732	neuronal ceroid lipofuscinosis 11	neuronal ceroid lipofuscinosis 11
MONDO:0013867	http://purl.obolibrary.org/obo/mondo#doid_rare	DOID:0080786	Brown-Vialetto-van Laere syndrome 2	Brown-Vialetto-Van Laere syndrome 2
MONDO:0013869	http://purl.obolibrary.org/obo/mondo#doid_rare	DOID:0060350	adenine phosphoribosyltransferase deficiency	adenine phosphoribosyltransferase deficiency
MONDO:0013870	http://purl.obolibrary.org/obo/mondo#doid_rare	DOID:0070263	TMEM165-congenital disorder of glycosylation	congenital disorder of glycosylation type IIk
MONDO:0013873	http://purl.obolibrary.org/obo/mondo#doid_rare	DOID:0050885	IMAGe syndrome	IMAGe syndrome
MONDO:0013875	http://purl.obolibrary.org/obo/mondo#doid_rare	DOID:0110001	3-methylglutaconic aciduria with deafness, encephalopathy, and Leigh-like syndrome	3-methylglutaconic aciduria with deafness, encephalopathy, and Leigh-like syndrome
MONDO:0013877	http://purl.obolibrary.org/obo/mondo#doid_rare	DOID:0080363	mitochondrial pyruvate carrier deficiency	mitochondrial pyruvate carrier deficiency
MONDO:0013898	http://purl.obolibrary.org/obo/mondo#doid_rare	DOID:0060911	karyomegalic interstitial nephritis	karyomegalic interstitial nephritis
MONDO:0013928	http://purl.obolibrary.org/obo/mondo#doid_rare	DOID:0090051	dystonia 23	dystonia 23
MONDO:0013931	http://purl.obolibrary.org/obo/mondo#doid_rare	DOID:0081433	peroxisome biogenesis disorder 4B	Peroxisome biogenesis disorder 4B
MONDO:0013944	http://purl.obolibrary.org/obo/mondo#doid_rare	DOID:0070615	autoinflammation-PLCG2-associated antibody deficiency-immune dysregulation	autoinflammation, antibody deficiency, and immune dysregulation syndrome
MONDO:0013947	http://purl.obolibrary.org/obo/mondo#doid_rare	DOID:0111214	neuronopathy, distal hereditary motor, autosomal recessive 5	autosomal recessive distal hereditary motor neuronopathy 5
MONDO:0013953	http://purl.obolibrary.org/obo/mondo#doid_rare	DOID:0111995	immunodeficiency 28	immunodeficiency 28
MONDO:0013954	http://purl.obolibrary.org/obo/mondo#doid_rare	DOID:0111950	Mendelian susceptibility to mycobacterial diseases due to complete IL12B deficiency	immunodeficiency 29
MONDO:0013955	http://purl.obolibrary.org/obo/mondo#doid_rare	DOID:0111990	Mendelian susceptibility to mycobacterial diseases due to complete IL12RB1 deficiency	immunodeficiency 30
MONDO:0013956	http://purl.obolibrary.org/obo/mondo#doid_rare	DOID:0111945	Mendelian susceptibility to mycobacterial diseases due to partial STAT1 deficiency	immunodeficiency 31A
MONDO:0013957	http://purl.obolibrary.org/obo/mondo#doid_rare	DOID:0111986	Mendelian susceptibility to mycobacterial diseases due to partial IRF8 deficiency	immunodeficiency 32A
MONDO:0013959	http://purl.obolibrary.org/obo/mondo#doid_rare	DOID:0110193	Charcot-Marie-Tooth disease type 4F	Charcot-Marie-Tooth disease type 4F
MONDO:0013962	http://purl.obolibrary.org/obo/mondo#doid_rare	DOID:0110805	hereditary spastic paraplegia 53	hereditary spastic paraplegia 53
MONDO:0013965	http://purl.obolibrary.org/obo/mondo#doid_rare	DOID:0060654	lethal congenital contracture syndrome 4	lethal congenital contracture syndrome 4
MONDO:0013968	http://purl.obolibrary.org/obo/mondo#doid_rare	DOID:0080570	PGM1-congenital disorder of glycosylation	congenital disorder of glycosylation It
MONDO:0013969	http://purl.obolibrary.org/obo/mondo#doid_rare	DOID:0111481	combined oxidative phosphorylation defect type 11	combined oxidative phosphorylation deficiency 11
MONDO:0013970	http://purl.obolibrary.org/obo/mondo#doid_rare	DOID:0090126	branched-chain keto acid dehydrogenase kinase deficiency	branched-chain keto acid dehydrogenase kinase deficiency
MONDO:0013971	http://purl.obolibrary.org/obo/mondo#doid_rare	DOID:0111493	leukoencephalopathy-thalamus and brainstem anomalies-high lactate syndrome	combined oxidative phosphorylation deficiency 12
MONDO:0013986	http://purl.obolibrary.org/obo/mondo#doid_rare	DOID:0111477	combined oxidative phosphorylation defect type 14	combined oxidative phosphorylation deficiency 14
MONDO:0013987	http://purl.obolibrary.org/obo/mondo#doid_rare	DOID:0111491	combined oxidative phosphorylation defect type 15	combined oxidative phosphorylation deficiency 15
MONDO:0013990	http://purl.obolibrary.org/obo/mondo#doid_rare	DOID:0060277	pontocerebellar hypoplasia type 8	pontocerebellar hypoplasia type 8
MONDO:0013991	http://purl.obolibrary.org/obo/mondo#doid_rare	DOID:0111334	obesity due to congenital leptin deficiency	congenital leptin deficiency
MONDO:0013993	http://purl.obolibrary.org/obo/mondo#doid_rare	DOID:0060276	pontocerebellar hypoplasia type 7	pontocerebellar hypoplasia type 7
MONDO:0014002	http://purl.obolibrary.org/obo/mondo#doid_rare	DOID:0060686	autosomal dominant nocturnal frontal lobe epilepsy 5	autosomal dominant nocturnal frontal lobe epilepsy 5
MONDO:0014005	http://purl.obolibrary.org/obo/mondo#doid_rare	DOID:0080388	immunoglobulin-mediated membranoproliferative glomerulonephritis	nephrotic syndrome type 7
MONDO:0014009	http://purl.obolibrary.org/obo/mondo#doid_rare	DOID:0060716	autosomal recessive congenital ichthyosis 7	autosomal recessive congenital ichthyosis 7
MONDO:0014010	http://purl.obolibrary.org/obo/mondo#doid_rare	DOID:0060718	autosomal recessive congenital ichthyosis 9	autosomal recessive congenital ichthyosis 9
MONDO:0014011	http://purl.obolibrary.org/obo/mondo#doid_rare	DOID:0060719	autosomal recessive congenital ichthyosis 10	autosomal recessive congenital ichthyosis 10
MONDO:0014012	http://purl.obolibrary.org/obo/mondo#doid_rare	DOID:0110170	Charcot-Marie-Tooth disease axonal type 2Q	Charcot-Marie-Tooth disease axonal type 2Q
MONDO:0014015	http://purl.obolibrary.org/obo/mondo#doid_rare	DOID:0110808	hereditary spastic paraplegia 56	hereditary spastic paraplegia 56
MONDO:0014016	http://purl.obolibrary.org/obo/mondo#doid_rare	DOID:0110801	hereditary spastic paraplegia 49	hereditary sensory and autonomic neuropathy type 9
MONDO:0014018	http://purl.obolibrary.org/obo/mondo#doid_rare	DOID:0110806	hereditary spastic paraplegia 54	hereditary spastic paraplegia 54
MONDO:0014019	http://purl.obolibrary.org/obo/mondo#doid_rare	DOID:0090052	dystonia 24	dystonia 24
MONDO:0014020	http://purl.obolibrary.org/obo/mondo#doid_rare	DOID:0110807	hereditary spastic paraplegia 55	hereditary spastic paraplegia 55
MONDO:0014021	http://purl.obolibrary.org/obo/mondo#doid_rare	DOID:0111729	familial episodic pain syndrome with predominantly upper body involvement	familial episodic pain syndrome 1
MONDO:0014023	http://purl.obolibrary.org/obo/mondo#doid_rare	DOID:0080571	congenital muscular dystrophy with intellectual disability and severe epilepsy	congenital disorder of glycosylation Iu
MONDO:0014024	http://purl.obolibrary.org/obo/mondo#doid_rare	DOID:0110795	hereditary spastic paraplegia 43	hereditary spastic paraplegia 43
MONDO:0014025	http://purl.obolibrary.org/obo/mondo#doid_rare	DOID:0081356	lower motor neuron syndrome with late-adult onset	spinal muscular atrophy, Jokela type
MONDO:0014028	http://purl.obolibrary.org/obo/mondo#doid_rare	DOID:0111594	distal arthrogryposis type 5D	distal arthrogryposis type 5D
MONDO:0014033	http://purl.obolibrary.org/obo/mondo#doid_rare	DOID:0090055	dystonia 25	dystonia 25
MONDO:0014039	http://purl.obolibrary.org/obo/mondo#doid_rare	DOID:0080129	mitochondrial DNA depletion syndrome 11	mitochondrial DNA depletion syndrome 11
MONDO:0014050	http://purl.obolibrary.org/obo/mondo#doid_rare	DOID:0060841	isolated microphthalmia 8	isolated microphthalmia 8
MONDO:0014054	http://purl.obolibrary.org/obo/mondo#doid_rare	DOID:0060708	lymphoproliferative syndrome 2	lymphoproliferative syndrome 2
MONDO:0014062	http://purl.obolibrary.org/obo/mondo#doid_rare	DOID:0111519	mitochondrial DNA deletion syndrome with progressive myopathy	autosomal dominant progressive external ophthalmoplegia with mitochondrial DNA deletions 6
MONDO:0014072	http://purl.obolibrary.org/obo/mondo#doid_rare	DOID:0111619	D,L-2-hydroxyglutaric aciduria	combined D-2- and L-2-hydroxyglutaric aciduria
MONDO:0014074	http://purl.obolibrary.org/obo/mondo#doid_rare	DOID:0110206	Charcot-Marie-Tooth disease dominant intermediate F	Charcot-Marie-Tooth disease dominant intermediate F
MONDO:0014080	http://purl.obolibrary.org/obo/mondo#doid_rare	DOID:0081111	osteosclerotic metaphyseal dysplasia	osteosclerotic metaphyseal dysplasia
MONDO:0014081	http://purl.obolibrary.org/obo/mondo#doid_rare	DOID:0111957	severe combined immunodeficiency due to CARD11 deficiency	immunodeficiency 11A
MONDO:0014082	http://purl.obolibrary.org/obo/mondo#doid_rare	DOID:0111982	cryptosporidiosis-chronic cholangitis-liver disease syndrome	immunodeficiency 56
MONDO:0014098	http://purl.obolibrary.org/obo/mondo#doid_rare	DOID:0070203	CIDEC-related familial partial lipodystrophy	familial partial lipodystrophy type 5
MONDO:0014104	http://purl.obolibrary.org/obo/mondo#doid_rare	DOID:0070559	cerebellar ataxia, intellectual disability, and dysequilibrium syndrome 4	cerebellar ataxia, impaired intellectual development, and dysequilibrium syndrome 4
MONDO:0014117	http://purl.obolibrary.org/obo/mondo#doid_rare	DOID:0110194	Charcot-Marie-Tooth disease type 4B3	Charcot-Marie-Tooth disease type 4B3
MONDO:0014118	http://purl.obolibrary.org/obo/mondo#doid_rare	DOID:0112132	congenital neutropenia-myelofibrosis-nephromegaly syndrome	severe congenital neutropenia 5
MONDO:0014132	http://purl.obolibrary.org/obo/mondo#doid_rare	DOID:0080135	multiple mitochondrial dysfunctions syndrome 3	multiple mitochondrial dysfunctions syndrome 3
MONDO:0014133	http://purl.obolibrary.org/obo/mondo#doid_rare	DOID:0080449	developmental and epileptic encephalopathy, 16	developmental and epileptic encephalopathy 16
MONDO:0014142	http://purl.obolibrary.org/obo/mondo#doid_rare	DOID:0110294	autosomal recessive limb-girdle muscular dystrophy type 2T	autosomal recessive limb-girdle muscular dystrophy type 2T
MONDO:0014144	http://purl.obolibrary.org/obo/mondo#doid_rare	DOID:0110287	autosomal recessive limb-girdle muscular dystrophy type R18	autosomal recessive limb-girdle muscular dystrophy type 2S
MONDO:0014147	http://purl.obolibrary.org/obo/mondo#doid_rare	DOID:0110727	neuronal ceroid lipofuscinosis 13	neuronal ceroid lipofuscinosis 13
MONDO:0014154	http://purl.obolibrary.org/obo/mondo#doid_rare	DOID:0110198	Charcot-Marie-Tooth disease recessive intermediate C	Charcot-Marie-Tooth disease recessive intermediate C
MONDO:0014160	http://purl.obolibrary.org/obo/mondo#doid_rare	DOID:0111977	TCR-alpha-beta-positive T-cell deficiency	immunodeficiency 7
MONDO:0014162	http://purl.obolibrary.org/obo/mondo#doid_rare	DOID:0111469	infantile hypertrophic cardiomyopathy due to MRPL44 deficiency	combined oxidative phosphorylation deficiency 16
MONDO:0014175	http://purl.obolibrary.org/obo/mondo#doid_rare	DOID:0080335	mitochondrial DNA depletion syndrome 12B (cardiomyopathic type), autosomal recessive	mitochondrial DNA depletion syndrome 12b
MONDO:0014185	http://purl.obolibrary.org/obo/mondo#doid_rare	DOID:0060418	chromosome 3q13.31 deletion syndrome	chromosome 3q13.31 deletion syndrome
MONDO:0014190	http://purl.obolibrary.org/obo/mondo#doid_rare	DOID:0111496	combined oxidative phosphorylation defect type 17	combined oxidative phosphorylation deficiency 17
MONDO:0014197	http://purl.obolibrary.org/obo/mondo#doid_rare	DOID:0111988	combined immunodeficiency due to MALT1 deficiency	immunodeficiency 12
MONDO:0014198	http://purl.obolibrary.org/obo/mondo#doid_rare	DOID:0080131	mitochondrial DNA depletion syndrome 13	mitochondrial DNA depletion syndrome 13
MONDO:0014201	http://purl.obolibrary.org/obo/mondo#doid_rare	DOID:0080413	developmental and epileptic encephalopathy, 18	developmental and epileptic encephalopathy 18
MONDO:0014205	http://purl.obolibrary.org/obo/mondo#doid_rare	DOID:0080893	severe feeding difficulties-failure to thrive-microcephaly due to ASXL3 deficiency syndrome	Bainbridge-Ropers syndrome
MONDO:0014208	http://purl.obolibrary.org/obo/mondo#doid_rare	DOID:0110161	Charcot-Marie-Tooth disease type 2R	Charcot-Marie-Tooth disease type 2R
MONDO:0014209	http://purl.obolibrary.org/obo/mondo#doid_rare	DOID:0112344	early-onset progressive neurodegeneration-blindness-ataxia-spasticity syndrome	hereditary spastic paraplegia 79B
MONDO:0014212	http://purl.obolibrary.org/obo/mondo#doid_rare	DOID:0111166	sulfite oxidase deficiency due to molybdenum cofactor deficiency type C	molybdenum cofactor deficiency type C
MONDO:0014221	http://purl.obolibrary.org/obo/mondo#doid_rare	DOID:0050884	triosephosphate isomerase deficiency	triosephosphate isomerase deficiency
MONDO:0014222	http://purl.obolibrary.org/obo/mondo#doid_rare	DOID:0111936	immunodeficiency 14	immunodeficiency 14
MONDO:0014225	http://purl.obolibrary.org/obo/mondo#doid_rare	DOID:0111031	hemochromatosis type 5	hemochromatosis type 5
MONDO:0014226	http://purl.obolibrary.org/obo/mondo#doid_rare	DOID:0111987	idiopathic CD4 lymphocytopenia	immunodeficiency 13
MONDO:0014229	http://purl.obolibrary.org/obo/mondo#doid_rare	DOID:0111800	microphthalmia, syndromic 12	syndromic microphthalmia 12
MONDO:0014231	http://purl.obolibrary.org/obo/mondo#doid_rare	DOID:0060891	juvenile onset Parkinson disease 19A	Parkinson's disease 19A
MONDO:0014234	http://purl.obolibrary.org/obo/mondo#doid_rare	DOID:0060258	reticulate acropigmentation of Kitamura	reticulate acropigmentation of Kitamura
MONDO:0014243	http://purl.obolibrary.org/obo/mondo#doid_rare	DOID:0111715	Schaaf-Yang syndrome	Schaaf-Yang syndrome
MONDO:0014244	http://purl.obolibrary.org/obo/mondo#doid_rare	DOID:0070149	hereditary sensory and autonomic neuropathy type 7	hereditary sensory and autonomic neuropathy type 7
MONDO:0014247	http://purl.obolibrary.org/obo/mondo#doid_rare	DOID:0111731	familial episodic pain syndrome with predominantly lower limb involvement	familial episodic pain syndrome 3
MONDO:0014261	http://purl.obolibrary.org/obo/mondo#doid_rare	DOID:0111484	growth and developmental delay-hypotonia-vision impairment-lactic acidosis syndrome	combined oxidative phosphorylation deficiency 18
MONDO:0014268	http://purl.obolibrary.org/obo/mondo#doid_rare	DOID:0111935	combined immunodeficiency due to OX40 deficiency	immunodeficiency 16
MONDO:0014269	http://purl.obolibrary.org/obo/mondo#doid_rare	DOID:0111476	combined oxidative phosphorylation deficiency 19	combined oxidative phosphorylation deficiency 19
MONDO:0014270	http://purl.obolibrary.org/obo/mondo#doid_rare	DOID:0080572	STT3A-congenital disorder of glycosylation	congenital disorder of glycosylation Iw
MONDO:0014271	http://purl.obolibrary.org/obo/mondo#doid_rare	DOID:0080573	STT3B-congenital disorder of glycosylation	congenital disorder of glycosylation Ix
MONDO:0014272	http://purl.obolibrary.org/obo/mondo#doid_rare	DOID:0070555	palmoplantar keratoderma, Nagashima type	Nagashima-type palmoplantar keratosis
MONDO:0014276	http://purl.obolibrary.org/obo/mondo#doid_rare	DOID:0111973	combined immunodeficiency due to CD3gamma deficiency	immunodeficiency 17
MONDO:0014282	http://purl.obolibrary.org/obo/mondo#doid_rare	DOID:0110817	hereditary spastic paraplegia 72	hereditary spastic paraplegia 72A
MONDO:0014286	http://purl.obolibrary.org/obo/mondo#doid_rare	DOID:0070154	neuropathy, hereditary sensory, type 1F	hereditary sensory neuropathy type 1F
MONDO:0014290	http://purl.obolibrary.org/obo/mondo#doid_rare	DOID:0110740	neurodegeneration with brain iron accumulation 6	neurodegeneration with brain iron accumulation 6
MONDO:0014294	http://purl.obolibrary.org/obo/mondo#doid_rare	DOID:0060393	chromosome 15q11.2 deletion syndrome	chromosome 15q11.2 deletion syndrome
MONDO:0014295	http://purl.obolibrary.org/obo/mondo#doid_rare	DOID:0110809	hereditary spastic paraplegia 57	hereditary spastic paraplegia 57
MONDO:0014300	http://purl.obolibrary.org/obo/mondo#doid_rare	DOID:0111335	proximal myopathy with extrapyramidal signs	myopathy with extrapyramidal signs
MONDO:0014302	http://purl.obolibrary.org/obo/mondo#doid_rare	DOID:0110813	hereditary spastic paraplegia 62	hereditary spastic paraplegia 62
MONDO:0014303	http://purl.obolibrary.org/obo/mondo#doid_rare	DOID:0110815	hereditary spastic paraplegia 64	hereditary spastic paraplegia 64
MONDO:0014304	http://purl.obolibrary.org/obo/mondo#doid_rare	DOID:0110812	hereditary spastic paraplegia 61	hereditary spastic paraplegia 61
MONDO:0014305	http://purl.obolibrary.org/obo/mondo#doid_rare	DOID:0110814	hereditary spastic paraplegia 63	hereditary spastic paraplegia 63
MONDO:0014308	http://purl.obolibrary.org/obo/mondo#doid_rare	DOID:0060749	familial temporal lobe epilepsy 6	familial temporal lobe epilepsy 6
MONDO:0014313	http://purl.obolibrary.org/obo/mondo#doid_rare	DOID:0111941	autosomal recessive primary immunodeficiency with defective spontaneous natural killer cell cytotoxicity	immunodeficiency 20
MONDO:0014320	http://purl.obolibrary.org/obo/mondo#doid_rare	DOID:0112226	Bosch-Boonstra-Schaaf optic atrophy syndrome	Bosch-Boonstra-Schaaf optic atrophy syndrome
MONDO:0014327	http://purl.obolibrary.org/obo/mondo#doid_rare	DOID:0111710	palmoplantar keratoderma, nonepidermolytic, focal or diffuse	focal or diffuse nonepidermolytic palmoplantar keratoderma
MONDO:0014334	http://purl.obolibrary.org/obo/mondo#doid_rare	DOID:0111937	severe combined immunodeficiency due to LCK deficiency	immunodeficiency 22
MONDO:0014349	http://purl.obolibrary.org/obo/mondo#doid_rare	DOID:0060279	pontocerebellar hypoplasia type 10	pontocerebellar hypoplasia type 10
MONDO:0014351	http://purl.obolibrary.org/obo/mondo#doid_rare	DOID:0060278	pontocerebellar hypoplasia type 9	pontocerebellar hypoplasia type 9
MONDO:0014353	http://purl.obolibrary.org/obo/mondo#doid_rare	DOID:0111953	immunodeficiency 23	immunodeficiency 23
MONDO:0014358	http://purl.obolibrary.org/obo/mondo#doid_rare	DOID:0070055	AHDC1-related intellectual disability - obstructive sleep apnea - mild dysmorphism syndrome	Xia-Gibbs Syndrome
MONDO:0014359	http://purl.obolibrary.org/obo/mondo#doid_rare	DOID:0070549	pigmented nodular adrenocortical disease, primary, 4	primary pigmented nodular adrenocortical disease 4
MONDO:0014369	http://purl.obolibrary.org/obo/mondo#doid_rare	DOID:0080328	postaxial polydactyly-anterior pituitary anomalies-facial dysmorphism syndrome	Culler-Jones syndrome
MONDO:0014371	http://purl.obolibrary.org/obo/mondo#doid_rare	DOID:0080415	developmental and epileptic encephalopathy, 23	developmental and epileptic encephalopathy 23
MONDO:0014375	http://purl.obolibrary.org/obo/mondo#doid_rare	DOID:0060778	congenital diarrhea 7 with exudative enteropathy	congenital diarrhea 7 with exudative enteropathy
MONDO:0014380	http://purl.obolibrary.org/obo/mondo#doid_rare	DOID:0111802	colobomatous microphthalmia-rhizomelic dysplasia syndrome	syndromic microphthalmia 14
MONDO:0014381	http://purl.obolibrary.org/obo/mondo#doid_rare	DOID:0070224	cholestasis, progressive familial intrahepatic, 4	progressive familial intrahepatic cholestasis 4
MONDO:0014382	http://purl.obolibrary.org/obo/mondo#doid_rare	DOID:0112339	Tatton-Brown-Rahman overgrowth syndrome	Tatton-Brown-Rahman syndrome
MONDO:0014383	http://purl.obolibrary.org/obo/mondo#doid_rare	DOID:0080686	myopathy, tubular aggregate, 2	tubular aggregate myopathy 2
MONDO:0014386	http://purl.obolibrary.org/obo/mondo#doid_rare	DOID:0111051	platelet-type bleeding disorder 18	platelet-type bleeding disorder 18
MONDO:0014391	http://purl.obolibrary.org/obo/mondo#doid_rare	DOID:0111938	combined immunodeficiency due to CTPS1 deficiency	immunodeficiency 24
MONDO:0014392	http://purl.obolibrary.org/obo/mondo#doid_rare	DOID:0080453	developmental and epileptic encephalopathy, 25	developmental and epileptic encephalopathy 25
MONDO:0014397	http://purl.obolibrary.org/obo/mondo#doid_rare	DOID:0111478	combined oxidative phosphorylation defect type 20	combined oxidative phosphorylation deficiency 20
MONDO:0014398	http://purl.obolibrary.org/obo/mondo#doid_rare	DOID:0111465	combined oxidative phosphorylation defect type 21	combined oxidative phosphorylation deficiency 21
MONDO:0014399	http://purl.obolibrary.org/obo/mondo#doid_rare	DOID:0081385	ataxia-telangiectasia-like disorder 2	ataxia-telangiectasia-like disorder 2
MONDO:0014401	http://purl.obolibrary.org/obo/mondo#doid_rare	DOID:0070316	tall stature-scoliosis-macrodactyly of the great toes syndrome	Miura type epiphyseal chondrodysplasia
MONDO:0014405	http://purl.obolibrary.org/obo/mondo#doid_rare	DOID:0111457	STING-associated vasculopathy with onset in infancy	STING-associated vasculopathy with onset in infancy
MONDO:0014412	http://purl.obolibrary.org/obo/mondo#doid_rare	DOID:0111420	hyperlipoproteinemia, type 1D	familial GPIHBP1 deficiency
MONDO:0014413	http://purl.obolibrary.org/obo/mondo#doid_rare	DOID:0060958	orofaciodigital syndrome type 14	orofaciodigital syndrome XIV
MONDO:0014423	http://purl.obolibrary.org/obo/mondo#doid_rare	DOID:0111961	severe combined immunodeficiency due to DNA-PKcs deficiency	immunodeficiency 26
MONDO:0014429	http://purl.obolibrary.org/obo/mondo#doid_rare	DOID:0111956	autosomal dominant mendelian susceptibility to mycobacterial diseases due to partial IFNgammaR1 deficiency	immunodeficiency 27B
MONDO:0014431	http://purl.obolibrary.org/obo/mondo#doid_rare	DOID:0070206	LIPE-related familial partial lipodystrophy	familial partial lipodystrophy type 6
MONDO:0014432	http://purl.obolibrary.org/obo/mondo#doid_rare	DOID:0110124	Bardet-Biedl syndrome 2	Bardet-Biedl syndrome 2
MONDO:0014433	http://purl.obolibrary.org/obo/mondo#doid_rare	DOID:0110126	Bardet-Biedl syndrome 4	Bardet-Biedl syndrome 4
MONDO:0014434	http://purl.obolibrary.org/obo/mondo#doid_rare	DOID:0110127	Bardet-Biedl syndrome 5	Bardet-Biedl syndrome 5
MONDO:0014435	http://purl.obolibrary.org/obo/mondo#doid_rare	DOID:0110129	Bardet-Biedl syndrome 7	Bardet-Biedl syndrome 7
MONDO:0014436	http://purl.obolibrary.org/obo/mondo#doid_rare	DOID:0110130	Bardet-Biedl syndrome 8	Bardet-Biedl syndrome 8
MONDO:0014437	http://purl.obolibrary.org/obo/mondo#doid_rare	DOID:0110131	Bardet-Biedl syndrome 9	Bardet-Biedl syndrome 9
MONDO:0014438	http://purl.obolibrary.org/obo/mondo#doid_rare	DOID:0110132	Bardet-Biedl syndrome 10	Bardet-Biedl syndrome 10
MONDO:0014439	http://purl.obolibrary.org/obo/mondo#doid_rare	DOID:0110133	Bardet-Biedl syndrome 11	Bardet-Biedl syndrome 11
MONDO:0014440	http://purl.obolibrary.org/obo/mondo#doid_rare	DOID:0110134	Bardet-Biedl syndrome 12	Bardet-Biedl syndrome 12
MONDO:0014456	http://purl.obolibrary.org/obo/mondo#doid_rare	DOID:0112134	autosomal recessive severe congenital neutropenia due to JAGN1 deficiency	severe congenital neutropenia 6
MONDO:0014467	http://purl.obolibrary.org/obo/mondo#doid_rare	DOID:0110203	Charcot-Marie-Tooth disease recessive intermediate D	Charcot-Marie-Tooth disease recessive intermediate D
MONDO:0014471	http://purl.obolibrary.org/obo/mondo#doid_rare	DOID:0111143	mitochondrial proton-transporting ATP synthase complex deficiency	mitochondrial complex V (ATP synthase) deficiency
MONDO:0014474	http://purl.obolibrary.org/obo/mondo#doid_rare	DOID:0110295	autosomal recessive limb-girdle muscular dystrophy type 2U	autosomal recessive limb-girdle muscular dystrophy type 2U
MONDO:0014477	http://purl.obolibrary.org/obo/mondo#doid_rare	DOID:0080461	developmental and epileptic encephalopathy, 26	developmental and epileptic encephalopathy 26
MONDO:0014478	http://purl.obolibrary.org/obo/mondo#doid_rare	DOID:0070639	mirror movements 3	mirror movements 3
MONDO:0014489	http://purl.obolibrary.org/obo/mondo#doid_rare	DOID:0112381	limb-girdle muscular dystrophy due to POMK deficiency	muscular dystrophy-dystroglycanopathy type C12
MONDO:0014492	http://purl.obolibrary.org/obo/mondo#doid_rare	DOID:0070554	wooly hair-palmoplantar keratoderma syndrome	palmoplantar keratoderma and woolly hair
MONDO:0014498	http://purl.obolibrary.org/obo/mondo#doid_rare	DOID:0090065	familial cold autoinflammatory syndrome 4	familial cold autoinflammatory syndrome 4
MONDO:0014502	http://purl.obolibrary.org/obo/mondo#doid_rare	DOID:0111934	Mendelian susceptibility to mycobacterial diseases due to complete ISG15 deficiency	immunodeficiency 38
MONDO:0014506	http://purl.obolibrary.org/obo/mondo#doid_rare	DOID:0060791	leukodystrophy, hypomyelinating, 9	hypomyelinating leukodystrophy 9
MONDO:0014507	http://purl.obolibrary.org/obo/mondo#doid_rare	DOID:0081122	Catel-Manzke syndrome	Catel Manzke syndrome
MONDO:0014510	http://purl.obolibrary.org/obo/mondo#doid_rare	DOID:0081243	fatty acyl-CoA reductase 1 deficiency	rhizomelic chondrodysplasia punctate type 4
MONDO:0014511	http://purl.obolibrary.org/obo/mondo#doid_rare	DOID:0110171	Charcot-Marie-Tooth disease axonal type 2S	Charcot-Marie-Tooth disease axonal type 2S
MONDO:0014518	http://purl.obolibrary.org/obo/mondo#doid_rare	DOID:0111048	platelet-type bleeding disorder 19	platelet-type bleeding disorder 19
MONDO:0014521	http://purl.obolibrary.org/obo/mondo#doid_rare	DOID:0111447	progressive myoclonic epilepsy type 7	progressive myoclonus epilepsy 7
MONDO:0014525	http://purl.obolibrary.org/obo/mondo#doid_rare	DOID:0111500	combined oxidative phosphorylation defect type 23	combined oxidative phosphorylation deficiency 23
MONDO:0014527	http://purl.obolibrary.org/obo/mondo#doid_rare	DOID:0111264	progeroid features-hepatocellular carcinoma predisposition syndrome	Ruijs-Aalfs syndrome
MONDO:0014529	http://purl.obolibrary.org/obo/mondo#doid_rare	DOID:0080898	cerebellar-facial-dental syndrome	cerebellofaciodental syndrome
MONDO:0014531	http://purl.obolibrary.org/obo/mondo#doid_rare	DOID:0060355	amyotrophic lateral sclerosis type 22	amyotrophic lateral sclerosis type 22
MONDO:0014532	http://purl.obolibrary.org/obo/mondo#doid_rare	DOID:0081357	autosomal dominant mitochondrial myopathy with exercise intolerance	isolated mitochondrial myopathy
MONDO:0014541	http://purl.obolibrary.org/obo/mondo#doid_rare	DOID:0111713	motor developmental delay due to 14q32.2 paternally expressed gene defect	Temple syndrome
MONDO:0014545	http://purl.obolibrary.org/obo/mondo#doid_rare	DOID:0111451	progressive myoclonic epilepsy type 8	progressive myoclonus epilepsy 8
MONDO:0014547	http://purl.obolibrary.org/obo/mondo#doid_rare	DOID:0111485	combined oxidative phosphorylation defect type 24	combined oxidative phosphorylation deficiency 24
MONDO:0014556	http://purl.obolibrary.org/obo/mondo#doid_rare	DOID:0081048	congenital contractures of the limbs and face, hypotonia, and developmental delay	congenital limbs-face contractures-hypotonia-developmental delay syndrome
MONDO:0014557	http://purl.obolibrary.org/obo/mondo#doid_rare	DOID:0081383	ataxia - oculomotor apraxia type 4	ataxia-oculomotor apraxia 4
MONDO:0014558	http://purl.obolibrary.org/obo/mondo#doid_rare	DOID:0070062	autosomal dominant intellectual disability-craniofacial anomalies-cardiac defects syndrome	Arboleda-Tham syndrome
MONDO:0014561	http://purl.obolibrary.org/obo/mondo#doid_rare	DOID:0110003	3-methylglutaconic aciduria, type VIIB	3-methylglutaconic aciduria with cataracts, neurologic involvement and neutropenia
MONDO:0014562	http://purl.obolibrary.org/obo/mondo#doid_rare	DOID:0070244	neonatal encephalomyopathy-cardiomyopathy-respiratory distress syndrome	primary coenzyme Q10 deficiency 7
MONDO:0014563	http://purl.obolibrary.org/obo/mondo#doid_rare	DOID:0070540	mitochondrial short-chain Enoyl-Coa hydratase 1 deficiency	mitochondrial short-chain enoyl-CoA hydratase 1 deficiency
MONDO:0014564	http://purl.obolibrary.org/obo/mondo#doid_rare	DOID:0111066	congenital bile acid synthesis defect 5	congenital bile acid synthesis defect 5
MONDO:0014566	http://purl.obolibrary.org/obo/mondo#doid_rare	DOID:0110173	Charcot-Marie-Tooth disease axonal type 2U	Charcot-Marie-Tooth disease axonal type 2U
MONDO:0014567	http://purl.obolibrary.org/obo/mondo#doid_rare	DOID:0070542	glutamate pyruvate transaminase 2 deficiency	neurodevelopmental disorder with spastic paraplegia and microcephaly
MONDO:0014568	http://purl.obolibrary.org/obo/mondo#doid_rare	DOID:0110818	hereditary spastic paraplegia 73	hereditary spastic paraplegia 73
MONDO:0014569	http://purl.obolibrary.org/obo/mondo#doid_rare	DOID:0061263	lethal congenital contracture syndrome 7	lethal congenital contracture syndrome 7
MONDO:0014574	http://purl.obolibrary.org/obo/mondo#doid_rare	DOID:0070526	peeling skin-leukonuchia-acral punctate keratoses-cheilitis-knuckle pads syndrome	PLACK syndrome
MONDO:0014591	http://purl.obolibrary.org/obo/mondo#doid_rare	DOID:0060765	autosomal dominant Robinow syndrome 2	autosomal dominant Robinow syndrome 2
MONDO:0014611	http://purl.obolibrary.org/obo/mondo#doid_rare	DOID:0080136	multiple mitochondrial dysfunctions syndrome 4	multiple mitochondrial dysfunctions syndrome 4
MONDO:0014622	http://purl.obolibrary.org/obo/mondo#doid_rare	DOID:0111708	isolated focal non-epidermolytic palmoplantar keratoderma	focal nonepidermolytic palmoplantar keratoderma
MONDO:0014624	http://purl.obolibrary.org/obo/mondo#doid_rare	DOID:10235	Brown syndrome	Brown's tendon sheath syndrome
MONDO:0014626	http://purl.obolibrary.org/obo/mondo#doid_rare	DOID:0111744	spinocerebellar ataxia type 41	cerebellar ataxia type 41
MONDO:0014627	http://purl.obolibrary.org/obo/mondo#doid_rare	DOID:0090050	dystonia 27	dystonia 27
MONDO:0014629	http://purl.obolibrary.org/obo/mondo#doid_rare	DOID:0081242	autoimmune interstitial lung disease-arthritis syndrome	autoimmune interstitial lung, joint, and kidney disease
MONDO:0014636	http://purl.obolibrary.org/obo/mondo#doid_rare	DOID:0111468	combined oxidative phosphorylation defect type 25	combined oxidative phosphorylation deficiency 25
MONDO:0014637	http://purl.obolibrary.org/obo/mondo#doid_rare	DOID:0111951	DOCK2 deficiency	immunodeficiency 40
MONDO:0014639	http://purl.obolibrary.org/obo/mondo#doid_rare	DOID:0060751	familial temporal lobe epilepsy 7	familial temporal lobe epilepsy 7
MONDO:0014644	http://purl.obolibrary.org/obo/mondo#doid_rare	DOID:0110819	hereditary spastic paraplegia 74	hereditary spastic paraplegia 74
MONDO:0014647	http://purl.obolibrary.org/obo/mondo#doid_rare	DOID:0080419	developmental and epileptic encephalopathy, 50	developmental and epileptic encephalopathy 50
MONDO:0014650	http://purl.obolibrary.org/obo/mondo#doid_rare	DOID:0060754	familial temporal lobe epilepsy 8	familial temporal lobe epilepsy 8
MONDO:0014654	http://purl.obolibrary.org/obo/mondo#doid_rare	DOID:0060948	Ullrich congenital muscular dystrophy 2	Ullrich congenital muscular dystrophy 2
MONDO:0014656	http://purl.obolibrary.org/obo/mondo#doid_rare	DOID:0111515	progressive external ophthalmoplegia with mitochondrial DNA deletions, autosomal recessive 2	autosomal recessive progressive external ophthalmoplegia with mitochondrial DNA deletions 2
MONDO:0014658	http://purl.obolibrary.org/obo/mondo#doid_rare	DOID:0111158	severe achondroplasia-developmental delay-acanthosis nigricans syndrome	SADDAN
MONDO:0014662	http://purl.obolibrary.org/obo/mondo#doid_rare	DOID:0070153	congenital insensitivity to pain-hypohidrosis syndrome	hereditary sensory and autonomic neuropathy type 8
MONDO:0014665	http://purl.obolibrary.org/obo/mondo#doid_rare	DOID:0110178	Charcot-Marie-Tooth disease axonal type 2V	Charcot-Marie-Tooth disease axonal type 2V
MONDO:0014673	http://purl.obolibrary.org/obo/mondo#doid_rare	DOID:0110267	cataract 44	cataract 44
MONDO:0014684	http://purl.obolibrary.org/obo/mondo#doid_rare	DOID:0111490	combined oxidative phosphorylation defect type 26	combined oxidative phosphorylation deficiency 26
MONDO:0014685	http://purl.obolibrary.org/obo/mondo#doid_rare	DOID:0111450	progressive myoclonic epilepsy type 9	progressive myoclonus epilepsy 9
MONDO:0014689	http://purl.obolibrary.org/obo/mondo#doid_rare	DOID:0080592	Klippel-Feil anomaly-myopathy-facial dysmorphism syndrome	Klippel-Feil syndrome 4
MONDO:0014701	http://purl.obolibrary.org/obo/mondo#doid_rare	DOID:0112281	spondyloepiphyseal dysplasia, Stanescu type	spondyloepiphyseal dysplasia Stanescu type
MONDO:0014702	http://purl.obolibrary.org/obo/mondo#doid_rare	DOID:0110825	autosomal recessive complex spastic paraplegia type 9B	hereditary spastic paraplegia 9B
MONDO:0014708	http://purl.obolibrary.org/obo/mondo#doid_rare	DOID:0070621	ring chromosome 14	ring chromosome 14 syndrome
MONDO:0014710	http://purl.obolibrary.org/obo/mondo#doid_rare	DOID:0111940	autosomal recessive mendelian susceptibility to mycobacterial diseases due to complete RORgamma receptor deficiency	immunodeficiency 42
MONDO:0014717	http://purl.obolibrary.org/obo/mondo#doid_rare	DOID:0111445	early-onset Lafora body disease	progressive myoclonus epilepsy 10
MONDO:0014719	http://purl.obolibrary.org/obo/mondo#doid_rare	DOID:0080458	developmental and epileptic encephalopathy, 35	developmental and epileptic encephalopathy 35
MONDO:0014720	http://purl.obolibrary.org/obo/mondo#doid_rare	DOID:0111340	autosomal dominant optic atrophy plus syndrome	dominant optic atrophy plus syndrome
MONDO:0014725	http://purl.obolibrary.org/obo/mondo#doid_rare	DOID:0070537	spastic tetraplegia-thin corpus callosum-progressive postnatal microcephaly syndrome	spastic tetraplegia, thin corpus callosum, and progressive microcephaly
MONDO:0014726	http://purl.obolibrary.org/obo/mondo#doid_rare	DOID:0110176	Charcot-Marie-Tooth disease axonal type 2X	Charcot-Marie-Tooth disease axonal type 2X
MONDO:0014728	http://purl.obolibrary.org/obo/mondo#doid_rare	DOID:0111489	combined oxidative phosphorylation defect type 27	combined oxidative phosphorylation deficiency 27
MONDO:0014729	http://purl.obolibrary.org/obo/mondo#doid_rare	DOID:0110820	hereditary spastic paraplegia 75	hereditary spastic paraplegia 75
MONDO:0014733	http://purl.obolibrary.org/obo/mondo#doid_rare	DOID:0110187	Charcot-Marie-Tooth disease type 4K	Charcot-Marie-Tooth disease type 4K
MONDO:0014735	http://purl.obolibrary.org/obo/mondo#doid_rare	DOID:0110168	Charcot-Marie-Tooth disease type 2Y	Charcot-Marie-Tooth disease type 2Y
MONDO:0014736	http://purl.obolibrary.org/obo/mondo#doid_rare	DOID:0110181	Charcot-Marie-Tooth disease axonal type 2Z	Charcot-Marie-Tooth disease axonal type 2Z
MONDO:0014743	http://purl.obolibrary.org/obo/mondo#doid_rare	DOID:0110854	rhizomelic chondrodysplasia punctata type 5	rhizomelic chondrodysplasia punctata type 5
MONDO:0014744	http://purl.obolibrary.org/obo/mondo#doid_rare	DOID:0111155	acute infantile liver failure-cerebellar ataxia-peripheral sensory motor neuropathy syndrome	autosomal recessive spinocerebellar ataxia 21
MONDO:0014746	http://purl.obolibrary.org/obo/mondo#doid_rare	DOID:0070266	SLC39A8-CDG	congenital disorder of glycosylation type IIn
MONDO:0014760	http://purl.obolibrary.org/obo/mondo#doid_rare	DOID:0111948	TFRC-related combined immunodeficiency	immunodeficiency 46
MONDO:0014775	http://purl.obolibrary.org/obo/mondo#doid_rare	DOID:0111470	combined oxidative phosphorylation deficiency 28	combined oxidative phosphorylation deficiency 28
MONDO:0014776	http://purl.obolibrary.org/obo/mondo#doid_rare	DOID:0111742	spinocerebellar ataxia type 42	cerebellar ataxia type 42
MONDO:0014782	http://purl.obolibrary.org/obo/mondo#doid_rare	DOID:0110290	autosomal recessive limb-girdle muscular dystrophy type 2X	autosomal recessive limb-girdle muscular dystrophy type 2X
MONDO:0014788	http://purl.obolibrary.org/obo/mondo#doid_rare	DOID:0110288	autosomal recessive limb-girdle muscular dystrophy type 2W	autosomal recessive limb-girdle muscular dystrophy type 2W
MONDO:0014789	http://purl.obolibrary.org/obo/mondo#doid_rare	DOID:0070267	CCDC115-CDG	congenital disorder of glycosylation type IIo
MONDO:0014790	http://purl.obolibrary.org/obo/mondo#doid_rare	DOID:0070268	TMEM199-CDG	congenital disorder of glycosylation type IIp
MONDO:0014808	http://purl.obolibrary.org/obo/mondo#doid_rare	DOID:0060777	congenital secretory sodium diarrhea 8	congenital secretory sodium diarrhea 8
MONDO:0014811	http://purl.obolibrary.org/obo/mondo#doid_rare	DOID:0081276	cerebellar atrophy, visual impairment, and psychomotor retardation;	cerebellar atrophy, visual impairment, and psychomotor retardation
MONDO:0014819	http://purl.obolibrary.org/obo/mondo#doid_rare	DOID:0060767	autosomal dominant Robinow syndrome 3	autosomal dominant Robinow syndrome 3
MONDO:0014823	http://purl.obolibrary.org/obo/mondo#doid_rare	DOID:0060935	hypotonia, infantile, with psychomotor retardation and characteristic facies 3	infantile hypotonia with psychomotor retardation and characteristic facies-3
MONDO:0014830	http://purl.obolibrary.org/obo/mondo#doid_rare	DOID:0111055	platelet-type bleeding disorder 20	platelet-type bleeding disorder 20
MONDO:0014846	http://purl.obolibrary.org/obo/mondo#doid_rare	DOID:0111613	spinocerebellar ataxia, autosomal recessive 23	autosomal recessive spinocerebellar ataxia 23
MONDO:0014856	http://purl.obolibrary.org/obo/mondo#doid_rare	DOID:0111471	combined oxidative phosphorylation defect type 30	combined oxidative phosphorylation deficiency 30
MONDO:0014865	http://purl.obolibrary.org/obo/mondo#doid_rare	DOID:0112129	autosomal recessive severe congenital neutropenia due to CSF3R deficiency	severe congenital neutropenia 7
MONDO:0014867	http://purl.obolibrary.org/obo/mondo#doid_rare	DOID:0111745	spinocerebellar ataxia 43	cerebellar ataxia type 43
MONDO:0014882	http://purl.obolibrary.org/obo/mondo#doid_rare	DOID:0110822	hereditary spastic paraplegia 77	hereditary spastic paraplegia 77
MONDO:0014884	http://purl.obolibrary.org/obo/mondo#doid_rare	DOID:0070225	cholestasis, progressive familial intrahepatic, 5	progressive familial intrahepatic cholestasis 5
MONDO:0014899	http://purl.obolibrary.org/obo/mondo#doid_rare	DOID:0111516	progressive external ophthalmoplegia with mitochondrial DNA deletions, autosomal recessive 4	autosomal recessive progressive external ophthalmoplegia with mitochondrial DNA deletions 4
MONDO:0014900	http://purl.obolibrary.org/obo/mondo#doid_rare	DOID:0110289	autosomal recessive limb-girdle muscular dystrophy type 2Y	autosomal recessive limb-girdle muscular dystrophy type 2Y
MONDO:0014906	http://purl.obolibrary.org/obo/mondo#doid_rare	DOID:0111557	Charcot-Marie-Tooth disease, axonal, autosomal recessive, type 2a2b;	Charcot-Marie-Tooth disease type 2A2B
MONDO:0014912	http://purl.obolibrary.org/obo/mondo#doid_rare	DOID:0080163	autoinflammation, panniculitis, and dermatosis syndrome, autosomal recessive	autosomal recessive autoinflammation, panniculitis, and dermatosis syndrome
MONDO:0014936	http://purl.obolibrary.org/obo/mondo#doid_rare	DOID:0060953	ZTTK syndrome	ZTTK syndrome
MONDO:0014945	http://purl.obolibrary.org/obo/mondo#doid_rare	DOID:0081363	myopathy, distal, with rimmed vacuoles	distal myopathy with rimmed vacuoles
MONDO:0014946	http://purl.obolibrary.org/obo/mondo#doid_rare	DOID:0070529	Sifrim-Hitz-Weiss syndrome	Sifrim-Hitz-Weiss syndrome
MONDO:0014953	http://purl.obolibrary.org/obo/mondo#doid_rare	DOID:0081008	gnb5-related intellectual disability-cardiac arrhythmia syndrome	Lodder-Merla syndrome type 1 with impaired intellectual development and cardiac arrhythmia
MONDO:0014954	http://purl.obolibrary.org/obo/mondo#doid_rare	DOID:0080987	Ehlers-Danlos syndrome, periodontal type 2	Ehlers-Danlos syndrome periodontal type 2
MONDO:0014958	http://purl.obolibrary.org/obo/mondo#doid_rare	DOID:0081395	Harel-Yoon syndrome	Harel-Yoon syndrome
MONDO:0014975	http://purl.obolibrary.org/obo/mondo#doid_rare	DOID:0112348	autosomal recessive spastic paraplegia type 78	hereditary spastic paraplegia 78
MONDO:0014976	http://purl.obolibrary.org/obo/mondo#doid_rare	DOID:0111488	lethal left ventricular non-compaction-seizures-hypotonia-cataract-developmental delay syndrome	combined oxidative phosphorylation deficiency 31
MONDO:0014977	http://purl.obolibrary.org/obo/mondo#doid_rare	DOID:0080762	autosomal recessive limb-girdle muscular dystrophy type 2R1	autosomal recessive limb-girdle muscular dystrophy type 2Z
MONDO:0015003	http://purl.obolibrary.org/obo/mondo#doid_rare	DOID:0081419	dystonia, childhood-onset, with optic atrophy and basal ganglia abnormalities	childhood-onset dystonia with optic atrophy and basal ganglia abnormalities
MONDO:0015004	http://purl.obolibrary.org/obo/mondo#doid_rare	DOID:0060936	dystonia 28, childhood-onset	dystonia 28, childhood-onset
MONDO:0015015	http://purl.obolibrary.org/obo/mondo#doid_rare	DOID:0111067	congenital bile acid synthesis defect 6	congenital bile acid synthesis defect 6
MONDO:0015032	http://purl.obolibrary.org/obo/mondo#doid_rare	DOID:4696	intraneural perineurioma	intraneural perineurioma
MONDO:0015046	http://purl.obolibrary.org/obo/mondo#doid_rare	DOID:0060127	gamma-heavy chain disease	gamma heavy chain disease
MONDO:0015059	http://purl.obolibrary.org/obo/mondo#doid_rare	DOID:0081390	progressive non-fluent aphasia	progressive non-fluent aphasia
MONDO:0015104	http://purl.obolibrary.org/obo/mondo#doid_rare	DOID:3132	porphyria cutanea tarda	porphyria cutanea tarda
MONDO:0015129	http://purl.obolibrary.org/obo/mondo#doid_rare	DOID:13774	chronic primary adrenal insufficiency	Addison's disease
MONDO:0015131	http://purl.obolibrary.org/obo/mondo#doid_rare	DOID:628	combined immunodeficiency	combined T cell and B cell immunodeficiency
MONDO:0015148	http://purl.obolibrary.org/obo/mondo#doid_rare	DOID:0112232	lissencephaly type 3	lissencephaly 3
MONDO:0015151	http://purl.obolibrary.org/obo/mondo#doid_rare	DOID:0110273	muscular dystrophy, limb-girdle, autosomal dominant	autosomal dominant limb-girdle muscular dystrophy
MONDO:0015152	http://purl.obolibrary.org/obo/mondo#doid_rare	DOID:0110274	autosomal recessive limb-girdle muscular dystrophy	autosomal recessive limb-girdle muscular dystrophy
MONDO:0015168	http://purl.obolibrary.org/obo/mondo#doid_rare	DOID:0080954	arthrogryposis multiplex congenita	arthrogryposis multiplex congenita
MONDO:0015194	http://purl.obolibrary.org/obo/mondo#doid_rare	DOID:8955	sideroblastic anemia	sideroblastic anemia
MONDO:0015200	http://purl.obolibrary.org/obo/mondo#doid_rare	DOID:7033	anisakiasis	anisakiasis
MONDO:0015203	http://purl.obolibrary.org/obo/mondo#doid_rare	DOID:11843	coronary artery congenital malformation	coronary artery anomaly
MONDO:0015204	http://purl.obolibrary.org/obo/mondo#doid_rare	DOID:0112234	microlissencephaly	microlissencephaly
MONDO:0015229	http://purl.obolibrary.org/obo/mondo#doid_rare	DOID:1935	Bardet-Biedl syndrome	Bardet-Biedl syndrome
MONDO:0015231	http://purl.obolibrary.org/obo/mondo#doid_rare	DOID:445	Bartter syndrome	Bartter disease
MONDO:0015240	http://purl.obolibrary.org/obo/mondo#doid_rare	DOID:0111596	digitotalar dysmorphism	distal arthrogryposis type 1
MONDO:0015243	http://purl.obolibrary.org/obo/mondo#doid_rare	DOID:13166	allergic bronchopulmonary aspergillosis	allergic bronchopulmonary aspergillosis
MONDO:0015244	http://purl.obolibrary.org/obo/mondo#doid_rare	DOID:0050950	autosomal recessive cerebellar ataxia	autosomal recessive cerebellar ataxia
MONDO:0015253	http://purl.obolibrary.org/obo/mondo#doid_rare	DOID:1339	Diamond-Blackfan anemia	Diamond-Blackfan anemia
MONDO:0015254	http://purl.obolibrary.org/obo/mondo#doid_rare	DOID:1395	schistosomiasis	schistosomiasis
MONDO:0015260	http://purl.obolibrary.org/obo/mondo#doid_rare	DOID:10075	diphyllobothriasis	diphyllobothriasis
MONDO:0015262	http://purl.obolibrary.org/obo/mondo#doid_rare	DOID:0050690	brachyolmia	brachyolmia
MONDO:0015263	http://purl.obolibrary.org/obo/mondo#doid_rare	DOID:0050451	Brugada syndrome	Brugada syndrome
MONDO:0015264	http://purl.obolibrary.org/obo/mondo#doid_rare	DOID:0050157	cryptogenic organizing pneumonia	cryptogenic organizing pneumonia
MONDO:0015265	http://purl.obolibrary.org/obo/mondo#doid_rare	DOID:2799	bronchiolitis obliterans syndrome	bronchiolitis obliterans
MONDO:0015267	http://purl.obolibrary.org/obo/mondo#doid_rare	DOID:0060464	Feingold syndrome	Feingold syndrome
MONDO:0015279	http://purl.obolibrary.org/obo/mondo#doid_rare	DOID:2058	chronic mucocutaneous candidiasis	chronic mucocutaneous candidiasis
MONDO:0015280	http://purl.obolibrary.org/obo/mondo#doid_rare	DOID:0060233	cardiofaciocutaneous syndrome	cardiofaciocutaneous syndrome
MONDO:0015285	http://purl.obolibrary.org/obo/mondo#doid_rare	DOID:0050471	Carney complex	Carney complex
MONDO:0015286	http://purl.obolibrary.org/obo/mondo#doid_rare	DOID:5212	congenital disorder of glycosylation	congenital disorder of glycosylation
MONDO:0015301	http://purl.obolibrary.org/obo/mondo#doid_rare	DOID:0050639	primary cutaneous amyloidosis	primary cutaneous amyloidosis
MONDO:0015304	http://purl.obolibrary.org/obo/mondo#doid_rare	DOID:12156	arachnoiditis	arachnoiditis
MONDO:0015306	http://purl.obolibrary.org/obo/mondo#doid_rare	DOID:11337	Lemierre syndrome	Lemierre's syndrome
MONDO:0015347	http://purl.obolibrary.org/obo/mondo#doid_rare	DOID:11824	multicentric reticulohistiocytosis	multicentric reticulohistiocytosis
MONDO:0015352	http://purl.obolibrary.org/obo/mondo#doid_rare	DOID:0111206	distal hereditary motor neuropathy type 2	autosomal dominant distal hereditary motor neuronopathy 2
MONDO:0015355	http://purl.obolibrary.org/obo/mondo#doid_rare	DOID:0111199	distal hereditary motor neuropathy type 7	autosomal dominant distal hereditary motor neuronopathy 7
MONDO:0015362	http://purl.obolibrary.org/obo/mondo#doid_rare	DOID:0111198	neuronopathy, distal hereditary motor, autosomal dominant	autosomal dominant distal hereditary motor neuronopathy
MONDO:0015363	http://purl.obolibrary.org/obo/mondo#doid_rare	DOID:0111197	neuronopathy, distal hereditary motor, autosomal recessive	autosomal recessive distal hereditary motor neuronopathy
MONDO:0015364	http://purl.obolibrary.org/obo/mondo#doid_rare	DOID:0050548	hereditary sensory and autonomic neuropathy	hereditary sensory and autonomic neuropathy
MONDO:0015397	http://purl.obolibrary.org/obo/mondo#doid_rare	DOID:2907	craniofacial microsomia	Goldenhar syndrome
MONDO:0015404	http://purl.obolibrary.org/obo/mondo#doid_rare	DOID:0080895	rapidly involuting congenital hemangioma	rapidly involuting congenital hemangioma
MONDO:0015426	http://purl.obolibrary.org/obo/mondo#doid_rare	DOID:0060462	Desbuquois dysplasia	Desbuquois dysplasia
MONDO:0015436	http://purl.obolibrary.org/obo/mondo#doid_rare	DOID:0070622	ring chromosome 20	ring chromosome 20 syndrome
MONDO:0015448	http://purl.obolibrary.org/obo/mondo#doid_rare	DOID:0111139	mitochondrial complex III deficiency	mitochondrial complex III deficiency
MONDO:0015452	http://purl.obolibrary.org/obo/mondo#doid_rare	DOID:1925	Coffin-Siris syndrome	Coffin-Siris syndrome
MONDO:0015453	http://purl.obolibrary.org/obo/mondo#doid_rare	DOID:0060216	Cogan syndrome	Cogan syndrome
MONDO:0015454	http://purl.obolibrary.org/obo/mondo#doid_rare	DOID:857	multiple carboxylase deficiency	multiple carboxylase deficiency
MONDO:0015459	http://purl.obolibrary.org/obo/mondo#doid_rare	DOID:9261	nasopharyngeal carcinoma	nasopharynx carcinoma
MONDO:0015465	http://purl.obolibrary.org/obo/mondo#doid_rare	DOID:0080033	craniometaphyseal dysplasia	craniometaphyseal dysplasia
MONDO:0015469	http://purl.obolibrary.org/obo/mondo#doid_rare	DOID:2340	craniosynostosis	craniosynostosis
MONDO:0015474	http://purl.obolibrary.org/obo/mondo#doid_rare	DOID:1733	cryptosporidiosis	cryptosporidiosis
MONDO:0015484	http://purl.obolibrary.org/obo/mondo#doid_rare	DOID:10079	cysticercosis	cysticercosis
MONDO:0015486	http://purl.obolibrary.org/obo/mondo#doid_rare	DOID:10126	keratoconus	keratoconus
MONDO:0015487	http://purl.obolibrary.org/obo/mondo#doid_rare	DOID:0050713	fatal infantile encephalocardiomyopathy	COX deficiency, infantile mitochondrial myopathy
MONDO:0015515	http://purl.obolibrary.org/obo/mondo#doid_rare	DOID:0060235	carnitine palmitoyltransferase II deficiency	carnitine palmitoyltransferase II deficiency
MONDO:0015517	http://purl.obolibrary.org/obo/mondo#doid_rare	DOID:12177	common variable immunodeficiency	common variable immunodeficiency
MONDO:0015526	http://purl.obolibrary.org/obo/mondo#doid_rare	DOID:0060294	cold-induced sweating syndrome	cold-induced sweating syndrome
MONDO:0015531	http://purl.obolibrary.org/obo/mondo#doid_rare	DOID:4330	non-Langerhans cell histiocytosis	non-Langerhans-cell histiocytosis
MONDO:0015540	http://purl.obolibrary.org/obo/mondo#doid_rare	DOID:0050120	hemophagocytic syndrome	hemophagocytic lymphohistiocytosis
MONDO:0015564	http://purl.obolibrary.org/obo/mondo#doid_rare	DOID:0111157	Castleman disease	Castleman disease
MONDO:0015588	http://purl.obolibrary.org/obo/mondo#doid_rare	DOID:0080741	limbic encephalitis	limbic encephalitis
MONDO:0015601	http://purl.obolibrary.org/obo/mondo#doid_rare	DOID:0111840	X-linked intellectual disability, van Esch type	Van Esch-O'Driscoll syndrome
MONDO:0015609	http://purl.obolibrary.org/obo/mondo#doid_rare	DOID:0050628	advanced sleep phase syndrome	advanced sleep phase syndrome
MONDO:0015611	http://purl.obolibrary.org/obo/mondo#doid_rare	DOID:0050729	neutral lipid storage disease	Chanarin-Dorfman syndrome
MONDO:0015612	http://purl.obolibrary.org/obo/mondo#doid_rare	DOID:0050699	Dent disease	Dent disease
MONDO:0015613	http://purl.obolibrary.org/obo/mondo#doid_rare	DOID:701	dentin dysplasia	dentin dysplasia
MONDO:0015614	http://purl.obolibrary.org/obo/mondo#doid_rare	DOID:8505	dermatitis herpetiformis	dermatitis herpetiformis
MONDO:0015626	http://purl.obolibrary.org/obo/mondo#doid_rare	DOID:10595	Charcot-Marie-Tooth disease	Charcot-Marie-Tooth disease
MONDO:0015627	http://purl.obolibrary.org/obo/mondo#doid_rare	DOID:0070305	multiple epiphyseal dysplasia due to collagen 9 anomaly	multiple epiphyseal dysplasia due to collagen 9 anomaly
MONDO:0015636	http://purl.obolibrary.org/obo/mondo#doid_rare	DOID:1082	dirofilariasis	dirofilariasis
MONDO:0015643	http://purl.obolibrary.org/obo/mondo#doid_rare	DOID:0060281	photosensitive epilepsy	photosensitive epilepsy
MONDO:0015661	http://purl.obolibrary.org/obo/mondo#doid_rare	DOID:9565	dextrocardia	dextrocardia
MONDO:0015681	http://purl.obolibrary.org/obo/mondo#doid_rare	DOID:13487	childhood disintegrative disorder	childhood disintegrative disease
MONDO:0015691	http://purl.obolibrary.org/obo/mondo#doid_rare	DOID:999	hypereosinophilic syndrome	hypereosinophilic syndrome
MONDO:0015705	http://purl.obolibrary.org/obo/mondo#doid_rare	DOID:0111216	autosomal recessive centronuclear myopathy	autosomal recessive centronuclear myopathy
MONDO:0015722	http://purl.obolibrary.org/obo/mondo#doid_rare	DOID:0112172	congenital vitamin K-dependent coagulation factors deficiency	hereditary combined deficiency of vitamin K-dependent clotting factors
MONDO:0015742	http://purl.obolibrary.org/obo/mondo#doid_rare	DOID:13088	periventricular leukomalacia	periventricular leukomalacia
MONDO:0015746	http://purl.obolibrary.org/obo/mondo#doid_rare	DOID:0112312	male infertility due to globozoospermia	male infertility due to globozoospermia
MONDO:0015748	http://purl.obolibrary.org/obo/mondo#doid_rare	DOID:0050448	hereditary mucosal leukokeratosis	white sponge nevus
MONDO:0015762	http://purl.obolibrary.org/obo/mondo#doid_rare	DOID:0070221	progressive familial intrahepatic cholestasis	progressive familial intrahepatic cholestasis
MONDO:0015766	http://purl.obolibrary.org/obo/mondo#doid_rare	DOID:1498	cholera	cholera
MONDO:0015776	http://purl.obolibrary.org/obo/mondo#doid_rare	DOID:2580	rhizomelic chondrodysplasia punctata	rhizomelic chondrodysplasia punctata
MONDO:0015779	http://purl.obolibrary.org/obo/mondo#doid_rare	DOID:0080656	45,X/46,XY mixed gonadal dysgenesis	45,X/46,XY mixed gonadal dysgenesis
MONDO:0015780	http://purl.obolibrary.org/obo/mondo#doid_rare	DOID:2729	dyskeratosis congenita	dyskeratosis congenita
MONDO:0015790	http://purl.obolibrary.org/obo/mondo#doid_rare	DOID:0081055	central diabetes insipidus	central diabetes insipidus
MONDO:0015797	http://purl.obolibrary.org/obo/mondo#doid_rare	DOID:0060240	UV-sensitive syndrome	UV-sensitive syndrome
MONDO:0015798	http://purl.obolibrary.org/obo/mondo#doid_rare	DOID:0050905	inflammatory myofibroblastic tumor	inflammatory myofibroblastic tumor
MONDO:0015799	http://purl.obolibrary.org/obo/mondo#doid_rare	DOID:0060247	Smith-McCort dysplasia	Smith-McCort dysplasia
MONDO:0015802	http://purl.obolibrary.org/obo/mondo#doid_rare	DOID:0060307	autosomal dominant non-syndromic intellectual disability	autosomal dominant intellectual developmental disorder
MONDO:0015908	http://purl.obolibrary.org/obo/mondo#doid_rare	DOID:1562	chromomycosis	chromoblastomycosis
MONDO:0015909	http://purl.obolibrary.org/obo/mondo#doid_rare	DOID:12449	aplastic anemia	aplastic anemia
MONDO:0015912	http://purl.obolibrary.org/obo/mondo#doid_rare	DOID:0060651	macrothrombocytopenia and granulocyte inclusions with or without nephritis or sensorineural hearing loss	MYH-9 related disease
MONDO:0015925	http://purl.obolibrary.org/obo/mondo#doid_rare	DOID:3082	interstitial lung disease	interstitial lung disease
MONDO:0015942	http://purl.obolibrary.org/obo/mondo#doid_rare	DOID:0111785	frontometaphyseal dysplasia	frontometaphyseal dysplasia
MONDO:0015974	http://purl.obolibrary.org/obo/mondo#doid_rare	DOID:627	severe combined immunodeficiency	severe combined immunodeficiency
MONDO:0015986	http://purl.obolibrary.org/obo/mondo#doid_rare	DOID:0080200	bilateral renal agenesis	bilateral renal aplasia
MONDO:0015991	http://purl.obolibrary.org/obo/mondo#doid_rare	DOID:9273	citrullinemia	citrullinemia
MONDO:0015993	http://purl.obolibrary.org/obo/mondo#doid_rare	DOID:0050572	cone-rod dystrophy	cone-rod dystrophy
MONDO:0015998	http://purl.obolibrary.org/obo/mondo#doid_rare	DOID:0111148	isolated ectopia lentis	isolated ectopia lentis
MONDO:0015999	http://purl.obolibrary.org/obo/mondo#doid_rare	DOID:0060280	primary pigmented nodular adrenocortical disease	primary pigmented nodular adrenocortical disease
MONDO:0016001	http://purl.obolibrary.org/obo/mondo#doid_rare	DOID:0050573	2-hydroxyglutaric aciduria	2-hydroxyglutaric aciduria
MONDO:0016003	http://purl.obolibrary.org/obo/mondo#doid_rare	DOID:10242	ehrlichiosis	ehrlichiosis
MONDO:0016006	http://purl.obolibrary.org/obo/mondo#doid_rare	DOID:2962	Cockayne syndrome	Cockayne syndrome
MONDO:0016012	http://purl.obolibrary.org/obo/mondo#doid_rare	DOID:0051077	diethylstilbestrol syndrome	diethylstilbestrol syndrome
MONDO:0016027	http://purl.obolibrary.org/obo/mondo#doid_rare	DOID:14264	benign neonatal seizures	benign neonatal seizures
MONDO:0016027	http://purl.obolibrary.org/obo/mondo#doid_rare	DOID:14777	benign neonatal seizures	benign familial neonatal epilepsy
MONDO:0016028	http://purl.obolibrary.org/obo/mondo#doid_rare	DOID:9240	erythromelalgia	erythromelalgia
MONDO:0016030	http://purl.obolibrary.org/obo/mondo#doid_rare	DOID:8931	Evans syndrome	Evans' syndrome
MONDO:0016033	http://purl.obolibrary.org/obo/mondo#doid_rare	DOID:11725	Cornelia de Lange syndrome	Cornelia de Lange syndrome
MONDO:0016035	http://purl.obolibrary.org/obo/mondo#doid_rare	DOID:4968	Nelson syndrome	Nelson syndrome
MONDO:0016063	http://purl.obolibrary.org/obo/mondo#doid_rare	DOID:6457	Cowden disease	Cowden syndrome
MONDO:0016064	http://purl.obolibrary.org/obo/mondo#doid_rare	DOID:674	cleft palate	cleft palate
MONDO:0016068	http://purl.obolibrary.org/obo/mondo#doid_rare	DOID:0060465	fibrochondrogenesis	fibrochondrogenesis
MONDO:0016070	http://purl.obolibrary.org/obo/mondo#doid_rare	DOID:0060466	hereditary gingival fibromatosis	gingival fibromatosis
MONDO:0016085	http://purl.obolibrary.org/obo/mondo#doid_rare	DOID:0060438	Cole-Carpenter syndrome	Cole-Carpenter syndrome
MONDO:0016086	http://purl.obolibrary.org/obo/mondo#doid_rare	DOID:11760	osteochondritis of tarsal/metatarsal bone	Kohler's disease
MONDO:0016162	http://purl.obolibrary.org/obo/mondo#doid_rare	DOID:0080921	bilateral frontal polymicrogyria	bilateral frontal polymicrogyria
MONDO:0016175	http://purl.obolibrary.org/obo/mondo#doid_rare	DOID:3144	cutis laxa	cutis laxa
MONDO:0016215	http://purl.obolibrary.org/obo/mondo#doid_rare	DOID:10970	spastic quadriplegic cerebral palsy	spastic quadriplegic cerebral palsy
MONDO:0016216	http://purl.obolibrary.org/obo/mondo#doid_rare	DOID:0070328	adult hepatocellular carcinoma	adult hepatocellular carcinoma
MONDO:0016218	http://purl.obolibrary.org/obo/mondo#doid_rare	DOID:12842	Guillain-Barre syndrome	Guillain-Barre syndrome
MONDO:0016227	http://purl.obolibrary.org/obo/mondo#doid_rare	DOID:963	hereditary episodic ataxia	episodic ataxia
MONDO:0016239	http://purl.obolibrary.org/obo/mondo#doid_rare	DOID:1064	cystinosis	cystinosis
MONDO:0016241	http://purl.obolibrary.org/obo/mondo#doid_rare	DOID:0050635	alternating hemiplegia of childhood	alternating hemiplegia of childhood
MONDO:0016242	http://purl.obolibrary.org/obo/mondo#doid_rare	DOID:2859	hemoglobin C disease	hemoglobin C disease
MONDO:0016243	http://purl.obolibrary.org/obo/mondo#doid_rare	DOID:5379	hemoglobin E disease	hemoglobin E disease
MONDO:0016244	http://purl.obolibrary.org/obo/mondo#doid_rare	DOID:0080301	atypical hemolytic-uremic syndrome	atypical hemolytic-uremic syndrome
MONDO:0016256	http://purl.obolibrary.org/obo/mondo#doid_rare	DOID:0060366	Hennekam syndrome	Hennekam syndrome
MONDO:0016264	http://purl.obolibrary.org/obo/mondo#doid_rare	DOID:2048	autoimmune hepatitis	autoimmune hepatitis
MONDO:0016293	http://purl.obolibrary.org/obo/mondo#doid_rare	DOID:0050534	congenital stationary night blindness	congenital stationary night blindness
MONDO:0016295	http://purl.obolibrary.org/obo/mondo#doid_rare	DOID:14503	neuronal ceroid lipofuscinosis	neuronal ceroid lipofuscinosis
MONDO:0016296	http://purl.obolibrary.org/obo/mondo#doid_rare	DOID:4621	holoprosencephaly	holoprosencephaly
MONDO:0016318	http://purl.obolibrary.org/obo/mondo#doid_rare	DOID:643	progressive multifocal leukoencephalopathy	progressive multifocal leukoencephalopathy
MONDO:0016344	http://purl.obolibrary.org/obo/mondo#doid_rare	DOID:4626	hydranencephaly	hydranencephaly
MONDO:0016367	http://purl.obolibrary.org/obo/mondo#doid_rare	DOID:10223	dermatomyositis	dermatomyositis
MONDO:0016372	http://purl.obolibrary.org/obo/mondo#doid_rare	DOID:14423	glossopharyngeal neuralgia	glossopharyngeal neuralgia
MONDO:0016383	http://purl.obolibrary.org/obo/mondo#doid_rare	DOID:12387	nephrogenic diabetes insipidus	nephrogenic diabetes insipidus
MONDO:0016390	http://purl.obolibrary.org/obo/mondo#doid_rare	DOID:0111387	familial hypoparathyroidism	familial isolated hypoparathyroidism
MONDO:0016392	http://purl.obolibrary.org/obo/mondo#doid_rare	DOID:0070339	cerebellar hypoplasia-tapetoretinal degeneration syndrome	cerebellar hyplasia/atrophy, epilepsy, and global developmental delay
MONDO:0016396	http://purl.obolibrary.org/obo/mondo#doid_rare	DOID:0112322	pontocerebellar hypoplasia type 1	pontocerebellar hypoplasia type 1
MONDO:0016407	http://purl.obolibrary.org/obo/mondo#doid_rare	DOID:0111142	oligomeganephronia	oligomeganephronia
MONDO:0016430	http://purl.obolibrary.org/obo/mondo#doid_rare	DOID:0060215	Balo concentric sclerosis	Balo concentric sclerosis
MONDO:0016466	http://purl.obolibrary.org/obo/mondo#doid_rare	DOID:10320	asbestosis	asbestosis
MONDO:0016471	http://purl.obolibrary.org/obo/mondo#doid_rare	DOID:0050449	pachyonychia congenita	pachyonychia congenita
MONDO:0016472	http://purl.obolibrary.org/obo/mondo#doid_rare	DOID:14418	dracunculiasis	dracunculiasis
MONDO:0016473	http://purl.obolibrary.org/obo/mondo#doid_rare	DOID:0070617	familial rhabdoid tumor	rhabdoid tumor predisposition syndrome
MONDO:0016474	http://purl.obolibrary.org/obo/mondo#doid_rare	DOID:0040093	drug-induced lupus erythematosus	drug-induced lupus erythematosus
MONDO:0016483	http://purl.obolibrary.org/obo/mondo#doid_rare	DOID:0060228	intracranial berry aneurysm	intracranial berry aneurysm
MONDO:0016484	http://purl.obolibrary.org/obo/mondo#doid_rare	DOID:0110827	Usher syndrome type 2	Usher syndrome type 2
MONDO:0016485	http://purl.obolibrary.org/obo/mondo#doid_rare	DOID:0110828	Usher syndrome type 3	Usher syndrome type 3
MONDO:0016486	http://purl.obolibrary.org/obo/mondo#doid_rare	DOID:0080771	beta-thalassemia major	beta-thalassemia major
MONDO:0016487	http://purl.obolibrary.org/obo/mondo#doid_rare	DOID:0080772	beta-thalassemia intermedia	beta-thalassemia intermedia
MONDO:0016489	http://purl.obolibrary.org/obo/mondo#doid_rare	DOID:0080773	delta-beta-thalassemia	delta beta-thalassemia
MONDO:0016512	http://purl.obolibrary.org/obo/mondo#doid_rare	DOID:0060473	Kabuki syndrome	Kabuki syndrome
MONDO:0016516	http://purl.obolibrary.org/obo/mondo#doid_rare	DOID:0080724	Kenny-Caffey syndrome	Kenny-Caffey syndrome
MONDO:0016532	http://purl.obolibrary.org/obo/mondo#doid_rare	DOID:0050561	Lennox-Gastaut syndrome	Lennox-Gastaut syndrome
MONDO:0016535	http://purl.obolibrary.org/obo/mondo#doid_rare	DOID:14793	hypohidrotic ectodermal dysplasia	hypohidrotic ectodermal dysplasia
MONDO:0016537	http://purl.obolibrary.org/obo/mondo#doid_rare	DOID:0060704	lymphoproliferative syndrome	lymphoproliferative syndrome
MONDO:0016558	http://purl.obolibrary.org/obo/mondo#doid_rare	DOID:0111153	familial congenital mirror movements	congenital mirror movement disorder
MONDO:0016566	http://purl.obolibrary.org/obo/mondo#doid_rare	DOID:13523	loiasis	loiasis
MONDO:0016567	http://purl.obolibrary.org/obo/mondo#doid_rare	DOID:12697	locked-in syndrome	locked-in syndrome
MONDO:0016575	http://purl.obolibrary.org/obo/mondo#doid_rare	DOID:0050144	primary ciliary dyskinesia	Kartagener syndrome
MONDO:0016575	http://purl.obolibrary.org/obo/mondo#doid_rare	DOID:9562	primary ciliary dyskinesia	primary ciliary dyskinesia
MONDO:0016576	http://purl.obolibrary.org/obo/mondo#doid_rare	DOID:0090020	split hand-foot malformation	split hand-foot malformation
MONDO:0016584	http://purl.obolibrary.org/obo/mondo#doid_rare	DOID:0081127	mandibuloacral dysplasia	mandibuloacral dysplasia
MONDO:0016586	http://purl.obolibrary.org/obo/mondo#doid_rare	DOID:349	systemic mastocytosis	systemic mastocytosis
MONDO:0016587	http://purl.obolibrary.org/obo/mondo#doid_rare	DOID:0050431	arrhythmogenic right ventricular cardiomyopathy	arrhythmogenic right ventricular cardiomyopathy
MONDO:0016596	http://purl.obolibrary.org/obo/mondo#doid_rare	DOID:0070431	hyperphosphatasia-intellectual disability syndrome	hyperphosphatasia with impaired intellectual development syndrome
MONDO:0016612	http://purl.obolibrary.org/obo/mondo#doid_rare	DOID:0111828	X-linked cerebellar ataxia	X-linked cerebellar ataxia
MONDO:0016642	http://purl.obolibrary.org/obo/mondo#doid_rare	DOID:3565	meningioma	meningioma
MONDO:0016643	http://purl.obolibrary.org/obo/mondo#doid_rare	DOID:0081044	frontonasal dysplasia	frontonasal dysplasia
MONDO:0016644	http://purl.obolibrary.org/obo/mondo#doid_rare	DOID:0081389	logopenic progressive aphasia	logopenic progressive aphasia
MONDO:0016648	http://purl.obolibrary.org/obo/mondo#doid_rare	DOID:12721	multiple epiphyseal dysplasia	multiple epiphyseal dysplasia
MONDO:0016649	http://purl.obolibrary.org/obo/mondo#doid_rare	DOID:0060237	Warburg micro syndrome	Warburg micro syndrome
MONDO:0016660	http://purl.obolibrary.org/obo/mondo#doid_rare	DOID:0070296	autosomal recessive primary microcephaly	autosomal recessive primary microcephaly
MONDO:0016675	http://purl.obolibrary.org/obo/mondo#doid_rare	DOID:0111593	distal arthrogryposis type 10	distal arthrogryposis type 10
MONDO:0016681	http://purl.obolibrary.org/obo/mondo#doid_rare	DOID:3071	gliosarcoma	gliosarcoma
MONDO:0016683	http://purl.obolibrary.org/obo/mondo#doid_rare	DOID:6128	gliomatosis cerebri	gliomatosis cerebri
MONDO:0016684	http://purl.obolibrary.org/obo/mondo#doid_rare	DOID:3078	anaplastic astrocytoma	anaplastic astrocytoma
MONDO:0016691	http://purl.obolibrary.org/obo/mondo#doid_rare	DOID:4851	pilocytic astrocytoma	pilocytic astrocytoma
MONDO:0016693	http://purl.obolibrary.org/obo/mondo#doid_rare	DOID:5077	subependymal giant cell astrocytoma	subependymal giant cell astrocytoma
MONDO:0016695	http://purl.obolibrary.org/obo/mondo#doid_rare	DOID:3181	oligodendroglioma	oligodendroglioma
MONDO:0016699	http://purl.obolibrary.org/obo/mondo#doid_rare	DOID:5075	myxopapillary ependymoma	myxopapillary ependymoma
MONDO:0016706	http://purl.obolibrary.org/obo/mondo#doid_rare	DOID:3774	chordoid glioma of the third ventricle	chordoid glioma
MONDO:0016707	http://purl.obolibrary.org/obo/mondo#doid_rare	DOID:7305	astroblastoma	astroblastoma
MONDO:0016718	http://purl.obolibrary.org/obo/mondo#doid_rare	DOID:5648	choroid plexus carcinoma	choroid plexus carcinoma
MONDO:0016722	http://purl.obolibrary.org/obo/mondo#doid_rare	DOID:1664	pineoblastoma	pineoblastoma
MONDO:0016730	http://purl.obolibrary.org/obo/mondo#doid_rare	DOID:2426	gangliocytoma	gangliocytoma
MONDO:0016733	http://purl.obolibrary.org/obo/mondo#doid_rare	DOID:5078	ganglioglioma	ganglioglioma
MONDO:0016746	http://purl.obolibrary.org/obo/mondo#doid_rare	DOID:5900	meningeal melanocytoma	meningeal melanocytoma
MONDO:0016748	http://purl.obolibrary.org/obo/mondo#doid_rare	DOID:5241	hemangioblastoma	hemangioblastoma
MONDO:0016755	http://purl.obolibrary.org/obo/mondo#doid_rare	DOID:962	neurofibroma	neurofibroma
MONDO:0016759	http://purl.obolibrary.org/obo/mondo#doid_rare	DOID:0112328	pontocerebellar hypoplasia type 2	pontocerebellar hypoplasia type 2
MONDO:0016761	http://purl.obolibrary.org/obo/mondo#doid_rare	DOID:0112280	spondyloepiphyseal dysplasia	spondyloepiphyseal dysplasia
MONDO:0016763	http://purl.obolibrary.org/obo/mondo#doid_rare	DOID:0112295	spondylometaphyseal dysplasia	spondylometaphyseal dysplasia
MONDO:0016779	http://purl.obolibrary.org/obo/mondo#doid_rare	DOID:0111712	multiple congenital anomalies due to 14q32.2 maternally expressed gene defect	Kagami-Ogata syndrome
MONDO:0016817	http://purl.obolibrary.org/obo/mondo#doid_rare	DOID:0060306	Meier-Gorlin syndrome	Meier-Gorlin syndrome
MONDO:0016820	http://purl.obolibrary.org/obo/mondo#doid_rare	DOID:13099	Moyamoya disease	Moyamoya disease
MONDO:0016824	http://purl.obolibrary.org/obo/mondo#doid_rare	DOID:0080109	infantile myofibromatosis	infantile myofibromatosis
MONDO:0016830	http://purl.obolibrary.org/obo/mondo#doid_rare	DOID:11726	Emery-Dreifuss muscular dystrophy	Emery-Dreifuss muscular dystrophy
MONDO:0016932	http://purl.obolibrary.org/obo/mondo#doid_rare	DOID:0070614	partial duplication of chromosome 11	chromosome 11 partial duplication syndrome
MONDO:0016971	http://purl.obolibrary.org/obo/mondo#doid_rare	DOID:11724	limb-girdle muscular dystrophy	limb-girdle muscular dystrophy
MONDO:0016974	http://purl.obolibrary.org/obo/mondo#doid_rare	DOID:3282	thymoma type B	thymoma type B
MONDO:0016987	http://purl.obolibrary.org/obo/mondo#doid_rare	DOID:0050765	neuroacanthocytosis	neuroacanthocytosis
MONDO:0016989	http://purl.obolibrary.org/obo/mondo#doid_rare	DOID:9375	Fuchs heterochromic iridocyclitis	Fuchs' heterochromic uveitis
MONDO:0017042	http://purl.obolibrary.org/obo/mondo#doid_rare	DOID:13481	thanatophoric dysplasia	thanatophoric dysplasia
MONDO:0017043	http://purl.obolibrary.org/obo/mondo#doid_rare	DOID:4773	congenital mesoblastic nephroma	congenital mesoblastic nephroma
MONDO:0017048	http://purl.obolibrary.org/obo/mondo#doid_rare	DOID:3559	pseudomyxoma peritonei	pseudomyxoma peritonei
MONDO:0017093	http://purl.obolibrary.org/obo/mondo#doid_rare	DOID:0080919	unilateral focal polymicrogyria	unilateral focal polymicrogyria
MONDO:0017123	http://purl.obolibrary.org/obo/mondo#doid_rare	DOID:0050763	arthrogryposis-renal dysfunction-cholestasis syndrome	ARC syndrome
MONDO:0017124	http://purl.obolibrary.org/obo/mondo#doid_rare	DOID:9672	noma	noma
MONDO:0017136	http://purl.obolibrary.org/obo/mondo#doid_rare	DOID:0060288	omodysplasia	omodysplasia
MONDO:0017137	http://purl.obolibrary.org/obo/mondo#doid_rare	DOID:11678	onchocerciasis	onchocerciasis
MONDO:0017138	http://purl.obolibrary.org/obo/mondo#doid_rare	DOID:0080697	Opitz G/BBB syndrome	Opitz GBBB syndrome
MONDO:0017178	http://purl.obolibrary.org/obo/mondo#doid_rare	DOID:84	osteochondritis dissecans	osteochondritis dissecans
MONDO:0017194	http://purl.obolibrary.org/obo/mondo#doid_rare	DOID:14798	Blount disease	Blount's disease
MONDO:0017195	http://purl.obolibrary.org/obo/mondo#doid_rare	DOID:0060231	Bruck syndrome	Bruck syndrome
MONDO:0017198	http://purl.obolibrary.org/obo/mondo#doid_rare	DOID:13533	osteopetrosis	osteopetrosis
MONDO:0017215	http://purl.obolibrary.org/obo/mondo#doid_rare	DOID:4734	calciphylaxis	calciphylaxis
MONDO:0017219	http://purl.obolibrary.org/obo/mondo#doid_rare	DOID:0111380	microform holoprosencephaly	solitary median maxillary central incisor
MONDO:0017255	http://purl.obolibrary.org/obo/mondo#doid_rare	DOID:12030	panuveitis	panuveitis
MONDO:0017265	http://purl.obolibrary.org/obo/mondo#doid_rare	DOID:0060655	autosomal recessive congenital ichthyosis	autosomal recessive congenital ichthyosis
MONDO:0017276	http://purl.obolibrary.org/obo/mondo#doid_rare	DOID:9255	frontotemporal dementia	frontotemporal dementia
MONDO:0017279	http://purl.obolibrary.org/obo/mondo#doid_rare	DOID:0060894	young-onset Parkinson disease	early-onset Parkinson's disease
MONDO:0017282	http://purl.obolibrary.org/obo/mondo#doid_rare	DOID:12148	alveolar echinococcosis	alveolar echinococcosis
MONDO:0017287	http://purl.obolibrary.org/obo/mondo#doid_rare	DOID:0080356	immunoglobulin G4-related sclerosing disease	IgG4-related disease
MONDO:0017312	http://purl.obolibrary.org/obo/mondo#doid_rare	DOID:0050857	Perrault syndrome	Perrault syndrome
MONDO:0017319	http://purl.obolibrary.org/obo/mondo#doid_rare	DOID:2373	hereditary elliptocytosis	hereditary elliptocytosis
MONDO:0017324	http://purl.obolibrary.org/obo/mondo#doid_rare	DOID:0050949	autosomal recessive hypophosphatemic rickets	autosomal recessive hypophosphatemic rickets
MONDO:0017338	http://purl.obolibrary.org/obo/mondo#doid_rare	DOID:0070330	fatal multiple mitochondrial dysfunctions syndrome	multiple mitochondrial dysfunctions syndrome
MONDO:0017359	http://purl.obolibrary.org/obo/mondo#doid_rare	DOID:0060336	3-methylglutaconic aciduria	3-methylglutaconic aciduria
MONDO:0017364	http://purl.obolibrary.org/obo/mondo#doid_rare	DOID:14039	POEMS syndrome	POEMS syndrome
MONDO:0017373	http://purl.obolibrary.org/obo/mondo#doid_rare	DOID:4953	poliomyelitis	poliomyelitis
MONDO:0017376	http://purl.obolibrary.org/obo/mondo#doid_rare	DOID:6196	reactive arthritis	reactive arthritis
MONDO:0017387	http://purl.obolibrary.org/obo/mondo#doid_rare	DOID:6193	epithelioid sarcoma	epithelioid sarcoma
MONDO:0017398	http://purl.obolibrary.org/obo/mondo#doid_rare	DOID:0060225	3MC syndrome	3MC syndrome
MONDO:0017401	http://purl.obolibrary.org/obo/mondo#doid_rare	DOID:0070534	familial isolated arrhythmogenic ventricular dysplasia, left dominant form	arrhythmogenic left ventricular cardiomyopathy
MONDO:0017402	http://purl.obolibrary.org/obo/mondo#doid_rare	DOID:0070535	familial isolated arrhythmogenic ventricular dysplasia, biventricular form	arrhythmogenic biventricular cardiomyopathy
MONDO:0017410	http://purl.obolibrary.org/obo/mondo#doid_rare	DOID:0060263	porencephaly	porencephaly
MONDO:0017415	http://purl.obolibrary.org/obo/mondo#doid_rare	DOID:0080110	multiple pterygium syndrome	contractures, pterygia, and spondylocarpotarsal fusion syndrome
MONDO:0017416	http://purl.obolibrary.org/obo/mondo#doid_rare	DOID:4952	postpoliomyelitis syndrome	postpoliomyelitis syndrome
MONDO:0017417	http://purl.obolibrary.org/obo/mondo#doid_rare	DOID:0060259	renal-hepatic-pancreatic dysplasia	renal-hepatic-pancreatic dysplasia
MONDO:0017435	http://purl.obolibrary.org/obo/mondo#doid_rare	DOID:0060055	popliteal pterygium syndrome	popliteal pterygium syndrome
MONDO:0017436	http://purl.obolibrary.org/obo/mondo#doid_rare	DOID:0060558	lethal congenital contracture syndrome	lethal congenital contracture syndrome
MONDO:0017569	http://purl.obolibrary.org/obo/mondo#doid_rare	DOID:0070143	de Barsy syndrome	autosomal recessive cutis laxa type III
MONDO:0017570	http://purl.obolibrary.org/obo/mondo#doid_rare	DOID:6612	leukocyte adhesion deficiency	leukocyte adhesion deficiency
MONDO:0017572	http://purl.obolibrary.org/obo/mondo#doid_rare	DOID:0050175	tick-borne encephalitis	tick-borne encephalitis
MONDO:0017579	http://purl.obolibrary.org/obo/mondo#doid_rare	DOID:0060229	Baraitser-Winter cerebrofrontofacial syndrome	Baraitser-Winter syndrome
MONDO:0017610	http://purl.obolibrary.org/obo/mondo#doid_rare	DOID:4644	epidermolysis bullosa simplex	epidermolysis bullosa simplex
MONDO:0017612	http://purl.obolibrary.org/obo/mondo#doid_rare	DOID:3209	junctional epidermolysis bullosa	junctional epidermolysis bullosa
MONDO:0017615	http://purl.obolibrary.org/obo/mondo#doid_rare	DOID:0060169	benign familial infantile epilepsy	benign familial infantile epilepsy
MONDO:0017623	http://purl.obolibrary.org/obo/mondo#doid_rare	DOID:0080191	PTEN hamartoma tumor syndrome	obsolete PTEN hamartoma tumor syndrome
MONDO:0017675	http://purl.obolibrary.org/obo/mondo#doid_rare	DOID:0060361	punctate palmoplantar keratoderma	punctate palmoplantar keratoderma
MONDO:0017719	http://purl.obolibrary.org/obo/mondo#doid_rare	DOID:2368	gangliosidosis	gangliosidosis
MONDO:0017767	http://purl.obolibrary.org/obo/mondo#doid_rare	DOID:1586	rheumatic fever	rheumatic fever
MONDO:0017771	http://purl.obolibrary.org/obo/mondo#doid_rare	DOID:0112177	Mayer-Rokitansky-Kuster-Hauser syndrome	Mayer-Rokitansky-Kuster-Hauser syndrome
MONDO:0017775	http://purl.obolibrary.org/obo/mondo#doid_rare	DOID:5052	melioidosis	melioidosis
MONDO:0017776	http://purl.obolibrary.org/obo/mondo#doid_rare	DOID:2312	nocardiosis	nocardiosis
MONDO:0017779	http://purl.obolibrary.org/obo/mondo#doid_rare	DOID:0112317	alpha-N-acetylgalactosaminidase deficiency	Schindler disease
MONDO:0017795	http://purl.obolibrary.org/obo/mondo#doid_rare	DOID:0050894	ameloblastoma	ameloblastoma
MONDO:0017810	http://purl.obolibrary.org/obo/mondo#doid_rare	DOID:0080929	variant ABeta2M amyloidosis	variant ABeta2M amyloidosis
MONDO:0017813	http://purl.obolibrary.org/obo/mondo#doid_rare	DOID:0060238	van Maldergem syndrome	Van Maldergem syndrome
MONDO:0017827	http://purl.obolibrary.org/obo/mondo#doid_rare	DOID:5940	malignant peripheral nerve sheath tumor	malignant peripheral nerve sheath tumor
MONDO:0017838	http://purl.obolibrary.org/obo/mondo#doid_rare	DOID:0060251	sclerosteosis	sclerosteosis
MONDO:0017842	http://purl.obolibrary.org/obo/mondo#doid_rare	DOID:0050576	Senior-Loken syndrome	Senior-Loken syndrome
MONDO:0017844	http://purl.obolibrary.org/obo/mondo#doid_rare	DOID:8541	Sezary syndrome	Sezary's disease
MONDO:0017851	http://purl.obolibrary.org/obo/mondo#doid_rare	DOID:0050467	erythrokeratodermia variabilis	erythrokeratodermia variabilis
MONDO:0017853	http://purl.obolibrary.org/obo/mondo#doid_rare	DOID:841	hypersensitivity pneumonitis	extrinsic allergic alveolitis
MONDO:0017872	http://purl.obolibrary.org/obo/mondo#doid_rare	DOID:0050202	Lujo hemorrhagic fever	Lujo hemorrhagic fever
MONDO:0017876	http://purl.obolibrary.org/obo/mondo#doid_rare	DOID:0050196	Venezuelan hemorrhagic fever	Venezuelan hemorrhagic fever
MONDO:0017879	http://purl.obolibrary.org/obo/mondo#doid_rare	DOID:14472	hantavirus pulmonary syndrome	hantavirus pulmonary syndrome
MONDO:0017880	http://purl.obolibrary.org/obo/mondo#doid_rare	DOID:1328	Rift valley fever	Rift Valley fever
MONDO:0017881	http://purl.obolibrary.org/obo/mondo#doid_rare	DOID:11320	Kyasanur forest disease	Kyasanur forest disease
MONDO:0017882	http://purl.obolibrary.org/obo/mondo#doid_rare	DOID:992	Omsk hemorrhagic fever	Omsk hemorrhagic fever
MONDO:0017884	http://purl.obolibrary.org/obo/mondo#doid_rare	DOID:4465	papillary renal cell carcinoma	papillary renal cell carcinoma
MONDO:0017885	http://purl.obolibrary.org/obo/mondo#doid_rare	DOID:4471	chromophobe renal cell carcinoma	chromophobe renal cell carcinoma
MONDO:0017909	http://purl.obolibrary.org/obo/mondo#doid_rare	DOID:0080699	inherited glutathione synthetase deficiency	glutathione synthetase deficiency
MONDO:0017910	http://purl.obolibrary.org/obo/mondo#doid_rare	DOID:0111575	dehydrated hereditary stomatocytosis	dehydrated hereditary stomatocytosis
MONDO:0017919	http://purl.obolibrary.org/obo/mondo#doid_rare	DOID:0080173	exstrophy-epispadias complex	bladder exstrophy-epispadias-cloacal exstrophy complex
MONDO:0017923	http://purl.obolibrary.org/obo/mondo#doid_rare	DOID:0050794	multiple synostoses syndrome	multiple synostoses syndrome
MONDO:0017941	http://purl.obolibrary.org/obo/mondo#doid_rare	DOID:0050012	chikungunya	chikungunya
MONDO:0017979	http://purl.obolibrary.org/obo/mondo#doid_rare	DOID:6688	autoimmune lymphoproliferative syndrome	autoimmune lymphoproliferative syndrome
MONDO:0017987	http://purl.obolibrary.org/obo/mondo#doid_rare	DOID:327	syringomyelia	syringomyelia
MONDO:0017990	http://purl.obolibrary.org/obo/mondo#doid_rare	DOID:0060674	catecholaminergic polymorphic ventricular tachycardia	catecholaminergic polymorphic ventricular tachycardia
MONDO:0017991	http://purl.obolibrary.org/obo/mondo#doid_rare	DOID:2508	Takayasu arteritis	Takayasu's arteritis
MONDO:0018029	http://purl.obolibrary.org/obo/mondo#doid_rare	DOID:2211	congenital factor XIII deficiency	factor XIII deficiency
MONDO:0018037	http://purl.obolibrary.org/obo/mondo#doid_rare	DOID:0080545	hyper-IgE syndrome	hyper IgE syndrome
MONDO:0018053	http://purl.obolibrary.org/obo/mondo#doid_rare	DOID:0111866	trichothiodystrophy	trichothiodystrophy
MONDO:0018054	http://purl.obolibrary.org/obo/mondo#doid_rare	DOID:0050650	familial atrial fibrillation	familial atrial fibrillation
MONDO:0018055	http://purl.obolibrary.org/obo/mondo#doid_rare	DOID:0070322	pediatric hepatocellular carcinoma	childhood hepatocellular carcinoma
MONDO:0018075	http://purl.obolibrary.org/obo/mondo#doid_rare	DOID:0080074	neural tube defect	neural tube defect
MONDO:0018076	http://purl.obolibrary.org/obo/mondo#doid_rare	DOID:399	tuberculosis	tuberculosis
MONDO:0018077	http://purl.obolibrary.org/obo/mondo#doid_rare	DOID:2123	tularemia	tularemia
MONDO:0018088	http://purl.obolibrary.org/obo/mondo#doid_rare	DOID:2987	familial Mediterranean fever	familial Mediterranean fever
MONDO:0018089	http://purl.obolibrary.org/obo/mondo#doid_rare	DOID:6406	double outlet right ventricle	double outlet right ventricle
MONDO:0018092	http://purl.obolibrary.org/obo/mondo#doid_rare	DOID:12297	Vogt-Koyanagi-Harada disease	Vogt-Koyanagi-Harada disease
MONDO:0018094	http://purl.obolibrary.org/obo/mondo#doid_rare	DOID:9258	Waardenburg syndrome	Waardenburg syndrome
MONDO:0018096	http://purl.obolibrary.org/obo/mondo#doid_rare	DOID:0050475	Weill-Marchesani syndrome	Weill-Marchesani syndrome
MONDO:0018097	http://purl.obolibrary.org/obo/mondo#doid_rare	DOID:0050562	infantile spasms	West syndrome
MONDO:0018100	http://purl.obolibrary.org/obo/mondo#doid_rare	DOID:0060879	familial primary hypomagnesemia	primary hypomagnesemia
MONDO:0018105	http://purl.obolibrary.org/obo/mondo#doid_rare	DOID:10632	Wolfram syndrome	Wolfram syndrome
MONDO:0018106	http://purl.obolibrary.org/obo/mondo#doid_rare	DOID:0060236	hereditary xanthinuria	xanthinuria
MONDO:0018116	http://purl.obolibrary.org/obo/mondo#doid_rare	DOID:9870	galactosemia	galactosemia
MONDO:0018130	http://purl.obolibrary.org/obo/mondo#doid_rare	DOID:0070490	brain dopamine-serotonin vesicular transport disease	infantile parkinsonism-dystonia 2
MONDO:0018132	http://purl.obolibrary.org/obo/mondo#doid_rare	DOID:0111229	obsolete congenital muscular alpha-dystroglycanopathy with brain and eye anomalies	congenital muscular dystrophy-dystroglycanopathy type A
MONDO:0018138	http://purl.obolibrary.org/obo/mondo#doid_rare	DOID:0090100	obsolete ocular albinism with congenital sensorineural hearing loss	ocular albinism with sensorineural deafness
MONDO:0018149	http://purl.obolibrary.org/obo/mondo#doid_rare	DOID:3322	GM1 gangliosidosis	GM1 gangliosidosis
MONDO:0018150	http://purl.obolibrary.org/obo/mondo#doid_rare	DOID:1926	Gaucher disease	Gaucher's disease
MONDO:0018151	http://purl.obolibrary.org/obo/mondo#doid_rare	DOID:0050730	coenzyme Q10 deficiency	coenzyme Q10 deficiency disease
MONDO:0018153	http://purl.obolibrary.org/obo/mondo#doid_rare	DOID:4329	Erdheim-Chester disease	Erdheim-Chester disease
MONDO:0018155	http://purl.obolibrary.org/obo/mondo#doid_rare	DOID:230	lateral sclerosis	lateral sclerosis
MONDO:0018158	http://purl.obolibrary.org/obo/mondo#doid_rare	DOID:0070329	mitochondrial DNA depletion syndrome	mitochondrial DNA depletion syndrome
MONDO:0018166	http://purl.obolibrary.org/obo/mondo#doid_rare	DOID:5773	oral submucous fibrosis	oral submucous fibrosis
MONDO:0018177	http://purl.obolibrary.org/obo/mondo#doid_rare	DOID:3068	glioblastoma	glioblastoma
MONDO:0018213	http://purl.obolibrary.org/obo/mondo#doid_rare	DOID:0070162	hereditary sensory and autonomic neuropathy type 1	hereditary sensory and autonomic neuropathy type 1
MONDO:0018214	http://purl.obolibrary.org/obo/mondo#doid_rare	DOID:0060170	generalized epilepsy with febrile seizures plus	generalized epilepsy with febrile seizures plus
MONDO:0018216	http://purl.obolibrary.org/obo/mondo#doid_rare	DOID:0050880	Koolen-de Vries syndrome due to 17q21.31 microdeletion syndrome	Koolen de Vries syndrome
MONDO:0018223	http://purl.obolibrary.org/obo/mondo#doid_rare	DOID:0070324	systemic Epstein-Barr virus-positive T-cell lymphoproliferative disease of childhood	systemic Epstein-Barr virus positive T-cell lymphoma of childhood
MONDO:0018229	http://purl.obolibrary.org/obo/mondo#doid_rare	DOID:0050426	Stevens-Johnson syndrome	Stevens-Johnson syndrome
MONDO:0018233	http://purl.obolibrary.org/obo/mondo#doid_rare	DOID:0111782	otopalatodigital syndrome spectrum disorder	otopalatodigital syndrome spectrum disorder
MONDO:0018256	http://purl.obolibrary.org/obo/mondo#doid_rare	DOID:0070630	acute myeloid leukemia with t(8;16)(p11;p13) translocation	acute myeloid leukemia with KAT6A-CREBBP fusion
MONDO:0018270	http://purl.obolibrary.org/obo/mondo#doid_rare	DOID:4232	extraskeletal Ewing sarcoma	extraosseous Ewing sarcoma
MONDO:0018274	http://purl.obolibrary.org/obo/mondo#doid_rare	DOID:0060470	GM3 synthase deficiency	salt and pepper syndrome
MONDO:0018276	http://purl.obolibrary.org/obo/mondo#doid_rare	DOID:0112374	muscular dystrophy-dystroglycanopathy	muscular dystrophy-dystroglycanopathy
MONDO:0018301	http://purl.obolibrary.org/obo/mondo#doid_rare	DOID:13949	interstitial cystitis	interstitial cystitis
MONDO:0018304	http://purl.obolibrary.org/obo/mondo#doid_rare	DOID:4371	Schnitzler syndrome	Schnitzler syndrome
MONDO:0018305	http://purl.obolibrary.org/obo/mondo#doid_rare	DOID:3265	chronic granulomatous disease	chronic granulomatous disease
MONDO:0018306	http://purl.obolibrary.org/obo/mondo#doid_rare	DOID:0060831	Griscelli syndrome	Griscelli syndrome
MONDO:0018307	http://purl.obolibrary.org/obo/mondo#doid_rare	DOID:0110734	neurodegeneration with brain iron accumulation	neurodegeneration with brain iron accumulation
MONDO:0018309	http://purl.obolibrary.org/obo/mondo#doid_rare	DOID:10487	Hirschsprung disease	Hirschsprung's disease
MONDO:0018319	http://purl.obolibrary.org/obo/mondo#doid_rare	DOID:0111728	familial episodic pain syndrome	familial episodic pain syndrome
MONDO:0018458	http://purl.obolibrary.org/obo/mondo#doid_rare	DOID:0060699	familial hypocalciuric hypercalcemia	familial hypocalciuric hypercalcemia
MONDO:0018470	http://purl.obolibrary.org/obo/mondo#doid_rare	DOID:14766	renal agenesis	renal agenesis
MONDO:0018472	http://purl.obolibrary.org/obo/mondo#doid_rare	DOID:0111566	familial isolated trichomegaly	familial isolated trichomegaly
MONDO:0018477	http://purl.obolibrary.org/obo/mondo#doid_rare	DOID:2382	bilirubin encephalopathy	kernicterus
MONDO:0018479	http://purl.obolibrary.org/obo/mondo#doid_rare	DOID:0050811	congenital adrenal hyperplasia	congenital adrenal hyperplasia
MONDO:0018484	http://purl.obolibrary.org/obo/mondo#doid_rare	DOID:0080193	semicircular canal dehiscence syndrome	superior semicircular canal dehiscence
MONDO:0018493	http://purl.obolibrary.org/obo/mondo#doid_rare	DOID:8545	malignant hyperthermia of anesthesia	malignant hyperthermia
MONDO:0018540	http://purl.obolibrary.org/obo/mondo#doid_rare	DOID:0081451	PFAPA syndrome	PFAPA syndrome
MONDO:0018542	http://purl.obolibrary.org/obo/mondo#doid_rare	DOID:0050590	severe congenital neutropenia	severe congenital neutropenia
MONDO:0018543	http://purl.obolibrary.org/obo/mondo#doid_rare	DOID:0090109	autosomal dominant hypocalcemia	autosomal dominant hypocalcemia
MONDO:0018555	http://purl.obolibrary.org/obo/mondo#doid_rare	DOID:0090070	hypogonadotropic hypogonadism	hypogonadotropic hypogonadism
MONDO:0018570	http://purl.obolibrary.org/obo/mondo#doid_rare	DOID:14213	hypophosphatasia	hypophosphatasia
MONDO:0018582	http://purl.obolibrary.org/obo/mondo#doid_rare	DOID:0112306	GCGR-related hyperglucagonemia	Mahvash Disease
MONDO:0018589	http://purl.obolibrary.org/obo/mondo#doid_rare	DOID:0080927	AApoAIV amyloidosis	apolipoprotein A-IV associated amyloidosis
MONDO:0018590	http://purl.obolibrary.org/obo/mondo#doid_rare	DOID:0080928	ABeta2M amyloidosis	dialysis-related amyloidosis
MONDO:0018612	http://purl.obolibrary.org/obo/mondo#doid_rare	DOID:0050328	congenital hypothyroidism	congenital hypothyroidism
MONDO:0018613	http://purl.obolibrary.org/obo/mondo#doid_rare	DOID:0080934	AH amyloidosis	immunoglobulin heavy chain amyloidosis
MONDO:0018637	http://purl.obolibrary.org/obo/mondo#doid_rare	DOID:0111417	familial chylomicronemia syndrome	familial chylomicronemia syndrome
MONDO:0018660	http://purl.obolibrary.org/obo/mondo#doid_rare	DOID:0061030	hemophilia	hemophilia
MONDO:0018661	http://purl.obolibrary.org/obo/mondo#doid_rare	DOID:0060478	Zika virus infectious disease	Zika fever
MONDO:0018666	http://purl.obolibrary.org/obo/mondo#doid_rare	DOID:687	hepatoblastoma	hepatoblastoma
MONDO:0018677	http://purl.obolibrary.org/obo/mondo#doid_rare	DOID:0050545	visceral heterotaxy	visceral heterotaxy
MONDO:0018689	http://purl.obolibrary.org/obo/mondo#doid_rare	DOID:9513	plasma cell leukemia	plasma cell leukemia
MONDO:0018690	http://purl.obolibrary.org/obo/mondo#doid_rare	DOID:11549	Holmes-Adie syndrome	Adie syndrome
MONDO:0018696	http://purl.obolibrary.org/obo/mondo#doid_rare	DOID:0081392	corticobasal syndrome	corticobasal degeneration syndrome
MONDO:0018746	http://purl.obolibrary.org/obo/mondo#doid_rare	DOID:11656	mucous membrane pemphigoid	cicatricial pemphigoid
MONDO:0018760	http://purl.obolibrary.org/obo/mondo#doid_rare	DOID:0081126	DeSanto-Shinawi syndrome	DeSanto-Shinawi syndrome
MONDO:0018761	http://purl.obolibrary.org/obo/mondo#doid_rare	DOID:0080532	SMARCA4-deficient sarcoma of thorax	Smarca4-deficient sarcoma of thorax
MONDO:0018767	http://purl.obolibrary.org/obo/mondo#doid_rare	DOID:0080361	severe primary trimethylaminuria	trimethylaminuria
MONDO:0018768	http://purl.obolibrary.org/obo/mondo#doid_rare	DOID:0090061	familial cold autoinflammatory syndrome	familial cold autoinflammatory syndrome
MONDO:0018770	http://purl.obolibrary.org/obo/mondo#doid_rare	DOID:0050592	Jeune syndrome	asphyxiating thoracic dystrophy
MONDO:0018772	http://purl.obolibrary.org/obo/mondo#doid_rare	DOID:0050777	Joubert syndrome	Joubert syndrome
MONDO:0018800	http://purl.obolibrary.org/obo/mondo#doid_rare	DOID:3614	Kallmann syndrome	Kallmann syndrome
MONDO:0018801	http://purl.obolibrary.org/obo/mondo#doid_rare	DOID:0111862	congenital bilateral absence of vas deferens	congenital bilateral absence of vas deferens
MONDO:0018805	http://purl.obolibrary.org/obo/mondo#doid_rare	DOID:899	bile duct cyst	choledochal cyst
MONDO:0018808	http://purl.obolibrary.org/obo/mondo#doid_rare	DOID:0081394	Caroli syndrome	Caroli syndrome
MONDO:0018820	http://purl.obolibrary.org/obo/mondo#doid_rare	DOID:0081386	recurrent metabolic encephalomyopathic crises-rhabdomyolysis-cardiac arrhythmia-intellectual disability syndrome	TANGO2-related metabolic encephalopathy and arrythmias
MONDO:0018824	http://purl.obolibrary.org/obo/mondo#doid_rare	DOID:8553	pyoderma gangrenosum	pyoderma gangrenosum
MONDO:0018830	http://purl.obolibrary.org/obo/mondo#doid_rare	DOID:7365	Kimura disease	Kimura disease
MONDO:0018838	http://purl.obolibrary.org/obo/mondo#doid_rare	DOID:0050453	lissencephaly spectrum disorders	lissencephaly
MONDO:0018841	http://purl.obolibrary.org/obo/mondo#doid_rare	DOID:0050674	congenital bile acid synthesis defect	congenital bile acid synthesis defect
MONDO:0018849	http://purl.obolibrary.org/obo/mondo#doid_rare	DOID:4154	dentinogenesis imperfecta	dentinogenesis imperfecta
MONDO:0018852	http://purl.obolibrary.org/obo/mondo#doid_rare	DOID:13911	achromatopsia	achromatopsia
MONDO:0018865	http://purl.obolibrary.org/obo/mondo#doid_rare	DOID:0081105	striate palmoplantar keratoderma	keratosis palmoplantaris striata
MONDO:0018866	http://purl.obolibrary.org/obo/mondo#doid_rare	DOID:0050629	Aicardi-Goutieres syndrome	Aicardi-Goutieres syndrome
MONDO:0018868	http://purl.obolibrary.org/obo/mondo#doid_rare	DOID:10581	metachromatic leukodystrophy	metachromatic leukodystrophy
MONDO:0018870	http://purl.obolibrary.org/obo/mondo#doid_rare	DOID:0050644	arterial calcification of infancy	arterial calcification of infancy
MONDO:0018872	http://purl.obolibrary.org/obo/mondo#doid_rare	DOID:8761	acute megakaryoblastic leukemia	acute megakaryocytic leukemia
MONDO:0018874	http://purl.obolibrary.org/obo/mondo#doid_rare	DOID:9119	acute myeloid leukemia	acute myeloid leukemia
MONDO:0018875	http://purl.obolibrary.org/obo/mondo#doid_rare	DOID:3012	Li-Fraumeni syndrome	Li-Fraumeni syndrome
MONDO:0018876	http://purl.obolibrary.org/obo/mondo#doid_rare	DOID:0050746	mantle cell lymphoma	mantle cell lymphoma
MONDO:0018878	http://purl.obolibrary.org/obo/mondo#doid_rare	DOID:0060232	branchiootic syndrome	branchiootic syndrome
MONDO:0018881	http://purl.obolibrary.org/obo/mondo#doid_rare	DOID:0050908	myelodysplastic syndrome	myelodysplastic syndrome
MONDO:0018882	http://purl.obolibrary.org/obo/mondo#doid_rare	DOID:865	vasculitis	vasculitis
MONDO:0018889	http://purl.obolibrary.org/obo/mondo#doid_rare	DOID:0111267	hyaline body myopathy	hyaline body myopathy
MONDO:0018896	http://purl.obolibrary.org/obo/mondo#doid_rare	DOID:10772	thrombotic thrombocytopenic purpura	thrombotic thrombocytopenic purpura
MONDO:0018901	http://purl.obolibrary.org/obo/mondo#doid_rare	DOID:0060480	left ventricular noncompaction	left ventricular noncompaction
MONDO:0018903	http://purl.obolibrary.org/obo/mondo#doid_rare	DOID:9640	sarcocystosis	sarcocystosis
MONDO:0018905	http://purl.obolibrary.org/obo/mondo#doid_rare	DOID:0050745	diffuse large B-cell lymphoma	diffuse large B-cell lymphoma
MONDO:0018906	http://purl.obolibrary.org/obo/mondo#doid_rare	DOID:0050873	follicular lymphoma	follicular lymphoma
MONDO:0018907	http://purl.obolibrary.org/obo/mondo#doid_rare	DOID:3840	craniopharyngioma	craniopharyngioma
MONDO:0018908	http://purl.obolibrary.org/obo/mondo#doid_rare	DOID:0060060	non-Hodgkin lymphoma	non-Hodgkin lymphoma
MONDO:0018910	http://purl.obolibrary.org/obo/mondo#doid_rare	DOID:0050632	oculocutaneous albinism	oculocutaneous albinism
MONDO:0018911	http://purl.obolibrary.org/obo/mondo#doid_rare	DOID:0050524	maturity-onset diabetes of the young	maturity-onset diabetes of the young
MONDO:0018919	http://purl.obolibrary.org/obo/mondo#doid_rare	DOID:1858	McCune-Albright syndrome	McCune Albright syndrome
MONDO:0018920	http://purl.obolibrary.org/obo/mondo#doid_rare	DOID:9997	peripartum cardiomyopathy	peripartum cardiomyopathy
MONDO:0018921	http://purl.obolibrary.org/obo/mondo#doid_rare	DOID:0050778	Meckel syndrome	Meckel syndrome
MONDO:0018931	http://purl.obolibrary.org/obo/mondo#doid_rare	DOID:0080071	mucolipidosis type III, alpha/beta	mucolipidosis III alpha/beta
MONDO:0018935	http://purl.obolibrary.org/obo/mondo#doid_rare	DOID:285	hairy cell leukemia	hairy cell leukemia
MONDO:0018937	http://purl.obolibrary.org/obo/mondo#doid_rare	DOID:12801	mucopolysaccharidosis type 3	mucopolysaccharidosis III
MONDO:0018940	http://purl.obolibrary.org/obo/mondo#doid_rare	DOID:3635	congenital myasthenic syndrome	congenital myasthenic syndrome
MONDO:0018943	http://purl.obolibrary.org/obo/mondo#doid_rare	DOID:0080307	myofibrillar myopathy	myofibrillar myopathy
MONDO:0018945	http://purl.obolibrary.org/obo/mondo#doid_rare	DOID:0112107	XK-related neurodegenerative disease	McLeod syndrome
MONDO:0018947	http://purl.obolibrary.org/obo/mondo#doid_rare	DOID:14717	centronuclear myopathy	centronuclear myopathy
MONDO:0018948	http://purl.obolibrary.org/obo/mondo#doid_rare	DOID:0080991	multiminicore myopathy	congenital myopathy 1B
MONDO:0018949	http://purl.obolibrary.org/obo/mondo#doid_rare	DOID:11720	distal myopathy	distal myopathy
MONDO:0018950	http://purl.obolibrary.org/obo/mondo#doid_rare	DOID:0050710	3-methylcrotonyl-CoA carboxylase deficiency	3-methylcrotonyl-CoA carboxylase deficiency
MONDO:0018953	http://purl.obolibrary.org/obo/mondo#doid_rare	DOID:0060285	parietal foramina	parietal foramina
MONDO:0018954	http://purl.obolibrary.org/obo/mondo#doid_rare	DOID:0050466	Loeys-Dietz syndrome	Loeys-Dietz syndrome
MONDO:0018958	http://purl.obolibrary.org/obo/mondo#doid_rare	DOID:3191	nemaline myopathy	nemaline myopathy
MONDO:0018965	http://purl.obolibrary.org/obo/mondo#doid_rare	DOID:10983	Alport syndrome	Alport syndrome
MONDO:0018975	http://purl.obolibrary.org/obo/mondo#doid_rare	DOID:0111253	neurofibromatosis type 1	neurofibromatosis 1
MONDO:0018983	http://purl.obolibrary.org/obo/mondo#doid_rare	DOID:1278	Tolosa-Hunt syndrome	tolosa-hunt syndrome
MONDO:0018993	http://purl.obolibrary.org/obo/mondo#doid_rare	DOID:0050539	Charcot-Marie-Tooth disease type 2	Charcot-Marie-Tooth disease type 2
MONDO:0018994	http://purl.obolibrary.org/obo/mondo#doid_rare	DOID:0050542	Charcot-Marie-Tooth disease type X	Charcot-Marie-Tooth disease type X
MONDO:0018995	http://purl.obolibrary.org/obo/mondo#doid_rare	DOID:0050541	Charcot-Marie-Tooth disease type 4	Charcot-Marie-Tooth disease type 4
MONDO:0018996	http://purl.obolibrary.org/obo/mondo#doid_rare	DOID:0050755	spinocerebellar ataxia, autosomal recessive, with axonal neuropathy 2	spinocerebellar ataxia with axonal neuropathy 2
MONDO:0018997	http://purl.obolibrary.org/obo/mondo#doid_rare	DOID:3490	Noonan syndrome	Noonan syndrome
MONDO:0018998	http://purl.obolibrary.org/obo/mondo#doid_rare	DOID:14791	Leber congenital amaurosis	Leber congenital amaurosis
MONDO:0019005	http://purl.obolibrary.org/obo/mondo#doid_rare	DOID:12712	nephronophthisis	nephronophthisis
MONDO:0019008	http://purl.obolibrary.org/obo/mondo#doid_rare	DOID:0070230	benign recurrent intrahepatic cholestasis	benign recurrent intrahepatic cholestasis
MONDO:0019011	http://purl.obolibrary.org/obo/mondo#doid_rare	DOID:0050538	Charcot-Marie-Tooth disease type 1	Charcot-Marie-Tooth disease type 1
MONDO:0019012	http://purl.obolibrary.org/obo/mondo#doid_rare	DOID:0060234	Carpenter syndrome	Carpenter syndrome
MONDO:0019019	http://purl.obolibrary.org/obo/mondo#doid_rare	DOID:12347	osteogenesis imperfecta	osteogenesis imperfecta
MONDO:0019023	http://purl.obolibrary.org/obo/mondo#doid_rare	DOID:3663	cutaneous mastocytosis	cutaneous mastocytosis
MONDO:0019035	http://purl.obolibrary.org/obo/mondo#doid_rare	DOID:6823	pancreatoblastoma	pancreatoblastoma
MONDO:0019037	http://purl.obolibrary.org/obo/mondo#doid_rare	DOID:678	progressive supranuclear palsy	progressive supranuclear palsy
MONDO:0019046	http://purl.obolibrary.org/obo/mondo#doid_rare	DOID:10579	leukodystrophy	leukodystrophy
MONDO:0019050	http://purl.obolibrary.org/obo/mondo#doid_rare	DOID:2860	inherited hemoglobinopathy	hemoglobinopathy
MONDO:0019064	http://purl.obolibrary.org/obo/mondo#doid_rare	DOID:2476	hereditary spastic paraplegia	hereditary spastic paraplegia
MONDO:0019071	http://purl.obolibrary.org/obo/mondo#doid_rare	DOID:0111655	pure hair and nail ectodermal dysplasia	pure hair and nail ectodermal dysplasia
MONDO:0019072	http://purl.obolibrary.org/obo/mondo#doid_rare	DOID:1852	intrahepatic cholestasis	intrahepatic cholestasis
MONDO:0019078	http://purl.obolibrary.org/obo/mondo#doid_rare	DOID:0060565	Ritscher-Schinzel syndrome	Ritscher-Schinzel syndrome
MONDO:0019082	http://purl.obolibrary.org/obo/mondo#doid_rare	DOID:8506	bullous pemphigoid	bullous pemphigoid
MONDO:0019100	http://purl.obolibrary.org/obo/mondo#doid_rare	DOID:8869	neuromyelitis optica	neuromyelitis optica
MONDO:0019107	http://purl.obolibrary.org/obo/mondo#doid_rare	DOID:0050641	Rh deficiency syndrome	Rh deficiency syndrome
MONDO:0019121	http://purl.obolibrary.org/obo/mondo#doid_rare	DOID:11339	pneumocystosis	pneumocystosis
MONDO:0019125	http://purl.obolibrary.org/obo/mondo#doid_rare	DOID:2556	relapsing polychondritis	relapsing polychondritis
MONDO:0019127	http://purl.obolibrary.org/obo/mondo#doid_rare	DOID:0080745	polymyositis	polymyositis
MONDO:0019142	http://purl.obolibrary.org/obo/mondo#doid_rare	DOID:13268	inherited porphyria	porphyria
MONDO:0019143	http://purl.obolibrary.org/obo/mondo#doid_rare	DOID:0050256	angiostrongyliasis	angiostrongyliasis
MONDO:0019144	http://purl.obolibrary.org/obo/mondo#doid_rare	DOID:0111905	hereditary thrombophilia due to congenital protein S deficiency	autosomal recessive thrombophilia due to protein S deficiency
MONDO:0019145	http://purl.obolibrary.org/obo/mondo#doid_rare	DOID:3756	hereditary thrombophilia due to congenital protein C deficiency	protein C deficiency
MONDO:0019148	http://purl.obolibrary.org/obo/mondo#doid_rare	DOID:14497	Wolman disease	Wolman disease
MONDO:0019149	http://purl.obolibrary.org/obo/mondo#doid_rare	DOID:14502	cholesteryl ester storage disease	cholesterol ester storage disease
MONDO:0019154	http://purl.obolibrary.org/obo/mondo#doid_rare	DOID:4674	androgen insensitivity syndrome	androgen insensitivity syndrome
MONDO:0019155	http://purl.obolibrary.org/obo/mondo#doid_rare	DOID:0112259	Leydig cell hypoplasia	Leydig cell hypoplasia
MONDO:0019165	http://purl.obolibrary.org/obo/mondo#doid_rare	DOID:0112308	central precocious puberty	central precocious puberty
MONDO:0019167	http://purl.obolibrary.org/obo/mondo#doid_rare	DOID:11123	immunoglobulin A vasculitis	IgA vasculitis
MONDO:0019168	http://purl.obolibrary.org/obo/mondo#doid_rare	DOID:876	pyomyositis	pyomyositis
MONDO:0019169	http://purl.obolibrary.org/obo/mondo#doid_rare	DOID:3649	pyruvate dehydrogenase deficiency	pyruvate decarboxylase deficiency
MONDO:0019170	http://purl.obolibrary.org/obo/mondo#doid_rare	DOID:9810	polyarteritis nodosa	polyarteritis nodosa
MONDO:0019172	http://purl.obolibrary.org/obo/mondo#doid_rare	DOID:12271	aniridia	aniridia
MONDO:0019173	http://purl.obolibrary.org/obo/mondo#doid_rare	DOID:11260	rabies	rabies
MONDO:0019180	http://purl.obolibrary.org/obo/mondo#doid_rare	DOID:1270	hereditary hemorrhagic telangiectasia	hereditary hemorrhagic telangiectasia
MONDO:0019181	http://purl.obolibrary.org/obo/mondo#doid_rare	DOID:0050776	non-syndromic X-linked intellectual disability	non-syndromic X-linked intellectual disability
MONDO:0019186	http://purl.obolibrary.org/obo/mondo#doid_rare	DOID:11100	Q fever	Q fever
MONDO:0019187	http://purl.obolibrary.org/obo/mondo#doid_rare	DOID:14686	Axenfeld-Rieger syndrome	Axenfeld-Rieger syndrome
MONDO:0019188	http://purl.obolibrary.org/obo/mondo#doid_rare	DOID:1933	Rubinstein-Taybi syndrome	Rubinstein-Taybi syndrome
MONDO:0019191	http://purl.obolibrary.org/obo/mondo#doid_rare	DOID:12900	IgG4-related dacryoadenitis and sialadenitis	Mikulicz disease
MONDO:0019200	http://purl.obolibrary.org/obo/mondo#doid_rare	DOID:10584	retinitis pigmentosa	retinitis pigmentosa
MONDO:0019202	http://purl.obolibrary.org/obo/mondo#doid_rare	DOID:0080534	myxofibrosarcoma	myxofibrosarcoma
MONDO:0019203	http://purl.obolibrary.org/obo/mondo#doid_rare	DOID:2800	acute interstitial pneumonia	acute interstitial pneumonia
MONDO:0019209	http://purl.obolibrary.org/obo/mondo#doid_rare	DOID:10844	Japanese encephalitis	Japanese encephalitis
MONDO:0019214	http://purl.obolibrary.org/obo/mondo#doid_rare	DOID:2978	inborn carbohydrate metabolic disorder	carbohydrate metabolic disorder
MONDO:0019249	http://purl.obolibrary.org/obo/mondo#doid_rare	DOID:12798	mucopolysaccharidosis	mucopolysaccharidosis
MONDO:0019255	http://purl.obolibrary.org/obo/mondo#doid_rare	DOID:1927	sphingolipidosis	sphingolipidosis
MONDO:0019257	http://purl.obolibrary.org/obo/mondo#doid_rare	DOID:0111034	hemochromatosis type 2	hemochromatosis type 2
MONDO:0019264	http://purl.obolibrary.org/obo/mondo#doid_rare	DOID:0112320	alpha-N-acetylgalactosaminidase deficiency type 3	Schindler disease type 3
MONDO:0019266	http://purl.obolibrary.org/obo/mondo#doid_rare	DOID:13677	SAPHO syndrome	SAPHO syndrome
MONDO:0019269	http://purl.obolibrary.org/obo/mondo#doid_rare	DOID:1697	ichthyosis	ichthyosis
MONDO:0019280	http://purl.obolibrary.org/obo/mondo#doid_rare	DOID:420	hypertrichosis	hypertrichosis
MONDO:0019287	http://purl.obolibrary.org/obo/mondo#doid_rare	DOID:2121	ectodermal dysplasia syndrome	ectodermal dysplasia
MONDO:0019307	http://purl.obolibrary.org/obo/mondo#doid_rare	DOID:0060738	generalized junctional epidermolysis bullosa non-Herlitz type	junctional epidermolysis bullosa non-Herlitz type
MONDO:0019312	http://purl.obolibrary.org/obo/mondo#doid_rare	DOID:3753	Hermansky-Pudlak syndrome	Hermansky-Pudlak syndrome
MONDO:0019313	http://purl.obolibrary.org/obo/mondo#doid_rare	DOID:0050580	lymphatic malformation	hereditary lymphedema
MONDO:0019315	http://purl.obolibrary.org/obo/mondo#doid_rare	DOID:3665	diffuse cutaneous mastocytosis	diffuse cutaneous mastocytosis
MONDO:0019324	http://purl.obolibrary.org/obo/mondo#doid_rare	DOID:0080850	pemphigus foliaceus	pemphigus foliaceus
MONDO:0019338	http://purl.obolibrary.org/obo/mondo#doid_rare	DOID:11335	sarcoidosis	sarcoidosis
MONDO:0019342	http://purl.obolibrary.org/obo/mondo#doid_rare	DOID:0050569	Seckel syndrome	Seckel syndrome
MONDO:0019344	http://purl.obolibrary.org/obo/mondo#doid_rare	DOID:0080744	antisynthetase syndrome	antisynthetase syndrome
MONDO:0019345	http://purl.obolibrary.org/obo/mondo#doid_rare	DOID:12385	shigellosis	shigellosis
MONDO:0019347	http://purl.obolibrary.org/obo/mondo#doid_rare	DOID:0060283	peeling skin syndrome	peeling skin syndrome
MONDO:0019349	http://purl.obolibrary.org/obo/mondo#doid_rare	DOID:14748	Sotos syndrome	Sotos syndrome
MONDO:0019350	http://purl.obolibrary.org/obo/mondo#doid_rare	DOID:12971	hereditary spherocytosis	hereditary spherocytosis
MONDO:0019353	http://purl.obolibrary.org/obo/mondo#doid_rare	DOID:0050817	Stargardt disease	Stargardt disease
MONDO:0019354	http://purl.obolibrary.org/obo/mondo#doid_rare	DOID:0080046	Stickler syndrome	Stickler syndrome
MONDO:0019355	http://purl.obolibrary.org/obo/mondo#doid_rare	DOID:14256	adult-onset Still disease	adult-onset Still's disease
MONDO:0019359	http://purl.obolibrary.org/obo/mondo#doid_rare	DOID:0050052	Rocky mountain spotted fever	Rocky Mountain spotted fever
MONDO:0019369	http://purl.obolibrary.org/obo/mondo#doid_rare	DOID:3223	complex regional pain syndrome	complex regional pain syndrome
MONDO:0019373	http://purl.obolibrary.org/obo/mondo#doid_rare	DOID:6785	desmoplastic small round cell tumor	desmoplastic small round cell tumor
MONDO:0019376	http://purl.obolibrary.org/obo/mondo#doid_rare	DOID:2365	West-Nile encephalitis	West Nile encephalitis
MONDO:0019380	http://purl.obolibrary.org/obo/mondo#doid_rare	DOID:10843	western equine encephalitis	Western equine encephalitis
MONDO:0019383	http://purl.obolibrary.org/obo/mondo#doid_rare	DOID:639	acute disseminated encephalomyelitis	acute disseminated encephalomyelitis
MONDO:0019391	http://purl.obolibrary.org/obo/mondo#doid_rare	DOID:13636	Fanconi anemia	Fanconi anemia
MONDO:0019392	http://purl.obolibrary.org/obo/mondo#doid_rare	DOID:5445	syringocystadenoma papilliferum	syringocystadenoma papilliferum
MONDO:0019402	http://purl.obolibrary.org/obo/mondo#doid_rare	DOID:12241	beta thalassemia	beta thalassemia
MONDO:0019403	http://purl.obolibrary.org/obo/mondo#doid_rare	DOID:1338	congenital dyserythropoietic anemia	congenital dyserythropoietic anemia
MONDO:0019404	http://purl.obolibrary.org/obo/mondo#doid_rare	DOID:4697	perineurioma	perineurioma
MONDO:0019407	http://purl.obolibrary.org/obo/mondo#doid_rare	DOID:0111673	microcephalic osteodysplastic dysplasia, Saul-Wilson type	Saul-Wilson syndrome
MONDO:0019443	http://purl.obolibrary.org/obo/mondo#doid_rare	DOID:0060770	dextro-looped transposition of the great arteries	dextro-looped transposition of the great arteries
MONDO:0019461	http://purl.obolibrary.org/obo/mondo#doid_rare	DOID:0081041	B-cell prolymphocytic leukemia	B-cell prolymphocytic leukemia
MONDO:0019468	http://purl.obolibrary.org/obo/mondo#doid_rare	DOID:0081042	T-cell prolymphocytic leukemia	T-cell prolymphocytic leukemia
MONDO:0019471	http://purl.obolibrary.org/obo/mondo#doid_rare	DOID:0050523	adult T-cell leukemia/lymphoma	adult T-cell leukemia/lymphoma
MONDO:0019474	http://purl.obolibrary.org/obo/mondo#doid_rare	DOID:0081049	hepatosplenic T-cell lymphoma	hepatosplenic T-cell lymphoma
MONDO:0019475	http://purl.obolibrary.org/obo/mondo#doid_rare	DOID:0070662	subcutaneous panniculitis-like T-cell lymphoma	subcutaneous panniculitis-like T-cell lymphoma
MONDO:0019480	http://purl.obolibrary.org/obo/mondo#doid_rare	DOID:7146	Langerhans cell sarcoma	Langerhans cell sarcoma
MONDO:0019490	http://purl.obolibrary.org/obo/mondo#doid_rare	DOID:0111073	progressive familial heart block	progressive familial heart block
MONDO:0019498	http://purl.obolibrary.org/obo/mondo#doid_rare	DOID:0050266	tungiasis	tungiasis
MONDO:0019499	http://purl.obolibrary.org/obo/mondo#doid_rare	DOID:3491	Turner syndrome	Turner syndrome
MONDO:0019501	http://purl.obolibrary.org/obo/mondo#doid_rare	DOID:0050439	Usher syndrome	Usher syndrome
MONDO:0019502	http://purl.obolibrary.org/obo/mondo#doid_rare	DOID:0060308	autosomal recessive non-syndromic intellectual disability	autosomal recessive intellectual developmental disorder
MONDO:0019503	http://purl.obolibrary.org/obo/mondo#doid_rare	DOID:0060648	anterior segment dysgenesis	anterior segment dysgenesis
MONDO:0019507	http://purl.obolibrary.org/obo/mondo#doid_rare	DOID:2187	amelogenesis imperfecta	amelogenesis imperfecta
MONDO:0019508	http://purl.obolibrary.org/obo/mondo#doid_rare	DOID:0060239	van der Woude syndrome	Van der Woude syndrome
MONDO:0019514	http://purl.obolibrary.org/obo/mondo#doid_rare	DOID:0080177	hepatic veno-occlusive disease	hepatic veno-occlusive disease
MONDO:0019516	http://purl.obolibrary.org/obo/mondo#doid_rare	DOID:0050535	exudative vitreoretinopathy	exudative vitreoretinopathy
MONDO:0019526	http://purl.obolibrary.org/obo/mondo#doid_rare	DOID:0060567	erythema elevatum diutinum	erythema elevatum diutinum
MONDO:0019557	http://purl.obolibrary.org/obo/mondo#doid_rare	DOID:0060386	chilblain lupus	Chilblain lupus
MONDO:0019562	http://purl.obolibrary.org/obo/mondo#doid_rare	DOID:8472	localized scleroderma	localized scleroderma
MONDO:0019563	http://purl.obolibrary.org/obo/mondo#doid_rare	DOID:0060218	CREST syndrome	CREST syndrome
MONDO:0019565	http://purl.obolibrary.org/obo/mondo#doid_rare	DOID:12531	hereditary von Willebrand disease	von Willebrand's disease
MONDO:0019569	http://purl.obolibrary.org/obo/mondo#doid_rare	DOID:0080907	Cockayne syndrome type 1	Cockayne syndrome A
MONDO:0019570	http://purl.obolibrary.org/obo/mondo#doid_rare	DOID:0080908	Cockayne syndrome type 2	Cockayne syndrome B
MONDO:0019571	http://purl.obolibrary.org/obo/mondo#doid_rare	DOID:0070142	autosomal dominant cutis laxa	autosomal dominant cutis laxa
MONDO:0019572	http://purl.obolibrary.org/obo/mondo#doid_rare	DOID:0070144	autosomal recessive cutis laxa type 1	autosomal recessive cutis laxa type I
MONDO:0019586	http://purl.obolibrary.org/obo/mondo#doid_rare	DOID:0050566	X-linked nonsyndromic hearing loss	X-linked nonsyndromic deafness
MONDO:0019587	http://purl.obolibrary.org/obo/mondo#doid_rare	DOID:0050564	autosomal dominant nonsyndromic hearing loss	autosomal dominant nonsyndromic deafness
MONDO:0019588	http://purl.obolibrary.org/obo/mondo#doid_rare	DOID:0050565	hearing loss, autosomal recessive	autosomal recessive nonsyndromic deafness
MONDO:0019591	http://purl.obolibrary.org/obo/mondo#doid_rare	DOID:9410	panhypopituitarism	combined pituitary hormone deficiency
MONDO:0019600	http://purl.obolibrary.org/obo/mondo#doid_rare	DOID:0050427	xeroderma pigmentosum	xeroderma pigmentosum
MONDO:0019609	http://purl.obolibrary.org/obo/mondo#doid_rare	DOID:905	Zellweger spectrum disorders	Zellweger syndrome
MONDO:0019610	http://purl.obolibrary.org/obo/mondo#doid_rare	DOID:0050782	Zollinger-Ellison syndrome	Zollinger-Ellison syndrome
MONDO:0019618	http://purl.obolibrary.org/obo/mondo#doid_rare	DOID:9476	Sheehan syndrome	Sheehan syndrome
MONDO:0019623	http://purl.obolibrary.org/obo/mondo#doid_rare	DOID:14735	hereditary angioedema	hereditary angioedema
MONDO:0019629	http://purl.obolibrary.org/obo/mondo#doid_rare	DOID:0060252	sclerocornea	sclerocornea
MONDO:0019631	http://purl.obolibrary.org/obo/mondo#doid_rare	DOID:0060282	persistent hyperplastic primary vitreous	persistent hyperplastic primary vitreous
MONDO:0019632	http://purl.obolibrary.org/obo/mondo#doid_rare	DOID:11729	Lyme disease	Lyme disease
MONDO:0019637	http://purl.obolibrary.org/obo/mondo#doid_rare	DOID:0080204	renal hypoplasia	renal hypoplasia
MONDO:0019648	http://purl.obolibrary.org/obo/mondo#doid_rare	DOID:0080043	achondrogenesis	achondrogenesis
MONDO:0019667	http://purl.obolibrary.org/obo/mondo#doid_rare	DOID:0112284	spondyloepiphyseal dysplasia tarda	spondyloepiphyseal dysplasia tarda
MONDO:0019675	http://purl.obolibrary.org/obo/mondo#doid_rare	DOID:0112197	spondyloepimetaphyseal dysplasia with joint laxity	spondyloepimetaphyseal dysplasia with joint laxity
MONDO:0019696	http://purl.obolibrary.org/obo/mondo#doid_rare	DOID:0080049	acromesomelic dysplasia	acromesomelic dysplasia
MONDO:0019701	http://purl.obolibrary.org/obo/mondo#doid_rare	DOID:2581	chondrodysplasia punctata	chondrodysplasia punctata
MONDO:0019719	http://purl.obolibrary.org/obo/mondo#doid_rare	DOID:0080205	congenital anomaly of kidney and urinary tract	congenital anomalies of the kidney and urinary tract
MONDO:0019754	http://purl.obolibrary.org/obo/mondo#doid_rare	DOID:0111152	multicentric Castleman disease	multicentric Castleman disease
MONDO:0019772	http://purl.obolibrary.org/obo/mondo#doid_rare	DOID:3982	blepharospasm-oromandibular dystonia syndrome	Meige syndrome
MONDO:0019790	http://purl.obolibrary.org/obo/mondo#doid_rare	DOID:14464	neuroleptic malignant syndrome	neuroleptic malignant syndrome
MONDO:0019797	http://purl.obolibrary.org/obo/mondo#doid_rare	DOID:14669	acrodysostosis	acrodysostosis
MONDO:0019799	http://purl.obolibrary.org/obo/mondo#doid_rare	DOID:5230	hepatoerythropoietic porphyria	hepatoerythropoietic porphyria
MONDO:0019803	http://purl.obolibrary.org/obo/mondo#doid_rare	DOID:4028	angioma serpiginosum	angioma serpiginosum
MONDO:0019804	http://purl.obolibrary.org/obo/mondo#doid_rare	DOID:0060313	congenital tracheomalacia	tracheomalacia
MONDO:0019806	http://purl.obolibrary.org/obo/mondo#doid_rare	DOID:0081388	primary progressive aphasia	primary progressive aphasia
MONDO:0019917	http://purl.obolibrary.org/obo/mondo#doid_rare	DOID:0111714	maternal uniparental disomy of chromosome 20	Mulchandani-Bhoj-Conlin syndrome
MONDO:0019930	http://purl.obolibrary.org/obo/mondo#doid_rare	DOID:0112260	Leydig cell hypoplasia due to complete LH resistance	Leydig cell hypoplasia type I
MONDO:0019931	http://purl.obolibrary.org/obo/mondo#doid_rare	DOID:0112261	Leydig cell hypoplasia due to partial LH resistance	Leydig cell hypoplasia type II
MONDO:0019933	http://purl.obolibrary.org/obo/mondo#doid_rare	DOID:2449	acromegaly	acromegaly
MONDO:0019941	http://purl.obolibrary.org/obo/mondo#doid_rare	DOID:0070161	hereditary sensory and autonomic neuropathy type 2	hereditary sensory and autonomic neuropathy type 2
MONDO:0019942	http://purl.obolibrary.org/obo/mondo#doid_rare	DOID:0050646	distal arthrogryposis	distal arthrogryposis
MONDO:0019947	http://purl.obolibrary.org/obo/mondo#doid_rare	DOID:0060255	rippling muscle disease 2	rippling muscle disease 2
MONDO:0019948	http://purl.obolibrary.org/obo/mondo#doid_rare	DOID:0080090	reducing body myopathy	reducing body myopathy 1A
MONDO:0019950	http://purl.obolibrary.org/obo/mondo#doid_rare	DOID:0050557	congenital muscular dystrophy	congenital muscular dystrophy
MONDO:0019960	http://purl.obolibrary.org/obo/mondo#doid_rare	DOID:5574	VIPoma	VIPoma
MONDO:0019975	http://purl.obolibrary.org/obo/mondo#doid_rare	DOID:8457	pellagra	pellagra
MONDO:0019978	http://purl.obolibrary.org/obo/mondo#doid_rare	DOID:0060254	Robinow syndrome	Robinow syndrome
MONDO:0019992	http://purl.obolibrary.org/obo/mondo#doid_rare	DOID:4184	pseudohypoparathyroidism	pseudohypoparathyroidism
MONDO:0020066	http://purl.obolibrary.org/obo/mondo#doid_rare	DOID:13359	Ehlers-Danlos syndrome	Ehlers-Danlos syndrome
MONDO:0020074	http://purl.obolibrary.org/obo/mondo#doid_rare	DOID:891	progressive myoclonus epilepsy	progressive myoclonus epilepsy
MONDO:0020088	http://purl.obolibrary.org/obo/mondo#doid_rare	DOID:0050440	familial partial lipodystrophy	familial partial lipodystrophy
MONDO:0020108	http://purl.obolibrary.org/obo/mondo#doid_rare	DOID:718	autoimmune hemolytic anemia	autoimmune hemolytic anemia
MONDO:0020121	http://purl.obolibrary.org/obo/mondo#doid_rare	DOID:9884	muscular dystrophy	muscular dystrophy
MONDO:0020135	http://purl.obolibrary.org/obo/mondo#doid_rare	DOID:0060264	pontocerebellar hypoplasia	pontocerebellar hypoplasia
MONDO:0020153	http://purl.obolibrary.org/obo/mondo#doid_rare	DOID:0111716	cryptophthalmia	cryptophthalmia
MONDO:0020290	http://purl.obolibrary.org/obo/mondo#doid_rare	DOID:0050651	familial atrioventricular septal defect	atrioventricular septal defect
MONDO:0020291	http://purl.obolibrary.org/obo/mondo#doid_rare	DOID:0070315	hypoplastic right heart syndrome	hypoplastic right heart syndrome
MONDO:0020310	http://purl.obolibrary.org/obo/mondo#doid_rare	DOID:0081420	familial focal epilepsy with variable foci	familial focal epilepsy with variable foci
MONDO:0020311	http://purl.obolibrary.org/obo/mondo#doid_rare	DOID:0080188	chronic myelomonocytic leukemia	chronic myelomonocytic leukemia
MONDO:0020323	http://purl.obolibrary.org/obo/mondo#doid_rare	DOID:0080210	primary mediastinal large B-cell lymphoma	primary mediastinal B-cell lymphoma
MONDO:0020337	http://purl.obolibrary.org/obo/mondo#doid_rare	DOID:0111396	congenital dyserythropoietic anemia type 1	congenital dyserythropoietic anemia type I
MONDO:0020340	http://purl.obolibrary.org/obo/mondo#doid_rare	DOID:0080924	bilateral perisylvian polymicrogyria	complex cortical dysplasia with other brain malformations 14B
MONDO:0020341	http://purl.obolibrary.org/obo/mondo#doid_rare	DOID:0050454	periventricular nodular heterotopia	periventricular nodular heterotopia
MONDO:0020359	http://purl.obolibrary.org/obo/mondo#doid_rare	DOID:0111720	congenital symblepharon	congenital symblepharon
MONDO:0020360	http://purl.obolibrary.org/obo/mondo#doid_rare	DOID:0111719	complete cryptophthalmia	complete cryptophthalmia
MONDO:0020361	http://purl.obolibrary.org/obo/mondo#doid_rare	DOID:0111718	partial cryptophthalmia	partial cryptophthalmia
MONDO:0020364	http://purl.obolibrary.org/obo/mondo#doid_rare	DOID:0060457	posterior polymorphous corneal dystrophy	posterior polymorphous corneal dystrophy
MONDO:0020367	http://purl.obolibrary.org/obo/mondo#doid_rare	DOID:1068	juvenile open angle glaucoma	juvenile glaucoma
MONDO:0020370	http://purl.obolibrary.org/obo/mondo#doid_rare	DOID:0060217	Cogan-Reese syndrome	Cogan-Reese syndrome
MONDO:0020380	http://purl.obolibrary.org/obo/mondo#doid_rare	DOID:1441	autosomal dominant cerebellar ataxia	autosomal dominant cerebellar ataxia
MONDO:0020381	http://purl.obolibrary.org/obo/mondo#doid_rare	DOID:0060863	patterned macular dystrophy	patterned macular dystrophy
MONDO:0020460	http://purl.obolibrary.org/obo/mondo#doid_rare	DOID:0111146	acquired von willebrand syndrome	acquired von Willebrand syndrome
MONDO:0020478	http://purl.obolibrary.org/obo/mondo#doid_rare	DOID:0111754	Leber plus disease	Leber plus disease
MONDO:0020480	http://purl.obolibrary.org/obo/mondo#doid_rare	DOID:0111165	sulfite oxidase deficiency due to molybdenum cofactor deficiency	molybdenum cofactor deficiency
MONDO:0020491	http://purl.obolibrary.org/obo/mondo#doid_rare	DOID:0111169	subcortical band heterotopia	subcortical band heterotopia
MONDO:0020500	http://purl.obolibrary.org/obo/mondo#doid_rare	DOID:4327	Marburg hemorrhagic fever	Marburg hemorrhagic fever
MONDO:0020502	http://purl.obolibrary.org/obo/mondo#doid_rare	DOID:9682	yellow fever	yellow fever
MONDO:0020525	http://purl.obolibrary.org/obo/mondo#doid_rare	DOID:0060334	transient neonatal diabetes mellitus	transient neonatal diabetes mellitus
MONDO:0020527	http://purl.obolibrary.org/obo/mondo#doid_rare	DOID:0060890	ectopic Cushing syndrome	ectopic Cushing syndrome
MONDO:0020560	http://purl.obolibrary.org/obo/mondo#doid_rare	DOID:2129	atypical teratoid rhabdoid tumor	atypical teratoid rhabdoid tumor
MONDO:0020563	http://purl.obolibrary.org/obo/mondo#doid_rare	DOID:0080531	dedifferentiated liposarcoma	dedifferentiated liposarcoma
MONDO:0020602	http://purl.obolibrary.org/obo/mondo#doid_rare	DOID:0060248	Simpson-Golabi-Behmel syndrome type 1	Simpson-Golabi-Behmel syndrome type 1
MONDO:0020682	http://purl.obolibrary.org/obo/mondo#doid_rare	DOID:0080738	Ehlers-Danlos syndrome, spondylodysplastic type, 1	Ehlers-Danlos syndrome spondylodysplastic type 1
MONDO:0020684	http://purl.obolibrary.org/obo/mondo#doid_rare	DOID:0080986	Ehlers-Danlos syndrome, periodontal type 1	Ehlers-Danlos syndrome periodontal type 1
MONDO:0020721	http://purl.obolibrary.org/obo/mondo#doid_rare	DOID:0060063	X-linked sideroblastic anemia 1	sideroblastic anemia 1
MONDO:0020723	http://purl.obolibrary.org/obo/mondo#doid_rare	DOID:0080886	vitamin D-dependent rickets, type 1A	vitamin D-dependent rickets type 1A
MONDO:0020740	http://purl.obolibrary.org/obo/mondo#doid_rare	DOID:0081078	ectodermal dysplasia and immunodeficiency 1	ectodermal dysplasia and immunodeficiency 1
MONDO:0020746	http://purl.obolibrary.org/obo/mondo#doid_rare	DOID:0081322	contractures, pterygia, and variable skeletal fusions syndrome 1B	contractures, pterygia, and spondylocarpotarsal fusion syndrome 1B
MONDO:0020756	http://purl.obolibrary.org/obo/mondo#doid_rare	DOID:0111181	migraine, familial hemiplegic, 1	familial hemiplegic migraine 1
MONDO:0020765	http://purl.obolibrary.org/obo/mondo#doid_rare	DOID:0070679	neuropathy, congenital hypomyelinating, 2	congenital hypomyelinating neuropathy 2
MONDO:0020766	http://purl.obolibrary.org/obo/mondo#doid_rare	DOID:0070680	neuropathy, congenital hypomyelinating, 3	congenital hypomyelinating neuropathy 3
MONDO:0020849	http://purl.obolibrary.org/obo/mondo#doid_rare	DOID:0111952	immunodeficiency 57	immunodeficiency 57
MONDO:0021001	http://purl.obolibrary.org/obo/mondo#doid_rare	DOID:0111029	hemochromatosis type 1	hemochromatosis type 1
MONDO:0021002	http://purl.obolibrary.org/obo/mondo#doid_rare	DOID:11193	syndactyly	syndactyly
MONDO:0021003	http://purl.obolibrary.org/obo/mondo#doid_rare	DOID:1148	polydactyly	polydactyly
MONDO:0021004	http://purl.obolibrary.org/obo/mondo#doid_rare	DOID:0050581	brachydactyly	brachydactyly
MONDO:0021005	http://purl.obolibrary.org/obo/mondo#doid_rare	DOID:0111824	faciodigitogenital syndrome	Aarskog syndrome
MONDO:0021018	http://purl.obolibrary.org/obo/mondo#doid_rare	DOID:0110305	autosomal dominant limb-girdle muscular dystrophy type 1D (DNAJB6)	autosomal dominant limb-girdle muscular dystrophy type 1
MONDO:0021022	http://purl.obolibrary.org/obo/mondo#doid_rare	DOID:0060695	hereditary hyperekplexia	hyperekplexia
MONDO:0021023	http://purl.obolibrary.org/obo/mondo#doid_rare	DOID:0080775	complete androgen insensitivity syndrome	complete androgen insensitivity syndrome
MONDO:0021055	http://purl.obolibrary.org/obo/mondo#doid_rare	DOID:0050424	classic familial adenomatous polyposis	familial adenomatous polyposis
MONDO:0021061	http://purl.obolibrary.org/obo/mondo#doid_rare	DOID:8712	neurofibromatosis	neurofibromatosis
MONDO:0021107	http://purl.obolibrary.org/obo/mondo#doid_rare	DOID:8986	narcolepsy	narcolepsy
MONDO:0021129	http://purl.obolibrary.org/obo/mondo#doid_rare	DOID:10629	microphthalmia	microphthalmia
MONDO:0021569	http://purl.obolibrary.org/obo/mondo#doid_rare	DOID:0070247	Emery-Dreifuss muscular dystrophy 2, autosomal dominant	autosomal dominant Emery-Dreifuss muscular dystrophy 2
MONDO:0022519	http://purl.obolibrary.org/obo/mondo#doid_rare	DOID:0080767	autoimmune myocarditis	autoimmune myocarditis
MONDO:0022687	http://purl.obolibrary.org/obo/mondo#doid_rare	DOID:1443	cerebellar degeneration	cerebral degeneration
MONDO:0023069	http://purl.obolibrary.org/obo/mondo#doid_rare	DOID:0050332	enlarged vestibular aqueduct syndrome	enlarged vestibular aqueduct
MONDO:0023419	http://purl.obolibrary.org/obo/mondo#doid_rare	DOID:0080541	hyperprolinemia	hyperprolinemia
MONDO:0024182	http://purl.obolibrary.org/obo/mondo#doid_rare	DOID:0070318	dry beriberi	dry beriberi
MONDO:0024183	http://purl.obolibrary.org/obo/mondo#doid_rare	DOID:0070317	wet beriberi	wet beriberi
MONDO:0024309	http://purl.obolibrary.org/obo/mondo#doid_rare	DOID:0070155	neuropathy, hereditary sensory and autonomic, type 2A	hereditary sensory and autonomic neuropathy type 2A
MONDO:0024455	http://purl.obolibrary.org/obo/mondo#doid_rare	DOID:0060766	autosomal dominant Robinow syndrome 1	autosomal dominant Robinow syndrome 1
MONDO:0024457	http://purl.obolibrary.org/obo/mondo#doid_rare	DOID:0110735	neurodegeneration with brain iron accumulation 2A	neurodegeneration with brain iron accumulation 2a
MONDO:0024542	http://purl.obolibrary.org/obo/mondo#doid_rare	DOID:0070556	cerebellar ataxia, intellectual disability, and dysequilibrium syndrome 1	cerebellar ataxia, impaired intellectual development, and dysequilibrium syndrome 1
MONDO:0024548	http://purl.obolibrary.org/obo/mondo#doid_rare	DOID:0070520	peeling skin syndrome 1	peeling skin syndrome 1
MONDO:0024557	http://purl.obolibrary.org/obo/mondo#doid_rare	DOID:0081384	ataxia-telangiectasia-like disorder 1	ataxia-telangiectasia-like disorder 1
MONDO:0024568	http://purl.obolibrary.org/obo/mondo#doid_rare	DOID:0080717	infantile liver failure syndrome 1	infantile liver failure syndrome 1
MONDO:0024573	http://purl.obolibrary.org/obo/mondo#doid_rare	DOID:0080326	familial hypertrophic cardiomyopathy	familial hypertrophic cardiomyopathy
MONDO:0024677	http://purl.obolibrary.org/obo/mondo#doid_rare	DOID:3892	pancreatic insulinoma	insulinoma
MONDO:0024686	http://purl.obolibrary.org/obo/mondo#doid_rare	DOID:2702	tenosynovial giant cell tumor, diffuse type	pigmented villonodular synovitis
MONDO:0025193	http://purl.obolibrary.org/obo/mondo#doid_rare	DOID:0081296	oculopharyngodistal myopathy	oculopharyngodistal myopathy
MONDO:0026777	http://purl.obolibrary.org/obo/mondo#doid_rare	DOID:0080828	VEXAS syndrome	VEXAS syndrome
MONDO:0027069	http://purl.obolibrary.org/obo/mondo#doid_rare	DOID:0111748	mitochondrial complex 5 (ATP synthase) deficiency, mitochondrial type 1	mitochondrial complex V (ATP synthase) deficiency mitochondrial type 1
MONDO:0027407	http://purl.obolibrary.org/obo/mondo#doid_rare	DOID:0060352	Kleefstra syndrome 1	Kleefstra syndrome 1
MONDO:0029134	http://purl.obolibrary.org/obo/mondo#doid_rare	DOID:0111984	severe combined immunodeficiency due to CARMIL2 deficiency	immunodeficiency 58
MONDO:0030006	http://purl.obolibrary.org/obo/mondo#doid_rare	DOID:0112117	combined oxidative phosphorylation deficiency 40	combined oxidative phosphorylation deficiency 40
MONDO:0030019	http://purl.obolibrary.org/obo/mondo#doid_rare	DOID:0080963	anauxetic dysplasia 3	anauxetic dysplasia 3
MONDO:0030020	http://purl.obolibrary.org/obo/mondo#doid_rare	DOID:0070424	combined oxidative phosphorylation deficiency 44	combined oxidative phosphorylation deficiency 44
MONDO:0030073	http://purl.obolibrary.org/obo/mondo#doid_rare	DOID:0070516	Mitchell syndrome	Mitchell syndrome
MONDO:0030105	http://purl.obolibrary.org/obo/mondo#doid_rare	DOID:0060969	galactosemia 4	galactosemia 4
MONDO:0030449	http://purl.obolibrary.org/obo/mondo#doid_rare	DOID:0070672	hearing loss, autosomal recessive 118, with cochlear aplasia	autosomal recessive nonsyndromic deafness 118
MONDO:0030480	http://purl.obolibrary.org/obo/mondo#doid_rare	DOID:0070673	hearing loss, autosomal recessive 119	autosomal recessive nonsyndromic deafness 119
MONDO:0030524	http://purl.obolibrary.org/obo/mondo#doid_rare	DOID:0061128	mucopolysaccharidosis, type 10	mucopolysaccharidosis X
MONDO:0030608	http://purl.obolibrary.org/obo/mondo#doid_rare	DOID:0060941	interstitial lung disease 1	interstitial lung disease 1
MONDO:0030639	http://purl.obolibrary.org/obo/mondo#doid_rare	DOID:0081073	Teebi hypertelorism syndrome	Teebi hypertelorism syndrome
MONDO:0030905	http://purl.obolibrary.org/obo/mondo#doid_rare	DOID:0070671	hearing loss, autosomal recessive 117	autosomal recessive nonsyndromic deafness 117
MONDO:0030914	http://purl.obolibrary.org/obo/mondo#doid_rare	DOID:0080234	Clark-Baraitser syndrome	Clark-Baraitser syndrome
MONDO:0031084	http://purl.obolibrary.org/obo/mondo#doid_rare	DOID:0060945	amelogenesis imperfecta, IIa 1K	amelogenesis imperfecta type 1K
MONDO:0031213	http://purl.obolibrary.org/obo/mondo#doid_rare	DOID:0060762	restrictive dermopathy	restrictive dermopathy
MONDO:0031219	http://purl.obolibrary.org/obo/mondo#doid_rare	DOID:0112182	mismatch repair cancer syndrome	mismatch repair cancer syndrome
MONDO:0031329	http://purl.obolibrary.org/obo/mondo#doid_rare	DOID:0081072	craniofacial dysmorphism, skeletal anomalies, and impaired intellectual development syndrome	craniofacial dysmorphism, skeletal anomalies, and mental retardation syndrome
MONDO:0031332	http://purl.obolibrary.org/obo/mondo#doid_rare	DOID:2219	Glanzmann thrombasthenia 1	Glanzmann's thrombasthenia
MONDO:0031421	http://purl.obolibrary.org/obo/mondo#doid_rare	DOID:0112011	Olmsted syndrome	mutilating palmoplantar keratoderma with periorificial keratotic plaques
MONDO:0031632	http://purl.obolibrary.org/obo/mondo#doid_rare	DOID:0070476	developmental delay with short stature, dysmorphic facial features, and sparse hair	diphthamide deficiency syndrome
MONDO:0032600	http://purl.obolibrary.org/obo/mondo#doid_rare	DOID:0070668	Snijders Blok-Campeau syndrome	Snijders Blok-Campeau syndrome
MONDO:0032641	http://purl.obolibrary.org/obo/mondo#doid_rare	DOID:0070638	mirror movements 4	mirror movements 4
MONDO:0032643	http://purl.obolibrary.org/obo/mondo#doid_rare	DOID:0112327	pontocerebellar hypoplasia, type 12	pontocerebellar hypoplasia type 12
MONDO:0032677	http://purl.obolibrary.org/obo/mondo#doid_rare	DOID:0112228	lissencephaly 9 with complex brainstem malformation	lissencephaly 9 with complex brainstem malformation
MONDO:0032763	http://purl.obolibrary.org/obo/mondo#doid_rare	DOID:0111991	immunodeficiency 62	immunodeficiency 62
MONDO:0032766	http://purl.obolibrary.org/obo/mondo#doid_rare	DOID:0080958	hypoalphalipoproteinemia, primary, 2	primary hypoalphalipoproteinemia 2
MONDO:0032819	http://purl.obolibrary.org/obo/mondo#doid_rare	DOID:0111836	hypothyroidism, congenital, nongoitrous, 7	congenital nongoitrous hypothyroidism 7
MONDO:0032869	http://purl.obolibrary.org/obo/mondo#doid_rare	DOID:0111749	mitochondrial complex 5 (ATP synthase) deficiency, nuclear type 6	mitochondrial complex V (ATP synthase) deficiency nuclear type 6
MONDO:0032931	http://purl.obolibrary.org/obo/mondo#doid_rare	DOID:0081396	pontocerebellar hypoplasia, hypotonia, and respiratory insufficiency syndrome, neonatal lethal	neonatal lethal pontocerebellar hypoplasia, hypotonia, and respiratory insufficiency syndrome
MONDO:0032933	http://purl.obolibrary.org/obo/mondo#doid_rare	DOID:0070470	chromosome 1p36.33 duplication syndrome, atad3 gene cluster, autosomal dominant	chromosome 1p36.33 duplication syndrome
MONDO:0033005	http://purl.obolibrary.org/obo/mondo#doid_rare	DOID:0060364	Galloway-Mowat syndrome 1	Galloway-Mowat syndrome 1
MONDO:0033135	http://purl.obolibrary.org/obo/mondo#doid_rare	DOID:0111560	Charcot-Marie-Tooth disease, demyelinating, type 1G	Charcot-Marie-Tooth disease type 1G
MONDO:0033352	http://purl.obolibrary.org/obo/mondo#doid_rare	DOID:0070678	neuropathy, congenital hypomelinating	congenital hypomyelinating neuropathy
MONDO:0033482	http://purl.obolibrary.org/obo/mondo#doid_rare	DOID:0111743	spinocerebellar ataxia 47	cerebellar ataxia type 47
MONDO:0033885	http://purl.obolibrary.org/obo/mondo#doid_rare	DOID:3762	mitochondrial complex IV deficiency, nuclear-type	cytochrome-c oxidase deficiency disease
MONDO:0033980	http://purl.obolibrary.org/obo/mondo#doid_rare	DOID:0080892	RELA fusion-positive ependymoma	RELA fusion-positive ependymoma
MONDO:0034109	http://purl.obolibrary.org/obo/mondo#doid_rare	DOID:0081346	congenital myopathy with reduced type 2 muscle fibers	congenital myopathy 14
MONDO:0035153	http://purl.obolibrary.org/obo/mondo#doid_rare	DOID:0112311	male infertility due to acephalic spermatozoa	male infertility due to acephalic spermatozoa
MONDO:0035940	http://purl.obolibrary.org/obo/mondo#doid_rare	DOID:0080643	B-lymphoblastic leukemia/lymphoma with t(9;22)(q34.1;q11.2)	B-lymphoblastic leukemia/lymphoma with BCR-ABL1
MONDO:0035943	http://purl.obolibrary.org/obo/mondo#doid_rare	DOID:0080646	B-lymphoblastic leukemia/lymphoma with hyperdiploidy	B-lymphoblastic leukemia/lymphoma with hyperdiploidy
MONDO:0035944	http://purl.obolibrary.org/obo/mondo#doid_rare	DOID:0080647	B-lymphoblastic leukemia/lymphoma with hypodiploidy	B-lymphoblastic leukemia/lymphoma with hypodiploidy
MONDO:0042981	http://purl.obolibrary.org/obo/mondo#doid_rare	DOID:1712	aortic valve stenosis	aortic valve stenosis
MONDO:0043275	http://purl.obolibrary.org/obo/mondo#doid_rare	DOID:0080835	TORCH syndrome	TORCH syndrome
MONDO:0044634	http://purl.obolibrary.org/obo/mondo#doid_rare	DOID:0081175	retinitis pigmentosa-hearing loss-premature aging-short stature-facial dysmorphism syndrome	short stature, hearing loss, retinitis pigmentosa, and distinctive facies
MONDO:0044640	http://purl.obolibrary.org/obo/mondo#doid_rare	DOID:0110160	Charcot-Marie-Tooth disease type 2T	Charcot-Marie-Tooth disease axonal type 2T
MONDO:0044646	http://purl.obolibrary.org/obo/mondo#doid_rare	DOID:0070423	early-onset progressive diffuse brain atrophy-microcephaly-muscle weakness-optic atrophy syndrome	early onset progressive encephalopathy with brain atrophy and thin corpus callosum
MONDO:0044701	http://purl.obolibrary.org/obo/mondo#doid_rare	DOID:0070474	childhood-onset motor and cognitive regression syndrome with extrapyramidal movement disorder	childhood-onset neurodegeneration with brain atrophy
MONDO:0044702	http://purl.obolibrary.org/obo/mondo#doid_rare	DOID:0111738	X-linked external auditory canal atresia-dilated internal auditory canal-facial dysmorphism syndrome	X-linked deafness 7
MONDO:0044704	http://purl.obolibrary.org/obo/mondo#doid_rare	DOID:0070664	oropharynx squamous cell carcinoma	oropharyngeal squamous cell carcinoma
MONDO:0044720	http://purl.obolibrary.org/obo/mondo#doid_rare	DOID:0070148	cerebellar ataxia with neuropathy and bilateral vestibular areflexia syndrome	cerebellar ataxia, neuropathy, and vestibular areflexia syndrome
MONDO:0044721	http://purl.obolibrary.org/obo/mondo#doid_rare	DOID:0111983	severe combined immunodeficiency due to LAT deficiency	immunodeficiency 52
MONDO:0044725	http://purl.obolibrary.org/obo/mondo#doid_rare	DOID:0111993	combined immunodeficiency due to GINS1 deficiency	immunodeficiency 55
MONDO:0044737	http://purl.obolibrary.org/obo/mondo#doid_rare	DOID:0112349	autosomal recessive complex spastic paraplegia due to kennedy pathway dysfunction	hereditary spastic paraplegia 81
MONDO:0044767	http://purl.obolibrary.org/obo/mondo#doid_rare	DOID:0070325	childhood adrenal gland pheochromocytoma	malignant childhood adrenal gland pheochromocytoma
MONDO:0044792	http://purl.obolibrary.org/obo/mondo#doid_rare	DOID:0111359	large congenital melanocytic nevus	large congenital melanocytic nevus
MONDO:0054559	http://purl.obolibrary.org/obo/mondo#doid_rare	DOID:0070269	congenital disorder of glycosylation, type IIq	congenital disorder of glycosylation type IIq
MONDO:0054560	http://purl.obolibrary.org/obo/mondo#doid_rare	DOID:0050640	anauxetic dysplasia 1	anauxetic dysplasia 1
MONDO:0054561	http://purl.obolibrary.org/obo/mondo#doid_rare	DOID:0080962	anauxetic dysplasia 2	anauxetic dysplasia 2
MONDO:0054669	http://purl.obolibrary.org/obo/mondo#doid_rare	DOID:0112324	pontocerebellar hypoplasia, type 11	pontocerebellar hypoplasia type 11
MONDO:0054701	http://purl.obolibrary.org/obo/mondo#doid_rare	DOID:0080598	Kleefstra syndrome 2	Kleefstra syndrome 2
MONDO:0054741	http://purl.obolibrary.org/obo/mondo#doid_rare	DOID:0111497	combined oxidative phosphorylation deficiency 34	combined oxidative phosphorylation deficiency 34
MONDO:0054752	http://purl.obolibrary.org/obo/mondo#doid_rare	DOID:0081320	multiple synostoses syndrome 4	multiple synostoses syndrome 4
MONDO:0054770	http://purl.obolibrary.org/obo/mondo#doid_rare	DOID:0060961	orofaciodigital syndrome 18	orofaciodigital syndrome XVIII
MONDO:0054833	http://purl.obolibrary.org/obo/mondo#doid_rare	DOID:0111558	Charcot-Marie-tooth disease, axonal, type 2DD	Charcot-Marie-Tooth disease type 2DD
MONDO:0054835	http://purl.obolibrary.org/obo/mondo#doid_rare	DOID:0070489	classic dopamine transporter deficiency syndrome	classic dopamine transporter deficiency syndrome
MONDO:0060533	http://purl.obolibrary.org/obo/mondo#doid_rare	DOID:0081431	microcephaly, short stature, and limb abnormalities	microcephaly, short stature, and limb abnormalities
MONDO:0060732	http://purl.obolibrary.org/obo/mondo#doid_rare	DOID:0112193	tetraamelia syndrome 2	tetraamelia syndrome 2
MONDO:0060764	http://purl.obolibrary.org/obo/mondo#doid_rare	DOID:0112192	tetraamelia syndrome 1	tetraamelia syndrome 1
MONDO:0100017	http://purl.obolibrary.org/obo/mondo#doid_rare	DOID:9212	pityriasis rubra pilaris	pityriasis rubra pilaris
MONDO:0100040	http://purl.obolibrary.org/obo/mondo#doid_rare	DOID:0070657	FOXG1 disorder	congenital variant of Rett syndrome
MONDO:0100130	http://purl.obolibrary.org/obo/mondo#doid_rare	DOID:11394	adult acute respiratory distress syndrome	adult respiratory distress syndrome
MONDO:0100133	http://purl.obolibrary.org/obo/mondo#doid_rare	DOID:0060536	mitochondrial complex I deficiency	mitochondrial complex I deficiency
MONDO:0100135	http://purl.obolibrary.org/obo/mondo#doid_rare	DOID:0080422	Dravet syndrome	Dravet syndrome
MONDO:0100164	http://purl.obolibrary.org/obo/mondo#doid_rare	DOID:0060639	permanent neonatal diabetes mellitus	permanent neonatal diabetes mellitus
MONDO:0100186	http://purl.obolibrary.org/obo/mondo#doid_rare	DOID:0112225	GTP cyclohydrolase I deficiency with hyperphenylalaninemia	BH4-deficient hyperphenylalaninemia B
MONDO:0100211	http://purl.obolibrary.org/obo/mondo#doid_rare	DOID:0080836	growth hormone insensitivity with immune dysregulation 1, autosomal recessive	growth hormone insensitivity syndrome with immune dysregulation 1
MONDO:0100213	http://purl.obolibrary.org/obo/mondo#doid_rare	DOID:0111821	IFAP syndrome 1, with or without BRESHECK syndrome	ichthyosis follicularis-alopecia-photophobia syndrome 1
MONDO:0100216	http://purl.obolibrary.org/obo/mondo#doid_rare	DOID:0081063	DICER1-related tumor predisposition	DICER1 syndrome
MONDO:0100244	http://purl.obolibrary.org/obo/mondo#doid_rare	DOID:0060284	paroxysmal nocturnal hemoglobinuria	paroxysmal nocturnal hemoglobinuria
MONDO:0100247	http://purl.obolibrary.org/obo/mondo#doid_rare	DOID:0080503	multiple congenital anomalies-hypotonia-seizures syndrome	multiple congenital anomalies-hypotonia-seizures syndrome
MONDO:0100249	http://purl.obolibrary.org/obo/mondo#doid_rare	DOID:0111760	46,XX testicular disorder of sex development	46,XX sex reversal
MONDO:0100251	http://purl.obolibrary.org/obo/mondo#doid_rare	DOID:0111063	familial hyperphosphatemic tumoral calcinosis/hyperphosphatemic hyperostosis syndrome	hyperphosphatemic familial tumoral calcinosis
MONDO:0100253	http://purl.obolibrary.org/obo/mondo#doid_rare	DOID:5325	Roberts-SC phocomelia syndrome	Roberts syndrome
MONDO:0100255	http://purl.obolibrary.org/obo/mondo#doid_rare	DOID:0111038	adenosine kinase deficiency	hypermethioninemia due to adenosine kinase deficiency
MONDO:0100280	http://purl.obolibrary.org/obo/mondo#doid_rare	DOID:0060901	Waldenstrom macroglobulinemia	lymphoplasmacytic lymphoma
MONDO:0100294	http://purl.obolibrary.org/obo/mondo#doid_rare	DOID:0060537	mitochondrial complex II deficiency, nuclear type 1	mitochondrial complex II deficiency
MONDO:0100309	http://purl.obolibrary.org/obo/mondo#doid_rare	DOID:0050951	hereditary ataxia	hereditary ataxia
MONDO:0100313	http://purl.obolibrary.org/obo/mondo#doid_rare	DOID:1312	focal segmental glomerulosclerosis	focal segmental glomerulosclerosis
MONDO:0100316	http://purl.obolibrary.org/obo/mondo#doid_rare	DOID:0110644	long QT syndrome 1	long QT syndrome 1
MONDO:0100339	http://purl.obolibrary.org/obo/mondo#doid_rare	DOID:12705	Friedreich ataxia	Friedreich ataxia
MONDO:0100342	http://purl.obolibrary.org/obo/mondo#doid_rare	DOID:3070	malignant glioma	high grade glioma
MONDO:0100349	http://purl.obolibrary.org/obo/mondo#doid_rare	DOID:0111589	COACH syndrome	COACH syndrome
MONDO:0100350	http://purl.obolibrary.org/obo/mondo#doid_rare	DOID:0111203	neuronopathy, distal hereditary motor, type 5	autosomal dominant distal hereditary motor neuronopathy 5
MONDO:0100352	http://purl.obolibrary.org/obo/mondo#doid_rare	DOID:0090053	episodic kinesigenic dyskinesia 1	episodic kinesigenic dyskinesia 1
MONDO:0100354	http://purl.obolibrary.org/obo/mondo#doid_rare	DOID:0060610	megacystis-microcolon-intestinal hypoperistalsis syndrome 1	megacystis-microcolon-intestinal hypoperistalsis syndrome
MONDO:0100429	http://purl.obolibrary.org/obo/mondo#doid_rare	DOID:0070227	intrahepatic cholestasis of pregnancy	intrahepatic cholestasis of pregnancy
MONDO:0100435	http://purl.obolibrary.org/obo/mondo#doid_rare	DOID:0090005	Schwartz-Jampel syndrome type 1	Schwartz-Jampel syndrome 1
MONDO:0100450	http://purl.obolibrary.org/obo/mondo#doid_rare	DOID:9719	CAPN5-related vitreoretinopathy	neovascular inflammatory vitreoretinopathy
MONDO:0100459	http://purl.obolibrary.org/obo/mondo#doid_rare	DOID:14227	azoospermia	azoospermia
MONDO:0100610	http://purl.obolibrary.org/obo/mondo#doid_rare	DOID:0050432	autism spectrum disorder 1	Asperger syndrome
MONDO:0600030	http://purl.obolibrary.org/obo/mondo#doid_rare	DOID:0080649	B-cell acute lymphoblastic leukemia with t(1;19)(q23;p13.3); E2A-PBX1 (TCF3-PBX1)	B-lymphoblastic leukemia/lymphoma with TCF3-PBX1
MONDO:0700087	http://purl.obolibrary.org/obo/mondo#doid_rare	DOID:0070655	Usher syndrome type 1B	Usher syndrome type 1B
MONDO:0700089	http://purl.obolibrary.org/obo/mondo#doid_rare	DOID:0090049	paroxysmal nonkinesigenic dyskinesia 1	paroxysmal nonkinesigenic dyskinesia 1
MONDO:0700090	http://purl.obolibrary.org/obo/mondo#doid_rare	DOID:0060748	epilepsy, familial temporal lobe, 1	familial temporal lobe epilepsy 1
MONDO:0700091	http://purl.obolibrary.org/obo/mondo#doid_rare	DOID:0070620	ring chromosome disorder	ring chromosome syndrome
MONDO:0700249	http://purl.obolibrary.org/obo/mondo#doid_rare	DOID:0081358	epidermolytic hyperkeratosis 1	epidermolytic hyperkeratosis 1
MONDO:0700307	http://purl.obolibrary.org/obo/mondo#doid_rare	DOID:0070647	spastic paraplegia 30A, autosomal dominant	hereditary spastic paraplegia 30A
MONDO:0700309	http://purl.obolibrary.org/obo/mondo#doid_rare	DOID:0070641	spastic paraplegia 18b, autosomal recessive	hereditary spastic paraplegia 18B
MONDO:0700338	http://purl.obolibrary.org/obo/mondo#doid_rare	DOID:0061169	autoinflammation, panniculitis, and dermatosis syndrome, autosomal dominant	autosomal dominant autoinflammation, panniculitis, and dermatosis syndrome
MONDO:0800025	http://purl.obolibrary.org/obo/mondo#doid_rare	DOID:0080698	Teebi hypertelorism syndrome 1	Teebi hypertelorism syndrome 1
MONDO:0800026	http://purl.obolibrary.org/obo/mondo#doid_rare	DOID:0060731	central hypoventilation syndrome, congenital, 1, with or without Hirschsprung disease	congenital central hypoventilation syndrome
MONDO:0800027	http://purl.obolibrary.org/obo/mondo#doid_rare	DOID:0080523	leukoencephalopathy, diffuse hereditary, with spheroids 1	adult-onset leukoencephalopathy with axonal spheroids and pigmented glia
MONDO:0800030	http://purl.obolibrary.org/obo/mondo#doid_rare	DOID:14671	gastrointestinal defects and immunodeficiency syndrome 1	multiple intestinal atresia
MONDO:0800044	http://purl.obolibrary.org/obo/mondo#doid_rare	DOID:0060728	congenital disorder of deglycosylation 1	congenital disorder of deglycosylation 1
MONDO:0800047	http://purl.obolibrary.org/obo/mondo#doid_rare	DOID:0090102	macrothrombocytopenia, isolated, 1, autosomal dominant	autosomal dominant isolated macrothrombocytopenia 1
MONDO:0800437	http://purl.obolibrary.org/obo/mondo#doid_rare	DOID:0080194	Carey-Fineman-Ziter syndrome 1	Carey-Fineman-Ziter syndrome
MONDO:0800445	http://purl.obolibrary.org/obo/mondo#doid_rare	DOID:0050676	Birt-Hogg-Dube syndrome 1	Birt-Hogg-Dube syndrome
MONDO:0800448	http://purl.obolibrary.org/obo/mondo#doid_rare	DOID:0060868	leukoencephalopathy with vanishing white matter	leukoencephalopathy with vanishing white matter
MONDO:0800449	http://purl.obolibrary.org/obo/mondo#doid_rare	DOID:0080217	lysosomal acid lipase deficiency	lysosomal acid lipase deficiency
MONDO:0800452	http://purl.obolibrary.org/obo/mondo#doid_rare	DOID:0090118	congenital amegakaryocytic thrombocytopenia 1	congenital amegakaryocytic thrombocytopenia
MONDO:0800491	http://purl.obolibrary.org/obo/mondo#doid_rare	DOID:0050709	early-infantile DEE	early infantile epileptic encephalopathy
MONDO:0800504	http://purl.obolibrary.org/obo/mondo#doid_rare	DOID:0050156	idiopathic pulmonary fibrosis	idiopathic pulmonary fibrosis
MONDO:0850110	http://purl.obolibrary.org/obo/mondo#doid_rare	DOID:0070327	melanoma in congenital melanocytic nevus	melanoma in congenital melanocytic nevus
MONDO:0850156	http://purl.obolibrary.org/obo/mondo#doid_rare	DOID:0080644	B-lymphoblastic leukemia/lymphoma MLL rearranged	B-lymphoblastic leukemia/lymphoma MLL rearranged
MONDO:0850157	http://purl.obolibrary.org/obo/mondo#doid_rare	DOID:0080645	B-lymphoblastic leukemia/lymphoma with ETV6-RUNX1	B-lymphoblastic leukemia/lymphoma with ETV6-RUNX1
MONDO:0850160	http://purl.obolibrary.org/obo/mondo#doid_rare	DOID:0080648	B-lymphoblastic leukemia/lymphoma with IL3-IGH	B-lymphoblastic leukemia/lymphoma with IGH::IL3 fusion
MONDO:0850201	http://purl.obolibrary.org/obo/mondo#doid_rare	DOID:0080714	hereditary alpha tryptasemia syndrome	hereditary alpha tryptasemia syndrome
MONDO:0850519	http://purl.obolibrary.org/obo/mondo#doid_rare	DOID:0081132	tetrahydrobiopterin (BH4)-deficient hyperphenylalaninemia	tetrahydrobiopterin (BH4)-deficient hyperphenylalaninemia
MONDO:0859139	http://purl.obolibrary.org/obo/mondo#doid_rare	DOID:0081442	blepharophimosis-impaired intellectual development syndrome	blepharophimosis-impaired intellectual development syndrome
MONDO:0859148	http://purl.obolibrary.org/obo/mondo#doid_rare	DOID:0070651	neurodevelopmental disorder with seizures and gingival overgrowth	neurodevelopmental disorder with seizures and gingival overgrowth
MONDO:0859209	http://purl.obolibrary.org/obo/mondo#doid_rare	DOID:0070473	Zaki syndrome	Zaki syndrome
MONDO:0859220	http://purl.obolibrary.org/obo/mondo#doid_rare	DOID:0070677	Ferguson-Bonni neurodevelopmental syndrome	Ferguson-Bonni neurodevelopmental syndrome
MONDO:0859355	http://purl.obolibrary.org/obo/mondo#doid_rare	DOID:0070510	inflammatory poikiloderma with hair abnormalities and acral keratoses	inflammatory poikiloderma with hair abnormalities and acral keratoses
MONDO:0859374	http://purl.obolibrary.org/obo/mondo#doid_rare	DOID:0070674	hearing loss, autosomal recessive 120	autosomal recessive nonsyndromic deafness 120
MONDO:0956986	http://purl.obolibrary.org/obo/mondo#doid_rare	DOID:0080897	solitary fibrous tumor/hemangiopericytoma	solitary fibrous tumor/hemangiopericytoma
MONDO:0957303	http://purl.obolibrary.org/obo/mondo#doid_rare	DOID:0070551	palmoplantar keratoderma, epidermolytic, 2	epidermolytic palmoplantar keratoderma 2
MONDO:0957519	http://purl.obolibrary.org/obo/mondo#doid_rare	DOID:0080763	diffuse gastric cancer	diffuse gastric cancer
MONDO:0957524	http://purl.obolibrary.org/obo/mondo#doid_rare	DOID:0081377	COX deficiency, benign infantile mitochondrial myopathy	COX deficiency, benign infantile mitochondrial myopathy
MONDO:0957541	http://purl.obolibrary.org/obo/mondo#doid_rare	DOID:0070512	neurodevelopmental disorder with hypotonia and speech delay, with or without seizures	neurodevelopmental disorder with hypotonia and speech delay
MONDO:0957787	http://purl.obolibrary.org/obo/mondo#doid_rare	DOID:0070653	Fliedner-Zweier syndrome	Fliedner-Zweier syndrome
MONDO:0957788	http://purl.obolibrary.org/obo/mondo#doid_rare	DOID:0070640	spastic paraplegia 18a, autosomal dominant	hereditary spastic paraplegia 18A
MONDO:0957813	http://purl.obolibrary.org/obo/mondo#doid_rare	DOID:0070643	spastic paraplegia 91, autosomal dominant, with or without cerebellar ataxia	hereditary spastic paraplegia 91
MONDO:0957825	http://purl.obolibrary.org/obo/mondo#doid_rare	DOID:0070675	hearing loss, autosomal recessive 121	autosomal recessive nonsyndromic deafness 121
MONDO:0957873	http://purl.obolibrary.org/obo/mondo#doid_rare	DOID:0070367	leukoencephalopathy with vanishing white matter 5	leukoencephalopathy with vanishing white matter 5
MONDO:0957958	http://purl.obolibrary.org/obo/mondo#doid_rare	DOID:0070642	spastic paraplegia 72b, autosomal recessive	hereditary spastic paraplegia 72B
MONDO:0958106	http://purl.obolibrary.org/obo/mondo#doid_rare	DOID:0081075	congenital insensitivity to pain syndrome, Marsili type	Marsili syndrome
MONDO:0958228	http://purl.obolibrary.org/obo/mondo#doid_rare	DOID:0070669	hearing loss, autosomal recessive 122	autosomal recessive nonsyndromic deafness 122
MONDO:0958277	http://purl.obolibrary.org/obo/mondo#doid_rare	DOID:0070670	hearing loss, autosomal recessive 123	autosomal recessive nonsyndromic deafness 123
MONDO:0968949	http://purl.obolibrary.org/obo/mondo#doid_rare	DOID:0080223	palmoplantar keratoderma, epidermolytic	epidermolytic palmoplantar keratoderma
MONDO:0968981	http://purl.obolibrary.org/obo/mondo#doid_rare	DOID:0070676	autosomal recessive nonsyndromic hearing loss 124	autosomal recessive nonsyndromic deafness 124
MONDO:0971149	http://purl.obolibrary.org/obo/mondo#doid_rare	DOID:0070646	spastic paraplegia 30B, autosomal recessive	hereditary spastic paraplegia 30B
MONDO:0975746	http://purl.obolibrary.org/obo/mondo#doid_rare	DOID:0070644	spastic paraplegia 92, autosomal recessive	hereditary spastic paraplegia 92
MONDO:0975796	http://purl.obolibrary.org/obo/mondo#doid_rare	DOID:0070645	spastic paraplegia 93, autosomal recessive	hereditary spastic paraplegia 93
MONDO:0975866	http://purl.obolibrary.org/obo/mondo#doid_rare	DOID:0070627	B-lymphoblastic leukemia with TCF3-HLF fusion	B-lymphoblastic leukemia with TCF3-HLF fusion
MONDO:0975955	http://purl.obolibrary.org/obo/mondo#doid_rare	DOID:0061170	autoinflammation, panniculitis, and dermatosis syndrome	autoinflammation, panniculitis, and dermatosis syndrome
MONDO:0979246	http://purl.obolibrary.org/obo/mondo#doid_rare	DOID:0070652	Nil-Deshwar neurodevelopmental syndrome	Nil-Deshwar neurodevelopmental syndrome
MONDO:1010154	http://purl.obolibrary.org/obo/mondo#doid_rare	DOID:0110913	adult hypophosphatasia	adult hypophosphatasia
MONDO:1010168	http://purl.obolibrary.org/obo/mondo#doid_rare	DOID:0110915	childhood hypophosphatasia	childhood hypophosphatasia
MONDO:1010169	http://purl.obolibrary.org/obo/mondo#doid_rare	DOID:0110914	infantile hypophosphatasia	infantile hypophosphatasia
MONDO:8000006	http://purl.obolibrary.org/obo/mondo#doid_rare	DOID:0060591	WHIM syndrome 1	WHIM syndrome 1
MONDO:8000008	http://purl.obolibrary.org/obo/mondo#doid_rare	DOID:0111586	Martsolf syndrome 1	Martsolf syndrome
MONDO:8000010	http://purl.obolibrary.org/obo/mondo#doid_rare	DOID:2988	antiphospholipid syndrome	antiphospholipid syndrome
MONDO:8000018	http://purl.obolibrary.org/obo/mondo#doid_rare	DOID:13941	benign paroxysmal positional vertigo	benign paroxysmal positional vertigo
