mondo_id	dismech_url	source
ID	AT obo:mondo#curated_content_resource^^xsd:anyURI	>A oboInOwl:source
MONDO:0000030	https://dismech.monarchinitiative.org/pages/disorders/Familial_Sleep_Related_Hypermotor_Epilepsy.html	MONDO:DisMech
MONDO:0000107	https://dismech.monarchinitiative.org/pages/disorders/Auriculocondylar_Syndrome.html	MONDO:DisMech
MONDO:0000127	https://dismech.monarchinitiative.org/pages/disorders/Geleophysic_Dysplasia.html	MONDO:DisMech
MONDO:0000133	https://dismech.monarchinitiative.org/pages/disorders/Immunodeficiency_Centromeric_Instability_Facial_Anomalies_Syndrome.html	MONDO:DisMech
MONDO:0000136	https://dismech.monarchinitiative.org/pages/disorders/Keratosis_Follicularis_Spinulosa_Decalvans.html	MONDO:DisMech
MONDO:0000141	https://dismech.monarchinitiative.org/pages/disorders/Mosaic_Variegated_Aneuploidy_Syndrome.html	MONDO:DisMech
MONDO:0000170	https://dismech.monarchinitiative.org/pages/disorders/Microphthalmia_with_Coloboma.html	MONDO:DisMech
MONDO:0000193	https://dismech.monarchinitiative.org/pages/disorders/Cortisone_Reductase_Deficiency.html	MONDO:DisMech
MONDO:0000200	https://dismech.monarchinitiative.org/pages/disorders/Zimmermann_Laband_Syndrome.html	MONDO:DisMech
MONDO:0000211	https://dismech.monarchinitiative.org/pages/disorders/Autosomal_Dominant_Striatal_Neurodegeneration.html	MONDO:DisMech
MONDO:0000212	https://dismech.monarchinitiative.org/pages/disorders/Infantile_Hypercalcemia.html	MONDO:DisMech
MONDO:0000262	https://dismech.monarchinitiative.org/pages/disorders/Otomycosis.html	MONDO:DisMech
MONDO:0000288	https://dismech.monarchinitiative.org/pages/disorders/Polycystic_Echinococcosis.html	MONDO:DisMech
MONDO:0000327	https://dismech.monarchinitiative.org/pages/disorders/Buruli_Ulcer.html	MONDO:DisMech
MONDO:0000330	https://dismech.monarchinitiative.org/pages/disorders/Murine_Typhus.html	MONDO:DisMech
MONDO:0000341	https://dismech.monarchinitiative.org/pages/disorders/Paralytic_Poliomyelitis.html	MONDO:DisMech
MONDO:0000355	https://dismech.monarchinitiative.org/pages/disorders/Ullrich_Congenital_Muscular_Dystrophy.html	MONDO:DisMech
MONDO:0000359	https://dismech.monarchinitiative.org/pages/disorders/Spondylocostal_Dysostosis.html	MONDO:DisMech
MONDO:0000390	https://dismech.monarchinitiative.org/pages/disorders/BEST1_Bestrophinopathies.html	MONDO:DisMech
MONDO:0000447	https://dismech.monarchinitiative.org/pages/disorders/Autosomal_Dominant_Polycystic_Liver_Disease.html	MONDO:DisMech
MONDO:0000453	https://dismech.monarchinitiative.org/pages/disorders/Short_QT_Syndrome.html	MONDO:DisMech
MONDO:0000463	https://dismech.monarchinitiative.org/pages/disorders/Ochoa_Syndrome.html	MONDO:DisMech
MONDO:0000485	https://dismech.monarchinitiative.org/pages/disorders/Spasmodic_Dysphonia.html	MONDO:DisMech
MONDO:0000495	https://dismech.monarchinitiative.org/pages/disorders/Oppositional_Defiant_Disorder.html	MONDO:DisMech
MONDO:0000507	https://dismech.monarchinitiative.org/pages/disorders/Inclusion_Body_Myopathy_with_Paget_Disease_of_Bone_and_Frontotemporal_Dementia.html	MONDO:DisMech
MONDO:0000548	https://dismech.monarchinitiative.org/pages/disorders/Clear_Cell_Ovarian_Carcinoma.html	MONDO:DisMech
MONDO:0000645	https://dismech.monarchinitiative.org/pages/disorders/Fallopian_Tube_Benign_Neoplasm.html	MONDO:DisMech
MONDO:0000660	https://dismech.monarchinitiative.org/pages/disorders/Akinetopsia.html	MONDO:DisMech
MONDO:0000690	https://dismech.monarchinitiative.org/pages/disorders/Body_Dysmorphic_Disorder.html	MONDO:DisMech
MONDO:0000705	https://dismech.monarchinitiative.org/pages/disorders/Clostridioides_difficile_Infection.html	MONDO:DisMech
MONDO:0000764	https://dismech.monarchinitiative.org/pages/disorders/TGFBI_Corneal_Dystrophies.html	MONDO:DisMech
MONDO:0000820	https://dismech.monarchinitiative.org/pages/disorders/Cerebral_Cavernous_Malformation.html	MONDO:DisMech
MONDO:0000845	https://dismech.monarchinitiative.org/pages/disorders/Fibrous_Dysplasia.html	MONDO:DisMech
MONDO:0000863	https://dismech.monarchinitiative.org/pages/disorders/Myopathy_Lactic_Acidosis_and_Sideroblastic_Anemia.html	MONDO:DisMech
MONDO:0000878	https://dismech.monarchinitiative.org/pages/disorders/Cytomegalovirus_Retinitis.html	MONDO:DisMech
MONDO:0000890	https://dismech.monarchinitiative.org/pages/disorders/Congenital_Zika_Syndrome.html	MONDO:DisMech
MONDO:0000902	https://dismech.monarchinitiative.org/pages/disorders/Agenesis_of_the_Corpus_Callosum_with_Peripheral_Neuropathy.html	MONDO:DisMech
MONDO:0000903	https://dismech.monarchinitiative.org/pages/disorders/Myoclonus_Dystonia_Syndrome.html	MONDO:DisMech
MONDO:0000979	https://dismech.monarchinitiative.org/pages/disorders/Pinta.html	MONDO:DisMech
MONDO:0001029	https://dismech.monarchinitiative.org/pages/disorders/Klippel-Feil_Syndrome.html	MONDO:DisMech
MONDO:0001044	https://dismech.monarchinitiative.org/pages/disorders/Esophageal_Atresia.html	MONDO:DisMech
MONDO:0001056	https://dismech.monarchinitiative.org/pages/disorders/EBV_Associated_Gastric_Cancer.html	MONDO:DisMech
MONDO:0001056	https://dismech.monarchinitiative.org/pages/disorders/HER2_Positive_Gastric_Cancer.html	MONDO:DisMech
MONDO:0001083	https://dismech.monarchinitiative.org/pages/disorders/Fanconi_Renotubular_Syndrome.html	MONDO:DisMech
MONDO:0001103	https://dismech.monarchinitiative.org/pages/disorders/Giardiasis.html	MONDO:DisMech
MONDO:0001126	https://dismech.monarchinitiative.org/pages/disorders/Gastric_Ulcer.html	MONDO:DisMech
MONDO:0001134	https://dismech.monarchinitiative.org/pages/disorders/Essential_Hypertension.html	MONDO:DisMech
MONDO:0001156	https://dismech.monarchinitiative.org/pages/disorders/Borderline_Personality_Disorder.html	MONDO:DisMech
MONDO:0001159	https://dismech.monarchinitiative.org/pages/disorders/Dissociative_Identity_Disorder.html	MONDO:DisMech
MONDO:0001200	https://dismech.monarchinitiative.org/pages/disorders/Secondary_Hypertension.html	MONDO:DisMech
MONDO:0001247	https://dismech.monarchinitiative.org/pages/disorders/Social_Anxiety_Disorder.html	MONDO:DisMech
MONDO:0001249	https://dismech.monarchinitiative.org/pages/disorders/Trachoma.html	MONDO:DisMech
MONDO:0001290	https://dismech.monarchinitiative.org/pages/disorders/Allergic_Cutaneous_Vasculitis.html	MONDO:DisMech
MONDO:0001302	https://dismech.monarchinitiative.org/pages/disorders/Hypertensive_Heart_Disease.html	MONDO:DisMech
MONDO:0001325	https://dismech.monarchinitiative.org/pages/disorders/Penile_Cancer.html	MONDO:DisMech
MONDO:0001347	https://dismech.monarchinitiative.org/pages/disorders/Facioscapulohumeral_Muscular_Dystrophy.html	MONDO:DisMech
MONDO:0001427	https://dismech.monarchinitiative.org/pages/disorders/Dieulafoy_Lesion.html	MONDO:DisMech
MONDO:0001444	https://dismech.monarchinitiative.org/pages/disorders/Chagas_Disease.html	MONDO:DisMech
MONDO:0001475	https://dismech.monarchinitiative.org/pages/disorders/Chemotherapy_Induced_Neutropenia.html	MONDO:DisMech
MONDO:0001491	https://dismech.monarchinitiative.org/pages/disorders/Cough_Variant_Asthma.html	MONDO:DisMech
MONDO:0001516	https://dismech.monarchinitiative.org/pages/disorders/Spinal_Muscular_Atrophy.html	MONDO:DisMech
MONDO:0001569	https://dismech.monarchinitiative.org/pages/disorders/Acoustic_Neuroma.html	MONDO:DisMech
MONDO:0001577	https://dismech.monarchinitiative.org/pages/disorders/Respiratory_Syncytial_Virus_Infection.html	MONDO:DisMech
MONDO:0001612	https://dismech.monarchinitiative.org/pages/disorders/Carotid_Stenosis.html	MONDO:DisMech
MONDO:0001631	https://dismech.monarchinitiative.org/pages/disorders/Vertebral_Artery_Insufficiency.html	MONDO:DisMech
MONDO:0001633	https://dismech.monarchinitiative.org/pages/disorders/Central_Retinal_Artery_Occlusion.html	MONDO:DisMech
MONDO:0001673	https://dismech.monarchinitiative.org/pages/disorders/Chemotherapy_Induced_Diarrhea.html	MONDO:DisMech
MONDO:0001673	https://dismech.monarchinitiative.org/pages/disorders/Travelers_Diarrhea.html	MONDO:DisMech
MONDO:0001713	https://dismech.monarchinitiative.org/pages/disorders/Inherited_Aplastic_Anemia.html	MONDO:DisMech
MONDO:0001714	https://dismech.monarchinitiative.org/pages/disorders/Bejel.html	MONDO:DisMech
MONDO:0001734	https://dismech.monarchinitiative.org/pages/disorders/Tuberous_Sclerosis_Complex.html	MONDO:DisMech
MONDO:0001856	https://dismech.monarchinitiative.org/pages/disorders/Splenic_Artery_Aneurysm.html	MONDO:DisMech
MONDO:0001942	https://dismech.monarchinitiative.org/pages/disorders/Generalized_Anxiety_Disorder.html	MONDO:DisMech
MONDO:0001956	https://dismech.monarchinitiative.org/pages/disorders/capillary_leak_syndrome.html	MONDO:DisMech
MONDO:0002008	https://dismech.monarchinitiative.org/pages/disorders/Labyrinthitis.html	MONDO:DisMech
MONDO:0002009	https://dismech.monarchinitiative.org/pages/disorders/Major_Depressive_Disorder.html	MONDO:DisMech
MONDO:0002012	https://dismech.monarchinitiative.org/pages/disorders/Methylmalonic_Acidemia.html	MONDO:DisMech
MONDO:0002056	https://dismech.monarchinitiative.org/pages/disorders/Breast_Fibroadenoma.html	MONDO:DisMech
MONDO:0002158	https://dismech.monarchinitiative.org/pages/disorders/Fallopian_Tube_Cancer.html	MONDO:DisMech
MONDO:0002271	https://dismech.monarchinitiative.org/pages/disorders/Colon_Adenocarcinoma.html	MONDO:DisMech
MONDO:0002320	https://dismech.monarchinitiative.org/pages/disorders/Mediator_Complex_Neurodevelopmental_Disorder.html	MONDO:DisMech
MONDO:0002413	https://dismech.monarchinitiative.org/pages/disorders/Glycogen_Storage_Disease_Type_I.html	MONDO:DisMech
MONDO:0002447	https://dismech.monarchinitiative.org/pages/disorders/Endometrial_Carcinoma.html	MONDO:DisMech
MONDO:0002457	https://dismech.monarchinitiative.org/pages/disorders/Treacher_Collins_Syndrome.html	MONDO:DisMech
MONDO:0002492	https://dismech.monarchinitiative.org/pages/disorders/Hospital-Acquired_Acute_Kidney_Injury.html	MONDO:DisMech
MONDO:0002529	https://dismech.monarchinitiative.org/pages/disorders/Cutaneous_Squamous_Cell_Carcinoma.html	MONDO:DisMech
MONDO:0002546	https://dismech.monarchinitiative.org/pages/disorders/Schwannoma.html	MONDO:DisMech
MONDO:0002594	https://dismech.monarchinitiative.org/pages/disorders/Monkeypox.html	MONDO:DisMech
MONDO:0002695	https://dismech.monarchinitiative.org/pages/disorders/Sagittal_Sinus_Thrombosis.html	MONDO:DisMech
MONDO:0002718	https://dismech.monarchinitiative.org/pages/disorders/Central_Nervous_System_Teratoma.html	MONDO:DisMech
MONDO:0002728	https://dismech.monarchinitiative.org/pages/disorders/Rhabdoid_Tumor.html	MONDO:DisMech
MONDO:0002735	https://dismech.monarchinitiative.org/pages/disorders/Anal_Canal_Adenocarcinoma.html	MONDO:DisMech
MONDO:0002926	https://dismech.monarchinitiative.org/pages/disorders/Clear_Cell_Sarcoma.html	MONDO:DisMech
MONDO:0002974	https://dismech.monarchinitiative.org/pages/disorders/Cervical_Cancer.html	MONDO:DisMech
MONDO:0003036	https://dismech.monarchinitiative.org/pages/disorders/Mucoepidermoid_Carcinoma.html	MONDO:DisMech
MONDO:0003125	https://dismech.monarchinitiative.org/pages/disorders/Testicular_Sex_Cord_Stromal_Neoplasm.html	MONDO:DisMech
MONDO:0003210	https://dismech.monarchinitiative.org/pages/disorders/FGFR_Altered_Cholangiocarcinoma.html	MONDO:DisMech
MONDO:0003210	https://dismech.monarchinitiative.org/pages/disorders/IDH_Mutant_Cholangiocarcinoma.html	MONDO:DisMech
MONDO:0003669	https://dismech.monarchinitiative.org/pages/disorders/Testicular_Seminoma.html	MONDO:DisMech
MONDO:0003672	https://dismech.monarchinitiative.org/pages/disorders/Posterior_Myocardial_Infarction.html	MONDO:DisMech
MONDO:0003816	https://dismech.monarchinitiative.org/pages/disorders/Focal_Articular_Cartilage_Defect_of_the_Knee.html	MONDO:DisMech
MONDO:0003865	https://dismech.monarchinitiative.org/pages/disorders/KIT_Mutant_Melanoma.html	MONDO:DisMech
MONDO:0003940	https://dismech.monarchinitiative.org/pages/disorders/Kummell_Disease.html	MONDO:DisMech
MONDO:0004114	https://dismech.monarchinitiative.org/pages/disorders/Urinary_Bladder_Small_Cell_Neuroendocrine_Carcinoma.html	MONDO:DisMech
MONDO:0004334	https://dismech.monarchinitiative.org/pages/disorders/Non-functional_Pancreatic_Neuroendocrine_Tumor.html	MONDO:DisMech
MONDO:0004450	https://dismech.monarchinitiative.org/pages/disorders/Carotid_Artery_Occlusion.html	MONDO:DisMech
MONDO:0004525	https://dismech.monarchinitiative.org/pages/disorders/Scabies.html	MONDO:DisMech
MONDO:0004596	https://dismech.monarchinitiative.org/pages/disorders/Cor_Pulmonale.html	MONDO:DisMech
MONDO:0004635	https://dismech.monarchinitiative.org/pages/disorders/Postcricoid_Region_Cancer.html	MONDO:DisMech
MONDO:0004664	https://dismech.monarchinitiative.org/pages/disorders/Soil_Transmitted_Helminthiases.html	MONDO:DisMech
MONDO:0004691	https://dismech.monarchinitiative.org/pages/disorders/Autosomal_Dominant_Polycystic_Kidney_Disease.html	MONDO:DisMech
MONDO:0004737	https://dismech.monarchinitiative.org/pages/disorders/Homocystinuria.html	MONDO:DisMech
MONDO:0004739	https://dismech.monarchinitiative.org/pages/disorders/Urea_Cycle_Disorder.html	MONDO:DisMech
MONDO:0004784	https://dismech.monarchinitiative.org/pages/disorders/Thunderstorm_Asthma.html	MONDO:DisMech
MONDO:0004822	https://dismech.monarchinitiative.org/pages/disorders/Bronchiectasis.html	MONDO:DisMech
MONDO:0004948	https://dismech.monarchinitiative.org/pages/disorders/Chronic_Lymphocytic_Leukemia.html	MONDO:DisMech
MONDO:0004950	https://dismech.monarchinitiative.org/pages/disorders/Gastric_Cancer_H_pylori_Associated.html	MONDO:DisMech
MONDO:0004950	https://dismech.monarchinitiative.org/pages/disorders/Metastatic_Gastric_Cancer.html	MONDO:DisMech
MONDO:0004958	https://dismech.monarchinitiative.org/pages/disorders/Oral_Cavity_Squamous_Cell_Carcinoma.html	MONDO:DisMech
MONDO:0004959	https://dismech.monarchinitiative.org/pages/disorders/Plasma_Cell_Neoplasm.html	MONDO:DisMech
MONDO:0004967	https://dismech.monarchinitiative.org/pages/disorders/Acute_Lymphoblastic_Leukemia.html	MONDO:DisMech
MONDO:0004975	https://dismech.monarchinitiative.org/pages/disorders/Alzheimer_Disease.html	MONDO:DisMech
MONDO:0004976	https://dismech.monarchinitiative.org/pages/disorders/Amyotrophic_Lateral_Sclerosis.html	MONDO:DisMech
MONDO:0004979	https://dismech.monarchinitiative.org/pages/disorders/Asthma.html	MONDO:DisMech
MONDO:0004980	https://dismech.monarchinitiative.org/pages/disorders/Atopic_Dermatitis.html	MONDO:DisMech
MONDO:0004981	https://dismech.monarchinitiative.org/pages/disorders/Atrial_Fibrillation.html	MONDO:DisMech
MONDO:0004985	https://dismech.monarchinitiative.org/pages/disorders/Bipolar_Disorder.html	MONDO:DisMech
MONDO:0004989	https://dismech.monarchinitiative.org/pages/disorders/Metastatic_Breast_Carcinoma.html	MONDO:DisMech
MONDO:0004989	https://dismech.monarchinitiative.org/pages/disorders/PIK3CA_Mutant_Breast_Cancer.html	MONDO:DisMech
MONDO:0005002	https://dismech.monarchinitiative.org/pages/disorders/Chronic_Obstructive_Pulmonary_Disease.html	MONDO:DisMech
MONDO:0005003	https://dismech.monarchinitiative.org/pages/disorders/Chronic_Pancreatitis.html	MONDO:DisMech
MONDO:0005005	https://dismech.monarchinitiative.org/pages/disorders/Clear_Cell_Renal_Cell_Carcinoma.html	MONDO:DisMech
MONDO:0005011	https://dismech.monarchinitiative.org/pages/disorders/Crohn_Disease.html	MONDO:DisMech
MONDO:0005012	https://dismech.monarchinitiative.org/pages/disorders/BRAF_V600_Mutant_Melanoma.html	MONDO:DisMech
MONDO:0005012	https://dismech.monarchinitiative.org/pages/disorders/Metastatic_Melanoma.html	MONDO:DisMech
MONDO:0005012	https://dismech.monarchinitiative.org/pages/disorders/NRAS_Mutant_Melanoma.html	MONDO:DisMech
MONDO:0005015	https://dismech.monarchinitiative.org/pages/disorders/Diabetes_Mellitus.html	MONDO:DisMech
MONDO:0005015	https://dismech.monarchinitiative.org/pages/disorders/Malnutrition-related_Diabetes_Mellitus.html	MONDO:DisMech
MONDO:0005021	https://dismech.monarchinitiative.org/pages/disorders/Dilated_Cardiomyopathy.html	MONDO:DisMech
MONDO:0005027	https://dismech.monarchinitiative.org/pages/disorders/Epilepsy.html	MONDO:DisMech
MONDO:0005028	https://dismech.monarchinitiative.org/pages/disorders/Esophageal_Adenocarcinoma.html	MONDO:DisMech
MONDO:0005029	https://dismech.monarchinitiative.org/pages/disorders/Essential_Thrombocythemia.html	MONDO:DisMech
MONDO:0005034	https://dismech.monarchinitiative.org/pages/disorders/Thyroid_Follicular_Carcinoma.html	MONDO:DisMech
MONDO:0005041	https://dismech.monarchinitiative.org/pages/disorders/Glaucoma.html	MONDO:DisMech
MONDO:0005045	https://dismech.monarchinitiative.org/pages/disorders/Hypertrophic_Cardiomyopathy.html	MONDO:DisMech
MONDO:0005052	https://dismech.monarchinitiative.org/pages/disorders/Irritable_Bowel_Syndrome.html	MONDO:DisMech
MONDO:0005055	https://dismech.monarchinitiative.org/pages/disorders/Kaposi_Sarcoma.html	MONDO:DisMech
MONDO:0005058	https://dismech.monarchinitiative.org/pages/disorders/Leiomyosarcoma.html	MONDO:DisMech
MONDO:0005060	https://dismech.monarchinitiative.org/pages/disorders/Liposarcoma.html	MONDO:DisMech
MONDO:0005061	https://dismech.monarchinitiative.org/pages/disorders/ALK_Rearranged_NSCLC.html	MONDO:DisMech
MONDO:0005061	https://dismech.monarchinitiative.org/pages/disorders/BRAF_V600E_Mutant_NSCLC.html	MONDO:DisMech
MONDO:0005061	https://dismech.monarchinitiative.org/pages/disorders/EGFR_Mutant_NSCLC.html	MONDO:DisMech
MONDO:0005061	https://dismech.monarchinitiative.org/pages/disorders/KRAS_G12C_Mutant_NSCLC.html	MONDO:DisMech
MONDO:0005061	https://dismech.monarchinitiative.org/pages/disorders/MET_Exon_14_Skipping_NSCLC.html	MONDO:DisMech
MONDO:0005061	https://dismech.monarchinitiative.org/pages/disorders/RET_Rearranged_NSCLC.html	MONDO:DisMech
MONDO:0005061	https://dismech.monarchinitiative.org/pages/disorders/ROS1_Rearranged_NSCLC.html	MONDO:DisMech
MONDO:0005062	https://dismech.monarchinitiative.org/pages/disorders/Lymphoma.html	MONDO:DisMech
MONDO:0005068	https://dismech.monarchinitiative.org/pages/disorders/Myocardial_Infarction.html	MONDO:DisMech
MONDO:0005072	https://dismech.monarchinitiative.org/pages/disorders/Neuroblastoma.html	MONDO:DisMech
MONDO:0005075	https://dismech.monarchinitiative.org/pages/disorders/BRAF_Mutant_Thyroid_Cancer.html	MONDO:DisMech
MONDO:0005075	https://dismech.monarchinitiative.org/pages/disorders/Papillary_Thyroid_Carcinoma.html	MONDO:DisMech
MONDO:0005075	https://dismech.monarchinitiative.org/pages/disorders/RET_Fusion_Thyroid_Cancer.html	MONDO:DisMech
MONDO:0005077	https://dismech.monarchinitiative.org/pages/disorders/Pertussis.html	MONDO:DisMech
MONDO:0005081	https://dismech.monarchinitiative.org/pages/disorders/Preeclampsia.html	MONDO:DisMech
MONDO:0005082	https://dismech.monarchinitiative.org/pages/disorders/Prostate_Adenocarcinoma.html	MONDO:DisMech
MONDO:0005083	https://dismech.monarchinitiative.org/pages/disorders/Psoriasis.html	MONDO:DisMech
MONDO:0005086	https://dismech.monarchinitiative.org/pages/disorders/Metastatic_Renal_Cell_Carcinoma.html	MONDO:DisMech
MONDO:0005086	https://dismech.monarchinitiative.org/pages/disorders/Renal_Cell_Carcinoma.html	MONDO:DisMech
MONDO:0005090	https://dismech.monarchinitiative.org/pages/disorders/Schizophrenia.html	MONDO:DisMech
MONDO:0005096	https://dismech.monarchinitiative.org/pages/disorders/Arsenic_Related_Cancers.html	MONDO:DisMech
MONDO:0005100	https://dismech.monarchinitiative.org/pages/disorders/Systemic_Sclerosis.html	MONDO:DisMech
MONDO:0005101	https://dismech.monarchinitiative.org/pages/disorders/Ulcerative_Colitis.html	MONDO:DisMech
MONDO:0005114	https://dismech.monarchinitiative.org/pages/disorders/Pneumococcal_Pneumonia.html	MONDO:DisMech
MONDO:0005115	https://dismech.monarchinitiative.org/pages/disorders/Temporal_Lobe_Epilepsy.html	MONDO:DisMech
MONDO:0005116	https://dismech.monarchinitiative.org/pages/disorders/Whipple_Disease.html	MONDO:DisMech
MONDO:0005124	https://dismech.monarchinitiative.org/pages/disorders/Leprosy.html	MONDO:DisMech
MONDO:0005130	https://dismech.monarchinitiative.org/pages/disorders/Celiac_Disease.html	MONDO:DisMech
MONDO:0005133	https://dismech.monarchinitiative.org/pages/disorders/Endometriosis.html	MONDO:DisMech
MONDO:0005136	https://dismech.monarchinitiative.org/pages/disorders/Malaria.html	MONDO:DisMech
MONDO:0005138	https://dismech.monarchinitiative.org/pages/disorders/Lung_Carcinoma.html	MONDO:DisMech
MONDO:0005146	https://dismech.monarchinitiative.org/pages/disorders/Post-Traumatic_Stress_Disorder.html	MONDO:DisMech
MONDO:0005147	https://dismech.monarchinitiative.org/pages/disorders/Type_I_Diabetes.html	MONDO:DisMech
MONDO:0005148	https://dismech.monarchinitiative.org/pages/disorders/Type_2_Diabetes_Mellitus.html	MONDO:DisMech
MONDO:0005149	https://dismech.monarchinitiative.org/pages/disorders/Pulmonary_hypertension.html	MONDO:DisMech
MONDO:0005150	https://dismech.monarchinitiative.org/pages/disorders/Age_Related_Macular_Degeneration.html	MONDO:DisMech
MONDO:0005153	https://dismech.monarchinitiative.org/pages/disorders/Cervical_Adenocarcinoma.html	MONDO:DisMech
MONDO:0005155	https://dismech.monarchinitiative.org/pages/disorders/Liver_Cirrhosis.html	MONDO:DisMech
MONDO:0005161	https://dismech.monarchinitiative.org/pages/disorders/Human_Papillomavirus_Infection.html	MONDO:DisMech
MONDO:0005164	https://dismech.monarchinitiative.org/pages/disorders/Fibrosarcoma.html	MONDO:DisMech
MONDO:0005174	https://dismech.monarchinitiative.org/pages/disorders/Acute_Hypotension.html	MONDO:DisMech
MONDO:0005178	https://dismech.monarchinitiative.org/pages/disorders/Osteoarthritis.html	MONDO:DisMech
MONDO:0005180	https://dismech.monarchinitiative.org/pages/disorders/Parkinsons_Disease.html	MONDO:DisMech
MONDO:0005184	https://dismech.monarchinitiative.org/pages/disorders/Pancreatic_Ductal_Adenocarcinoma.html	MONDO:DisMech
MONDO:0005211	https://dismech.monarchinitiative.org/pages/disorders/Metastatic_Ovarian_Cancer.html	MONDO:DisMech
MONDO:0005211	https://dismech.monarchinitiative.org/pages/disorders/Ovarian_High-Grade_Serous_Carcinoma.html	MONDO:DisMech
MONDO:0005215	https://dismech.monarchinitiative.org/pages/disorders/Vulvar_Carcinoma.html	MONDO:DisMech
MONDO:0005231	https://dismech.monarchinitiative.org/pages/disorders/Hepatitis_C.html	MONDO:DisMech
MONDO:0005233	https://dismech.monarchinitiative.org/pages/disorders/Metastatic_NSCLC.html	MONDO:DisMech
MONDO:0005233	https://dismech.monarchinitiative.org/pages/disorders/Non-Small_Cell_Lung_Cancer.html	MONDO:DisMech
MONDO:0005252	https://dismech.monarchinitiative.org/pages/disorders/Heart_Failure.html	MONDO:DisMech
MONDO:0005258	https://dismech.monarchinitiative.org/pages/disorders/Autism_Spectrum_Disorder.html	MONDO:DisMech
MONDO:0005266	https://dismech.monarchinitiative.org/pages/disorders/Diabetic_Retinopathy.html	MONDO:DisMech
MONDO:0005276	https://dismech.monarchinitiative.org/pages/disorders/Dental_Caries.html	MONDO:DisMech
MONDO:0005277	https://dismech.monarchinitiative.org/pages/disorders/Migraine.html	MONDO:DisMech
MONDO:0005298	https://dismech.monarchinitiative.org/pages/disorders/Osteoporosis.html	MONDO:DisMech
MONDO:0005300	https://dismech.monarchinitiative.org/pages/disorders/Chronic_Kidney_Disease.html	MONDO:DisMech
MONDO:0005301	https://dismech.monarchinitiative.org/pages/disorders/Multiple_Sclerosis.html	MONDO:DisMech
MONDO:0005306	https://dismech.monarchinitiative.org/pages/disorders/Ankylosing_Spondylitis.html	MONDO:DisMech
MONDO:0005312	https://dismech.monarchinitiative.org/pages/disorders/Pouchitis.html	MONDO:DisMech
MONDO:0005321	https://dismech.monarchinitiative.org/pages/disorders/Fuchs_Endothelial_Corneal_Dystrophy.html	MONDO:DisMech
MONDO:0005340	https://dismech.monarchinitiative.org/pages/disorders/Alopecia_Areata.html	MONDO:DisMech
MONDO:0005341	https://dismech.monarchinitiative.org/pages/disorders/Basal_Cell_Carcinoma.html	MONDO:DisMech
MONDO:0005342	https://dismech.monarchinitiative.org/pages/disorders/IgA_Nephropathy.html	MONDO:DisMech
MONDO:0005344	https://dismech.monarchinitiative.org/pages/disorders/Hepatitis_B.html	MONDO:DisMech
MONDO:0005351	https://dismech.monarchinitiative.org/pages/disorders/Anorexia_Nervosa.html	MONDO:DisMech
MONDO:0005352	https://dismech.monarchinitiative.org/pages/disorders/Conduct_Disorder.html	MONDO:DisMech
MONDO:0005356	https://dismech.monarchinitiative.org/pages/disorders/Coronary_Vasospasm.html	MONDO:DisMech
MONDO:0005359	https://dismech.monarchinitiative.org/pages/disorders/Acetaminophen_Hepatotoxicity.html	MONDO:DisMech
MONDO:0005361	https://dismech.monarchinitiative.org/pages/disorders/Eosinophilic_Esophagitis.html	MONDO:DisMech
MONDO:0005364	https://dismech.monarchinitiative.org/pages/disorders/Graves_Disease.html	MONDO:DisMech
MONDO:0005376	https://dismech.monarchinitiative.org/pages/disorders/Membranous_Nephropathy.html	MONDO:DisMech
MONDO:0005380	https://dismech.monarchinitiative.org/pages/disorders/Osteonecrosis.html	MONDO:DisMech
MONDO:0005383	https://dismech.monarchinitiative.org/pages/disorders/Panic_Disorder.html	MONDO:DisMech
MONDO:0005386	https://dismech.monarchinitiative.org/pages/disorders/Peripheral_Artery_Disease.html	MONDO:DisMech
MONDO:0005388	https://dismech.monarchinitiative.org/pages/disorders/Primary_Biliary_Cholangitis.html	MONDO:DisMech
MONDO:0005393	https://dismech.monarchinitiative.org/pages/disorders/Gout.html	MONDO:DisMech
MONDO:0005404	https://dismech.monarchinitiative.org/pages/disorders/Myalgic_Encephalomyelitis_Chronic_Fatigue_Syndrome.html	MONDO:DisMech
MONDO:0005411	https://dismech.monarchinitiative.org/pages/disorders/Gallbladder_Cancer.html	MONDO:DisMech
MONDO:0005439	https://dismech.monarchinitiative.org/pages/disorders/Familial_Hypercholesterolemia.html	MONDO:DisMech
MONDO:0005452	https://dismech.monarchinitiative.org/pages/disorders/Bulimia_Nervosa.html	MONDO:DisMech
MONDO:0005459	https://dismech.monarchinitiative.org/pages/disorders/Human_African_Trypanosomiasis.html	MONDO:DisMech
MONDO:0005475	https://dismech.monarchinitiative.org/pages/disorders/Migraine_with_Aura.html	MONDO:DisMech
MONDO:0005480	https://dismech.monarchinitiative.org/pages/disorders/Contact_Dermatitis.html	MONDO:DisMech
MONDO:0005486	https://dismech.monarchinitiative.org/pages/disorders/Tooth_Agenesis.html	MONDO:DisMech
MONDO:0005489	https://dismech.monarchinitiative.org/pages/disorders/Dyslexia.html	MONDO:DisMech
MONDO:0005492	https://dismech.monarchinitiative.org/pages/disorders/Urticaria.html	MONDO:DisMech
MONDO:0005494	https://dismech.monarchinitiative.org/pages/disorders/Triple_Negative_Breast_Cancer.html	MONDO:DisMech
MONDO:0005498	https://dismech.monarchinitiative.org/pages/disorders/Botulism.html	MONDO:DisMech
MONDO:0005502	https://dismech.monarchinitiative.org/pages/disorders/Dengue.html	MONDO:DisMech
MONDO:0005505	https://dismech.monarchinitiative.org/pages/disorders/Dysembryoplastic_Neuroepithelial_Tumor.html	MONDO:DisMech
MONDO:0005512	https://dismech.monarchinitiative.org/pages/disorders/Malignant_Peritoneal_Mesothelioma.html	MONDO:DisMech
MONDO:0005526	https://dismech.monarchinitiative.org/pages/disorders/Tetanus.html	MONDO:DisMech
MONDO:0005546	https://dismech.monarchinitiative.org/pages/disorders/Fibromyalgia.html	MONDO:DisMech
MONDO:0005550	https://dismech.monarchinitiative.org/pages/disorders/Infectious_Disease.html	MONDO:DisMech
MONDO:0005575	https://dismech.monarchinitiative.org/pages/disorders/BRAF_V600E_Mutant_Colorectal_Cancer.html	MONDO:DisMech
MONDO:0005575	https://dismech.monarchinitiative.org/pages/disorders/HER2_Positive_Colorectal_Cancer.html	MONDO:DisMech
MONDO:0005575	https://dismech.monarchinitiative.org/pages/disorders/MSI_High_Colorectal_Cancer.html	MONDO:DisMech
MONDO:0005575	https://dismech.monarchinitiative.org/pages/disorders/Metastatic_Colorectal_Cancer.html	MONDO:DisMech
MONDO:0005580	https://dismech.monarchinitiative.org/pages/disorders/Esophageal_Squamous_Cell_Carcinoma.html	MONDO:DisMech
MONDO:0005582	https://dismech.monarchinitiative.org/pages/disorders/Binge_Eating_Disorder.html	MONDO:DisMech
MONDO:0005595	https://dismech.monarchinitiative.org/pages/disorders/Laryngeal_Squamous_Cell_Carcinoma.html	MONDO:DisMech
MONDO:0005601	https://dismech.monarchinitiative.org/pages/disorders/Ovarian_Mucinous_Carcinoma.html	MONDO:DisMech
MONDO:0005611	https://dismech.monarchinitiative.org/pages/disorders/Bladder_Urothelial_Carcinoma.html	MONDO:DisMech
MONDO:0005620	https://dismech.monarchinitiative.org/pages/disorders/Cerebral_Amyloid_Angiopathy.html	MONDO:DisMech
MONDO:0005661	https://dismech.monarchinitiative.org/pages/disorders/Babesiosis.html	MONDO:DisMech
MONDO:0005665	https://dismech.monarchinitiative.org/pages/disorders/Bells_Palsy.html	MONDO:DisMech
MONDO:0005668	https://dismech.monarchinitiative.org/pages/disorders/Bird_Fanciers_Lung.html	MONDO:DisMech
MONDO:0005683	https://dismech.monarchinitiative.org/pages/disorders/Brucellosis.html	MONDO:DisMech
MONDO:0005688	https://dismech.monarchinitiative.org/pages/disorders/Campylobacteriosis.html	MONDO:DisMech
MONDO:0005692	https://dismech.monarchinitiative.org/pages/disorders/Cat-Scratch_Disease.html	MONDO:DisMech
MONDO:0005700	https://dismech.monarchinitiative.org/pages/disorders/Chickenpox.html	MONDO:DisMech
MONDO:0005706	https://dismech.monarchinitiative.org/pages/disorders/Coccidioidomycosis.html	MONDO:DisMech
MONDO:0005709	https://dismech.monarchinitiative.org/pages/disorders/Rhinovirus_Infection.html	MONDO:DisMech
MONDO:0005737	https://dismech.monarchinitiative.org/pages/disorders/Ebola_Virus_Disease_EVD.html	MONDO:DisMech
MONDO:0005744	https://dismech.monarchinitiative.org/pages/disorders/Yolk_Sac_Tumor.html	MONDO:DisMech
MONDO:0005774	https://dismech.monarchinitiative.org/pages/disorders/Glanders.html	MONDO:DisMech
MONDO:0005775	https://dismech.monarchinitiative.org/pages/disorders/Glucose-6-Phosphate_Dehydrogenase_G6PD_Deficiency.html	MONDO:DisMech
MONDO:0005779	https://dismech.monarchinitiative.org/pages/disorders/Hand_Foot_and_Mouth_Disease.html	MONDO:DisMech
MONDO:0005812	https://dismech.monarchinitiative.org/pages/disorders/Influenza.html	MONDO:DisMech
MONDO:0005824	https://dismech.monarchinitiative.org/pages/disorders/Legionnaires_Disease.html	MONDO:DisMech
MONDO:0005825	https://dismech.monarchinitiative.org/pages/disorders/Leptospirosis.html	MONDO:DisMech
MONDO:0005835	https://dismech.monarchinitiative.org/pages/disorders/Lynch_Syndrome.html	MONDO:DisMech
MONDO:0005854	https://dismech.monarchinitiative.org/pages/disorders/Mixed_Connective_Tissue_Disease.html	MONDO:DisMech
MONDO:0005867	https://dismech.monarchinitiative.org/pages/disorders/Mycoplasma_Pneumoniae_Pneumonia.html	MONDO:DisMech
MONDO:0005885	https://dismech.monarchinitiative.org/pages/disorders/Optic_Neuritis.html	MONDO:DisMech
MONDO:0005888	https://dismech.monarchinitiative.org/pages/disorders/Psittacosis.html	MONDO:DisMech
MONDO:0005923	https://dismech.monarchinitiative.org/pages/disorders/Pneumocystis_Pneumonia.html	MONDO:DisMech
MONDO:0005952	https://dismech.monarchinitiative.org/pages/disorders/Scarlet_Fever.html	MONDO:DisMech
MONDO:0006018	https://dismech.monarchinitiative.org/pages/disorders/Wissler_syndrome.html	MONDO:DisMech
MONDO:0006019	https://dismech.monarchinitiative.org/pages/disorders/Yaws.html	MONDO:DisMech
MONDO:0006047	https://dismech.monarchinitiative.org/pages/disorders/Metastatic_Pancreatic_Adenocarcinoma.html	MONDO:DisMech
MONDO:0006058	https://dismech.monarchinitiative.org/pages/disorders/Wilms_Tumor.html	MONDO:DisMech
MONDO:0006061	https://dismech.monarchinitiative.org/pages/disorders/Cervical_Artery_Dissection.html	MONDO:DisMech
MONDO:0006143	https://dismech.monarchinitiative.org/pages/disorders/Cervical_Squamous_Cell_Carcinoma.html	MONDO:DisMech
MONDO:0006192	https://dismech.monarchinitiative.org/pages/disorders/Endometrial_Endometrioid_Adenocarcinoma.html	MONDO:DisMech
MONDO:0006244	https://dismech.monarchinitiative.org/pages/disorders/HER2_Positive_Breast_Cancer.html	MONDO:DisMech
MONDO:0006248	https://dismech.monarchinitiative.org/pages/disorders/Hydatidiform_Mole.html	MONDO:DisMech
MONDO:0006292	https://dismech.monarchinitiative.org/pages/disorders/Malignant_Mesothelioma.html	MONDO:DisMech
MONDO:0006335	https://dismech.monarchinitiative.org/pages/disorders/Ovarian_Endometrioid_Carcinoma.html	MONDO:DisMech
MONDO:0006345	https://dismech.monarchinitiative.org/pages/disorders/Dupuytrens_Contracture.html	MONDO:DisMech
MONDO:0006354	https://dismech.monarchinitiative.org/pages/disorders/Parathyroid_Hyperplasia.html	MONDO:DisMech
MONDO:0006359	https://dismech.monarchinitiative.org/pages/disorders/Perivascular_Epithelioid_Cell_Neoplasm.html	MONDO:DisMech
MONDO:0006365	https://dismech.monarchinitiative.org/pages/disorders/Peutz_Jeghers_polyp.html	MONDO:DisMech
MONDO:0006412	https://dismech.monarchinitiative.org/pages/disorders/Rosai-Dorfman_Disease.html	MONDO:DisMech
MONDO:0006451	https://dismech.monarchinitiative.org/pages/disorders/Thymic_Carcinoma.html	MONDO:DisMech
MONDO:0006456	https://dismech.monarchinitiative.org/pages/disorders/Thymoma.html	MONDO:DisMech
MONDO:0006468	https://dismech.monarchinitiative.org/pages/disorders/Anaplastic_Thyroid_Carcinoma.html	MONDO:DisMech
MONDO:0006474	https://dismech.monarchinitiative.org/pages/disorders/Transitional_Cell_Carcinoma.html	MONDO:DisMech
MONDO:0006486	https://dismech.monarchinitiative.org/pages/disorders/Uveal_Melanoma.html	MONDO:DisMech
MONDO:0006507	https://dismech.monarchinitiative.org/pages/disorders/Hemochromatosis.html	MONDO:DisMech
MONDO:0006530	https://dismech.monarchinitiative.org/pages/disorders/Cholesteatoma.html	MONDO:DisMech
MONDO:0006541	https://dismech.monarchinitiative.org/pages/disorders/Epidermolysis_Bullosa.html	MONDO:DisMech
MONDO:0006543	https://dismech.monarchinitiative.org/pages/disorders/Dystrophic_Epidermolysis_Bullosa.html	MONDO:DisMech
MONDO:0006544	https://dismech.monarchinitiative.org/pages/disorders/Parvovirus_B19_Infection.html	MONDO:DisMech
MONDO:0006552	https://dismech.monarchinitiative.org/pages/disorders/Folliculitis.html	MONDO:DisMech
MONDO:0006559	https://dismech.monarchinitiative.org/pages/disorders/Hidradenitis_Suppurativa.html	MONDO:DisMech
MONDO:0006576	https://dismech.monarchinitiative.org/pages/disorders/Ludwigs_Angina.html	MONDO:DisMech
MONDO:0006585	https://dismech.monarchinitiative.org/pages/disorders/Lichen_Simplex_Chronicus.html	MONDO:DisMech
MONDO:0006604	https://dismech.monarchinitiative.org/pages/disorders/Rosacea.html	MONDO:DisMech
MONDO:0006608	https://dismech.monarchinitiative.org/pages/disorders/Seborrheic_Dermatitis.html	MONDO:DisMech
MONDO:0006650	https://dismech.monarchinitiative.org/pages/disorders/Anterior_Spinal_Artery_Syndrome.html	MONDO:DisMech
MONDO:0006656	https://dismech.monarchinitiative.org/pages/disorders/Aortitis.html	MONDO:DisMech
MONDO:0006664	https://dismech.monarchinitiative.org/pages/disorders/Atrial_Septal_Defect.html	MONDO:DisMech
MONDO:0006670	https://dismech.monarchinitiative.org/pages/disorders/Bacterial_meningitis.html	MONDO:DisMech
MONDO:0006702	https://dismech.monarchinitiative.org/pages/disorders/Chronic_Inflammatory_Demyelinating_Polyneuropathy.html	MONDO:DisMech
MONDO:0006722	https://dismech.monarchinitiative.org/pages/disorders/Dental_Fluorosis.html	MONDO:DisMech
MONDO:0006761	https://dismech.monarchinitiative.org/pages/disorders/Fibromuscular_Dysplasia.html	MONDO:DisMech
MONDO:0006823	https://dismech.monarchinitiative.org/pages/disorders/Klinefelter_Syndrome.html	MONDO:DisMech
MONDO:0006835	https://dismech.monarchinitiative.org/pages/disorders/Minimal_Change_Disease.html	MONDO:DisMech
MONDO:0006945	https://dismech.monarchinitiative.org/pages/disorders/Renal_Artery_Obstruction.html	MONDO:DisMech
MONDO:0006952	https://dismech.monarchinitiative.org/pages/disorders/Retinopathy_of_Prematurity.html	MONDO:DisMech
MONDO:0007034	https://dismech.monarchinitiative.org/pages/disorders/Adams-Oliver_Syndrome.html	MONDO:DisMech
MONDO:0007037	https://dismech.monarchinitiative.org/pages/disorders/Achondroplasia.html	MONDO:DisMech
MONDO:0007038	https://dismech.monarchinitiative.org/pages/disorders/Achoo_Syndrome.html	MONDO:DisMech
MONDO:0007041	https://dismech.monarchinitiative.org/pages/disorders/Apert_Syndrome.html	MONDO:DisMech
MONDO:0007043	https://dismech.monarchinitiative.org/pages/disorders/Pfeiffer_Syndrome.html	MONDO:DisMech
MONDO:0007068	https://dismech.monarchinitiative.org/pages/disorders/Adenylosuccinate_Lyase_Deficiency.html	MONDO:DisMech
MONDO:0007074	https://dismech.monarchinitiative.org/pages/disorders/Ainhum.html	MONDO:DisMech
MONDO:0007080	https://dismech.monarchinitiative.org/pages/disorders/Familial_Hyperaldosteronism_Type_I.html	MONDO:DisMech
MONDO:0007100	https://dismech.monarchinitiative.org/pages/disorders/ATTR_Amyloidosis.html	MONDO:DisMech
MONDO:0007104	https://dismech.monarchinitiative.org/pages/disorders/Amyotrophic_Lateral_Sclerosis-Parkinsonism-Dementia_Complex.html	MONDO:DisMech
MONDO:0007108	https://dismech.monarchinitiative.org/pages/disorders/Anal_Canal_Carcinoma.html	MONDO:DisMech
MONDO:0007113	https://dismech.monarchinitiative.org/pages/disorders/Angelman_Syndrome.html	MONDO:DisMech
MONDO:0007130	https://dismech.monarchinitiative.org/pages/disorders/Congenital_Total_Pulmonary_Venous_Return_Anomaly.html	MONDO:DisMech
MONDO:0007147	https://dismech.monarchinitiative.org/pages/disorders/Obstructive_Sleep_Apnea.html	MONDO:DisMech
MONDO:0007160	https://dismech.monarchinitiative.org/pages/disorders/Stickler_Syndrome_Type_1.html	MONDO:DisMech
MONDO:0007167	https://dismech.monarchinitiative.org/pages/disorders/Atelosteogenesis_Type_I.html	MONDO:DisMech
MONDO:0007168	https://dismech.monarchinitiative.org/pages/disorders/Atelosteogenesis_Type_III.html	MONDO:DisMech
MONDO:0007182	https://dismech.monarchinitiative.org/pages/disorders/Machado_Joseph_Disease.html	MONDO:DisMech
MONDO:0007186	https://dismech.monarchinitiative.org/pages/disorders/Gastroesophageal_Reflux_Disease.html	MONDO:DisMech
MONDO:0007187	https://dismech.monarchinitiative.org/pages/disorders/Gorlin_Syndrome.html	MONDO:DisMech
MONDO:0007191	https://dismech.monarchinitiative.org/pages/disorders/Behcets_Disease.html	MONDO:DisMech
MONDO:0007201	https://dismech.monarchinitiative.org/pages/disorders/Blepharophimosis_Ptosis_and_Epicanthus_Inversus_Syndrome.html	MONDO:DisMech
MONDO:0007215	https://dismech.monarchinitiative.org/pages/disorders/Brachydactyly_Type_A1.html	MONDO:DisMech
MONDO:0007235	https://dismech.monarchinitiative.org/pages/disorders/Branchiooculofacial_Syndrome.html	MONDO:DisMech
MONDO:0007239	https://dismech.monarchinitiative.org/pages/disorders/KRT1_Keratinopathies.html	MONDO:DisMech
MONDO:0007243	https://dismech.monarchinitiative.org/pages/disorders/Burkitt_Lymphoma.html	MONDO:DisMech
MONDO:0007250	https://dismech.monarchinitiative.org/pages/disorders/Camptodactyly.html	MONDO:DisMech
MONDO:0007251	https://dismech.monarchinitiative.org/pages/disorders/Campomelic_Dysplasia.html	MONDO:DisMech
MONDO:0007256	https://dismech.monarchinitiative.org/pages/disorders/Aflatoxin_Related_HCC.html	MONDO:DisMech
MONDO:0007256	https://dismech.monarchinitiative.org/pages/disorders/Hepatocellular_Carcinoma.html	MONDO:DisMech
MONDO:0007256	https://dismech.monarchinitiative.org/pages/disorders/Metastatic_HCC.html	MONDO:DisMech
MONDO:0007294	https://dismech.monarchinitiative.org/pages/disorders/Central_Core_Myopathy.html	MONDO:DisMech
MONDO:0007297	https://dismech.monarchinitiative.org/pages/disorders/ADan_amyloidosis.html	MONDO:DisMech
MONDO:0007318	https://dismech.monarchinitiative.org/pages/disorders/Alagille_syndrome.html	MONDO:DisMech
MONDO:0007322	https://dismech.monarchinitiative.org/pages/disorders/Chondrodysplasia_Punctata_Tibial-metacarpal_Type.html	MONDO:DisMech
MONDO:0007340	https://dismech.monarchinitiative.org/pages/disorders/Cleidocranial_Dysplasia.html	MONDO:DisMech
MONDO:0007385	https://dismech.monarchinitiative.org/pages/disorders/Idiopathic_Spontaneous_Coronary_Artery_Dissection.html	MONDO:DisMech
MONDO:0007389	https://dismech.monarchinitiative.org/pages/disorders/TBX6-Associated_Congenital_Scoliosis.html	MONDO:DisMech
MONDO:0007400	https://dismech.monarchinitiative.org/pages/disorders/Jackson-Weiss_Syndrome.html	MONDO:DisMech
MONDO:0007405	https://dismech.monarchinitiative.org/pages/disorders/Crouzon_Syndrome.html	MONDO:DisMech
MONDO:0007407	https://dismech.monarchinitiative.org/pages/disorders/Cryoglobulinemic_Vasculitis.html	MONDO:DisMech
MONDO:0007414	https://dismech.monarchinitiative.org/pages/disorders/Gorham-Stout_disease.html	MONDO:DisMech
MONDO:0007422	https://dismech.monarchinitiative.org/pages/disorders/Keratoderma_Hereditarium_Mutilans.html	MONDO:DisMech
MONDO:0007432	https://dismech.monarchinitiative.org/pages/disorders/CADASIL_Type_1.html	MONDO:DisMech
MONDO:0007435	https://dismech.monarchinitiative.org/pages/disorders/Dentatorubral-Pallidoluysian_Atrophy.html	MONDO:DisMech
MONDO:0007473	https://dismech.monarchinitiative.org/pages/disorders/Duane_Retraction_Syndrome.html	MONDO:DisMech
MONDO:0007481	https://dismech.monarchinitiative.org/pages/disorders/Leri-Weill_Dyschondrosteosis.html	MONDO:DisMech
MONDO:0007488	https://dismech.monarchinitiative.org/pages/disorders/Dementia_with_Lewy_Bodies.html	MONDO:DisMech
MONDO:0007510	https://dismech.monarchinitiative.org/pages/disorders/Clouston_Syndrome.html	MONDO:DisMech
MONDO:0007522	https://dismech.monarchinitiative.org/pages/disorders/Ehlers-Danlos_Syndrome_COL5A1-related.html	MONDO:DisMech
MONDO:0007523	https://dismech.monarchinitiative.org/pages/disorders/Hypermobile_Ehlers-Danlos_Syndrome.html	MONDO:DisMech
MONDO:0007526	https://dismech.monarchinitiative.org/pages/disorders/Spondylodysplastic_Ehlers-Danlos_Syndrome.html	MONDO:DisMech
MONDO:0007534	https://dismech.monarchinitiative.org/pages/disorders/Beckwith-Wiedemann_Syndrome.html	MONDO:DisMech
MONDO:0007542	https://dismech.monarchinitiative.org/pages/disorders/Camurati-Engelmann_Disease.html	MONDO:DisMech
MONDO:0007606	https://dismech.monarchinitiative.org/pages/disorders/Fibrodysplasia_Ossificans_Progressiva.html	MONDO:DisMech
MONDO:0007621	https://dismech.monarchinitiative.org/pages/disorders/Floating-Harbor_syndrome.html	MONDO:DisMech
MONDO:0007630	https://dismech.monarchinitiative.org/pages/disorders/North_Carolina_Macular_Dystrophy.html	MONDO:DisMech
MONDO:0007650	https://dismech.monarchinitiative.org/pages/disorders/MALT_Lymphoma.html	MONDO:DisMech
MONDO:0007661	https://dismech.monarchinitiative.org/pages/disorders/Tourette_Syndrome.html	MONDO:DisMech
MONDO:0007688	https://dismech.monarchinitiative.org/pages/disorders/Myhre_Syndrome.html	MONDO:DisMech
MONDO:0007698	https://dismech.monarchinitiative.org/pages/disorders/Hand-Foot-Genital_Syndrome.html	MONDO:DisMech
MONDO:0007699	https://dismech.monarchinitiative.org/pages/disorders/Hashimotos_Thyroiditis.html	MONDO:DisMech
MONDO:0007727	https://dismech.monarchinitiative.org/pages/disorders/TNF_Receptor-Associated_Periodic_Syndrome.html	MONDO:DisMech
MONDO:0007732	https://dismech.monarchinitiative.org/pages/disorders/Holt-Oram_Syndrome.html	MONDO:DisMech
MONDO:0007733	https://dismech.monarchinitiative.org/pages/disorders/SHH_Holoprosencephaly_Spectrum.html	MONDO:DisMech
MONDO:0007737	https://dismech.monarchinitiative.org/pages/disorders/Humeroradial_Synostosis.html	MONDO:DisMech
MONDO:0007739	https://dismech.monarchinitiative.org/pages/disorders/Huntington_Disease.html	MONDO:DisMech
MONDO:0007743	https://dismech.monarchinitiative.org/pages/disorders/Attention_Deficit-Hyperactivity_Disorder.html	MONDO:DisMech
MONDO:0007745	https://dismech.monarchinitiative.org/pages/disorders/Gilberts_Syndrome.html	MONDO:DisMech
MONDO:0007766	https://dismech.monarchinitiative.org/pages/disorders/Morgagni-Stewart-Morel_Syndrome.html	MONDO:DisMech
MONDO:0007793	https://dismech.monarchinitiative.org/pages/disorders/Hypochondroplasia.html	MONDO:DisMech
MONDO:0007800	https://dismech.monarchinitiative.org/pages/disorders/Chromosome_18p_Deletion_Syndrome.html	MONDO:DisMech
MONDO:0007803	https://dismech.monarchinitiative.org/pages/disorders/Multiple_System_Atrophy.html	MONDO:DisMech
MONDO:0007804	https://dismech.monarchinitiative.org/pages/disorders/Pallister-Hall_Syndrome.html	MONDO:DisMech
MONDO:0007818	https://dismech.monarchinitiative.org/pages/disorders/Autosomal_Dominant_Hyper-IgE_Syndrome.html	MONDO:DisMech
MONDO:0007844	https://dismech.monarchinitiative.org/pages/disorders/FGFR1_Hypogonadotropic_Hypogonadism.html	MONDO:DisMech
MONDO:0007846	https://dismech.monarchinitiative.org/pages/disorders/KBG_Syndrome.html	MONDO:DisMech
MONDO:0007864	https://dismech.monarchinitiative.org/pages/disorders/angioosteohypertrophic_syndrome.html	MONDO:DisMech
MONDO:0007875	https://dismech.monarchinitiative.org/pages/disorders/Larsen_Syndrome.html	MONDO:DisMech
MONDO:0007886	https://dismech.monarchinitiative.org/pages/disorders/Uterine_Leiomyoma.html	MONDO:DisMech
MONDO:0007892	https://dismech.monarchinitiative.org/pages/disorders/Lenz-Majewski_hyperostotic_dwarfism.html	MONDO:DisMech
MONDO:0007915	https://dismech.monarchinitiative.org/pages/disorders/Neuropsychiatric_SLE.html	MONDO:DisMech
MONDO:0007915	https://dismech.monarchinitiative.org/pages/disorders/Systemic_Lupus_Erythematosus.html	MONDO:DisMech
MONDO:0007947	https://dismech.monarchinitiative.org/pages/disorders/Marfan_Syndrome.html	MONDO:DisMech
MONDO:0007955	https://dismech.monarchinitiative.org/pages/disorders/Meckel_Diverticulum.html	MONDO:DisMech
MONDO:0007959	https://dismech.monarchinitiative.org/pages/disorders/Medulloblastoma.html	MONDO:DisMech
MONDO:0007969	https://dismech.monarchinitiative.org/pages/disorders/Melkersson_Rosenthal_syndrome.html	MONDO:DisMech
MONDO:0007972	https://dismech.monarchinitiative.org/pages/disorders/Menieres_Disease.html	MONDO:DisMech
MONDO:0007983	https://dismech.monarchinitiative.org/pages/disorders/Metaphyseal_Chondrodysplasia_Schmid_Type.html	MONDO:DisMech
MONDO:0007986	https://dismech.monarchinitiative.org/pages/disorders/Metatropic_Dysplasia.html	MONDO:DisMech
MONDO:0007987	https://dismech.monarchinitiative.org/pages/disorders/Kniest_Dysplasia.html	MONDO:DisMech
MONDO:0008005	https://dismech.monarchinitiative.org/pages/disorders/Cardiospondylocarpofacial_Syndrome.html	MONDO:DisMech
MONDO:0008045	https://dismech.monarchinitiative.org/pages/disorders/Spinal_Muscular_Atrophy_Progressive_Myoclonic_Epilepsy.html	MONDO:DisMech
MONDO:0008056	https://dismech.monarchinitiative.org/pages/disorders/Myotonic_Dystrophy_Type_1.html	MONDO:DisMech
MONDO:0008075	https://dismech.monarchinitiative.org/pages/disorders/Schwannomatosis.html	MONDO:DisMech
MONDO:0008087	https://dismech.monarchinitiative.org/pages/disorders/Hereditary_Neuropathy_with_Liability_to_Pressure_Palsies.html	MONDO:DisMech
MONDO:0008111	https://dismech.monarchinitiative.org/pages/disorders/Oculodentodigital_Dysplasia.html	MONDO:DisMech
MONDO:0008114	https://dismech.monarchinitiative.org/pages/disorders/Obsessive-Compulsive_Disorder.html	MONDO:DisMech
MONDO:0008146	https://dismech.monarchinitiative.org/pages/disorders/Osteogenesis_Imperfecta_Type_I.html	MONDO:DisMech
MONDO:0008147	https://dismech.monarchinitiative.org/pages/disorders/Osteogenesis_Imperfecta_Type_II.html	MONDO:DisMech
MONDO:0008148	https://dismech.monarchinitiative.org/pages/disorders/Osteogenesis_Imperfecta_Type_IV.html	MONDO:DisMech
MONDO:0008150	https://dismech.monarchinitiative.org/pages/disorders/Osteoglophonic_Dysplasia.html	MONDO:DisMech
MONDO:0008156	https://dismech.monarchinitiative.org/pages/disorders/Autosomal_Dominant_Osteopetrosis_Type_II.html	MONDO:DisMech
MONDO:0008158	https://dismech.monarchinitiative.org/pages/disorders/Dacryocystitis-Osteopoikilosis_Syndrome.html	MONDO:DisMech
MONDO:0008178	https://dismech.monarchinitiative.org/pages/disorders/VCP-associated_Multisystem_Proteinopathy.html	MONDO:DisMech
MONDO:0008215	https://dismech.monarchinitiative.org/pages/disorders/Adult-Onset_Autosomal_Dominant_Demyelinating_Leukodystrophy.html	MONDO:DisMech
MONDO:0008219	https://dismech.monarchinitiative.org/pages/disorders/Pemphigus_Vulgaris.html	MONDO:DisMech
MONDO:0008223	https://dismech.monarchinitiative.org/pages/disorders/Hypokalemic_Periodic_Paralysis.html	MONDO:DisMech
MONDO:0008243	https://dismech.monarchinitiative.org/pages/disorders/Pick_Disease.html	MONDO:DisMech
MONDO:0008260	https://dismech.monarchinitiative.org/pages/disorders/Kindler_Epidermolysis_Bullosa.html	MONDO:DisMech
MONDO:0008270	https://dismech.monarchinitiative.org/pages/disorders/Triphalangeal_Thumb_Polysyndactyly.html	MONDO:DisMech
MONDO:0008280	https://dismech.monarchinitiative.org/pages/disorders/Peutz_Jeghers_Syndrome.html	MONDO:DisMech
MONDO:0008283	https://dismech.monarchinitiative.org/pages/disorders/Cronkhite-Canada_syndrome.html	MONDO:DisMech
MONDO:0008287	https://dismech.monarchinitiative.org/pages/disorders/Greig_Cephalopolysyndactyly.html	MONDO:DisMech
MONDO:0008294	https://dismech.monarchinitiative.org/pages/disorders/Acute_Intermittent_Porphyria.html	MONDO:DisMech
MONDO:0008300	https://dismech.monarchinitiative.org/pages/disorders/Prader-Willi_Syndrome.html	MONDO:DisMech
MONDO:0008315	https://dismech.monarchinitiative.org/pages/disorders/BRCA_Mutant_Prostate_Cancer.html	MONDO:DisMech
MONDO:0008315	https://dismech.monarchinitiative.org/pages/disorders/Metastatic_Prostate_Cancer.html	MONDO:DisMech
MONDO:0008318	https://dismech.monarchinitiative.org/pages/disorders/Proteus_syndrome.html	MONDO:DisMech
MONDO:0008323	https://dismech.monarchinitiative.org/pages/disorders/Liddle_Syndrome.html	MONDO:DisMech
MONDO:0008332	https://dismech.monarchinitiative.org/pages/disorders/Platelet-Type_von_Willebrand_Disease.html	MONDO:DisMech
MONDO:0008346	https://dismech.monarchinitiative.org/pages/disorders/Pulmonary_Hemosiderosis.html	MONDO:DisMech
MONDO:0008364	https://dismech.monarchinitiative.org/pages/disorders/Raynaud_Disease.html	MONDO:DisMech
MONDO:0008373	https://dismech.monarchinitiative.org/pages/disorders/Retinal_Arterial_Tortuosity.html	MONDO:DisMech
MONDO:0008380	https://dismech.monarchinitiative.org/pages/disorders/Retinoblastoma.html	MONDO:DisMech
MONDO:0008383	https://dismech.monarchinitiative.org/pages/disorders/Rheumatoid_Arthritis.html	MONDO:DisMech
MONDO:0008394	https://dismech.monarchinitiative.org/pages/disorders/Silver_Russell_Syndrome.html	MONDO:DisMech
MONDO:0008408	https://dismech.monarchinitiative.org/pages/disorders/Scapuloperoneal_Spinal_Muscular_Atrophy.html	MONDO:DisMech
MONDO:0008411	https://dismech.monarchinitiative.org/pages/disorders/Ulnar-Mammary_Syndrome.html	MONDO:DisMech
MONDO:0008426	https://dismech.monarchinitiative.org/pages/disorders/Shprintzen-Goldberg_Syndrome.html	MONDO:DisMech
MONDO:0008433	https://dismech.monarchinitiative.org/pages/disorders/Small_Cell_Lung_Cancer.html	MONDO:DisMech
MONDO:0008434	https://dismech.monarchinitiative.org/pages/disorders/Smith-Magenis_Syndrome.html	MONDO:DisMech
MONDO:0008436	https://dismech.monarchinitiative.org/pages/disorders/Sneddon_syndrome.html	MONDO:DisMech
MONDO:0008471	https://dismech.monarchinitiative.org/pages/disorders/Spondyloepiphyseal_Dysplasia_Congenita.html	MONDO:DisMech
MONDO:0008476	https://dismech.monarchinitiative.org/pages/disorders/Spondyloepimetaphyseal_Dysplasia_Strudwick_Type.html	MONDO:DisMech
MONDO:0008477	https://dismech.monarchinitiative.org/pages/disorders/Spondylometaphyseal_Dysplasia_Kozlowski_Type.html	MONDO:DisMech
MONDO:0008487	https://dismech.monarchinitiative.org/pages/disorders/Polycystic_Ovary_Syndrome.html	MONDO:DisMech
MONDO:0008490	https://dismech.monarchinitiative.org/pages/disorders/COL11A2_Skeletal_Spectrum.html	MONDO:DisMech
MONDO:0008491	https://dismech.monarchinitiative.org/pages/disorders/Stiff_Person_Syndrome.html	MONDO:DisMech
MONDO:0008523	https://dismech.monarchinitiative.org/pages/disorders/Blau_Syndrome.html	MONDO:DisMech
MONDO:0008538	https://dismech.monarchinitiative.org/pages/disorders/Giant_Cell_Arteritis.html	MONDO:DisMech
MONDO:0008546	https://dismech.monarchinitiative.org/pages/disorders/Thanatophoric_Dysplasia_Type_1.html	MONDO:DisMech
MONDO:0008547	https://dismech.monarchinitiative.org/pages/disorders/Thanatophoric_Dysplasia_Type_2.html	MONDO:DisMech
MONDO:0008558	https://dismech.monarchinitiative.org/pages/disorders/Immune_Thrombocytopenia.html	MONDO:DisMech
MONDO:0008582	https://dismech.monarchinitiative.org/pages/disorders/Tooth_and_Nail_Syndrome.html	MONDO:DisMech
MONDO:0008601	https://dismech.monarchinitiative.org/pages/disorders/Triglyceride_Storage_Disease_Type_1.html	MONDO:DisMech
MONDO:0008602	https://dismech.monarchinitiative.org/pages/disorders/Triglyceride_Storage_Disease_Type_2.html	MONDO:DisMech
MONDO:0008608	https://dismech.monarchinitiative.org/pages/disorders/Down_syndrome.html	MONDO:DisMech
MONDO:0008661	https://dismech.monarchinitiative.org/pages/disorders/Vitiligo.html	MONDO:DisMech
MONDO:0008667	https://dismech.monarchinitiative.org/pages/disorders/Von_Hippel-Lindau_Disease.html	MONDO:DisMech
MONDO:0008678	https://dismech.monarchinitiative.org/pages/disorders/Williams_Syndrome.html	MONDO:DisMech
MONDO:0008681	https://dismech.monarchinitiative.org/pages/disorders/WAGR_Syndrome.html	MONDO:DisMech
MONDO:0008684	https://dismech.monarchinitiative.org/pages/disorders/Wolf-Hirschhorn_Syndrome.html	MONDO:DisMech
MONDO:0008686	https://dismech.monarchinitiative.org/pages/disorders/Isolated_Woolly_Hair.html	MONDO:DisMech
MONDO:0008692	https://dismech.monarchinitiative.org/pages/disorders/Abetalipoproteinemia.html	MONDO:DisMech
MONDO:0008695	https://dismech.monarchinitiative.org/pages/disorders/Chorea-acanthocytosis.html	MONDO:DisMech
MONDO:0008702	https://dismech.monarchinitiative.org/pages/disorders/Achondrogenesis_Type_II.html	MONDO:DisMech
MONDO:0008705	https://dismech.monarchinitiative.org/pages/disorders/Lysosomal_Acid_Phosphatase_Deficiency.html	MONDO:DisMech
MONDO:0008708	https://dismech.monarchinitiative.org/pages/disorders/Acrocallosal_Syndrome.html	MONDO:DisMech
MONDO:0008721	https://dismech.monarchinitiative.org/pages/disorders/MCAD_Deficiency.html	MONDO:DisMech
MONDO:0008723	https://dismech.monarchinitiative.org/pages/disorders/VLCAD_Deficiency.html	MONDO:DisMech
MONDO:0008752	https://dismech.monarchinitiative.org/pages/disorders/Alexander_Disease.html	MONDO:DisMech
MONDO:0008753	https://dismech.monarchinitiative.org/pages/disorders/Alkaptonuria.html	MONDO:DisMech
MONDO:0008760	https://dismech.monarchinitiative.org/pages/disorders/Beta-Ketothiolase_Deficiency.html	MONDO:DisMech
MONDO:0008763	https://dismech.monarchinitiative.org/pages/disorders/Alstrom_Syndrome.html	MONDO:DisMech
MONDO:0008767	https://dismech.monarchinitiative.org/pages/disorders/Neuronal_Ceroid_Lipofuscinosis_3.html	MONDO:DisMech
MONDO:0008769	https://dismech.monarchinitiative.org/pages/disorders/Neuronal_Ceroid_Lipofuscinosis_2.html	MONDO:DisMech
MONDO:0008783	https://dismech.monarchinitiative.org/pages/disorders/Tangier_Disease.html	MONDO:DisMech
MONDO:0008814	https://dismech.monarchinitiative.org/pages/disorders/Arginase_Deficiency.html	MONDO:DisMech
MONDO:0008815	https://dismech.monarchinitiative.org/pages/disorders/Argininosuccinic_Aciduria.html	MONDO:DisMech
MONDO:0008818	https://dismech.monarchinitiative.org/pages/disorders/Arterial_Tortuosity_Syndrome.html	MONDO:DisMech
MONDO:0008830	https://dismech.monarchinitiative.org/pages/disorders/Aspartylglucosaminuria.html	MONDO:DisMech
MONDO:0008840	https://dismech.monarchinitiative.org/pages/disorders/Ataxia_Telangiectasia.html	MONDO:DisMech
MONDO:0008855	https://dismech.monarchinitiative.org/pages/disorders/MHC_Class_II_Deficiency.html	MONDO:DisMech
MONDO:0008876	https://dismech.monarchinitiative.org/pages/disorders/Bloom_Syndrome.html	MONDO:DisMech
MONDO:0008885	https://dismech.monarchinitiative.org/pages/disorders/Elsahy-Waters_Syndrome.html	MONDO:DisMech
MONDO:0008889	https://dismech.monarchinitiative.org/pages/disorders/Thromboangiitis_Obliterans.html	MONDO:DisMech
MONDO:0008890	https://dismech.monarchinitiative.org/pages/disorders/Progressive_Bulbar_Palsy.html	MONDO:DisMech
MONDO:0008895	https://dismech.monarchinitiative.org/pages/disorders/Hereditary_Arterial_and_Articular_Multiple_Calcification_Syndrome.html	MONDO:DisMech
MONDO:0008908	https://dismech.monarchinitiative.org/pages/disorders/MGAT2-congenital_disorder_of_glycosylation.html	MONDO:DisMech
MONDO:0008918	https://dismech.monarchinitiative.org/pages/disorders/Carnitine-Acylcarnitine_Translocase_Deficiency.html	MONDO:DisMech
MONDO:0008919	https://dismech.monarchinitiative.org/pages/disorders/Primary_Carnitine_Deficiency.html	MONDO:DisMech
MONDO:0008922	https://dismech.monarchinitiative.org/pages/disorders/Sengers_syndrome.html	MONDO:DisMech
MONDO:0008926	https://dismech.monarchinitiative.org/pages/disorders/COFS_Syndrome.html	MONDO:DisMech
MONDO:0008935	https://dismech.monarchinitiative.org/pages/disorders/Cerebellar_Ataxia-Hypogonadism_Syndrome.html	MONDO:DisMech
MONDO:0008947	https://dismech.monarchinitiative.org/pages/disorders/Bilateral_Striopallidodentate_Calcinosis.html	MONDO:DisMech
MONDO:0008948	https://dismech.monarchinitiative.org/pages/disorders/Cerebrotendinous_Xanthomatosis.html	MONDO:DisMech
MONDO:0008963	https://dismech.monarchinitiative.org/pages/disorders/Chediak-Higashi_Syndrome.html	MONDO:DisMech
MONDO:0008965	https://dismech.monarchinitiative.org/pages/disorders/CHARGE_Syndrome.html	MONDO:DisMech
MONDO:0008972	https://dismech.monarchinitiative.org/pages/disorders/Rhizomelic_Chondrodysplasia_Punctata_Type_1.html	MONDO:DisMech
MONDO:0008977	https://dismech.monarchinitiative.org/pages/disorders/Chondrosarcoma.html	MONDO:DisMech
MONDO:0008978	https://dismech.monarchinitiative.org/pages/disorders/Chordoma.html	MONDO:DisMech
MONDO:0008980	https://dismech.monarchinitiative.org/pages/disorders/Boucher-Neuhauser_Syndrome.html	MONDO:DisMech
MONDO:0008982	https://dismech.monarchinitiative.org/pages/disorders/Central_Areolar_Choroidal_Dystrophy.html	MONDO:DisMech
MONDO:0008988	https://dismech.monarchinitiative.org/pages/disorders/Citrullinemia_Type_I.html	MONDO:DisMech
MONDO:0009008	https://dismech.monarchinitiative.org/pages/disorders/Heart_Defect_Tongue_Hamartoma_Polysyndactyly_Syndrome.html	MONDO:DisMech
MONDO:0009009	https://dismech.monarchinitiative.org/pages/disorders/Hypoplasminogenemia.html	MONDO:DisMech
MONDO:0009026	https://dismech.monarchinitiative.org/pages/disorders/Costello_Syndrome.html	MONDO:DisMech
MONDO:0009032	https://dismech.monarchinitiative.org/pages/disorders/Cranioectodermal_Dysplasia.html	MONDO:DisMech
MONDO:0009033	https://dismech.monarchinitiative.org/pages/disorders/Temtamy_Syndrome.html	MONDO:DisMech
MONDO:0009061	https://dismech.monarchinitiative.org/pages/disorders/Cystic_Fibrosis.html	MONDO:DisMech
MONDO:0009067	https://dismech.monarchinitiative.org/pages/disorders/Cystinuria.html	MONDO:DisMech
MONDO:0009079	https://dismech.monarchinitiative.org/pages/disorders/DOORS_Syndrome.html	MONDO:DisMech
MONDO:0009104	https://dismech.monarchinitiative.org/pages/disorders/Donnai-Barrow_syndrome.html	MONDO:DisMech
MONDO:0009107	https://dismech.monarchinitiative.org/pages/disorders/Diastrophic_Dysplasia.html	MONDO:DisMech
MONDO:0009114	https://dismech.monarchinitiative.org/pages/disorders/Congenital_Sucrase-Isomaltase_Deficiency.html	MONDO:DisMech
MONDO:0009133	https://dismech.monarchinitiative.org/pages/disorders/Cerebellar_Ataxia_Intellectual_Disability_and_Dysequilibrium.html	MONDO:DisMech
MONDO:0009151	https://dismech.monarchinitiative.org/pages/disorders/Zlotogora-Ogur_Syndrome.html	MONDO:DisMech
MONDO:0009162	https://dismech.monarchinitiative.org/pages/disorders/Ellis-van_Creveld_Syndrome.html	MONDO:DisMech
MONDO:0009175	https://dismech.monarchinitiative.org/pages/disorders/Eosinophilic_Fasciitis.html	MONDO:DisMech
MONDO:0009218	https://dismech.monarchinitiative.org/pages/disorders/Farber_Disease.html	MONDO:DisMech
MONDO:0009227	https://dismech.monarchinitiative.org/pages/disorders/Infantile_Myofibromatosis.html	MONDO:DisMech
MONDO:0009249	https://dismech.monarchinitiative.org/pages/disorders/Hereditary_Fructose_Intolerance.html	MONDO:DisMech
MONDO:0009254	https://dismech.monarchinitiative.org/pages/disorders/Fucosidosis.html	MONDO:DisMech
MONDO:0009260	https://dismech.monarchinitiative.org/pages/disorders/GM1_Gangliosidosis_Type_1.html	MONDO:DisMech
MONDO:0009261	https://dismech.monarchinitiative.org/pages/disorders/GM1_Gangliosidosis_Type_2.html	MONDO:DisMech
MONDO:0009262	https://dismech.monarchinitiative.org/pages/disorders/GM1_Gangliosidosis_Type_3.html	MONDO:DisMech
MONDO:0009281	https://dismech.monarchinitiative.org/pages/disorders/Glutaryl-CoA_Dehydrogenase_Deficiency.html	MONDO:DisMech
MONDO:0009282	https://dismech.monarchinitiative.org/pages/disorders/Multiple_Acyl-CoA_Dehydrogenase_Deficiency.html	MONDO:DisMech
MONDO:0009290	https://dismech.monarchinitiative.org/pages/disorders/Pompe_Disease.html	MONDO:DisMech
MONDO:0009291	https://dismech.monarchinitiative.org/pages/disorders/Cori_Forbes_Disease.html	MONDO:DisMech
MONDO:0009292	https://dismech.monarchinitiative.org/pages/disorders/Glycogen_Storage_Disease_Type_IV.html	MONDO:DisMech
MONDO:0009295	https://dismech.monarchinitiative.org/pages/disorders/Glycogen_Storage_Disease_Type_VII.html	MONDO:DisMech
MONDO:0009296	https://dismech.monarchinitiative.org/pages/disorders/Glycoprotein_Storage_Disease.html	MONDO:DisMech
MONDO:0009299	https://dismech.monarchinitiative.org/pages/disorders/46_XX_Gonadal_Dysgenesis.html	MONDO:DisMech
MONDO:0009303	https://dismech.monarchinitiative.org/pages/disorders/Anti-GBM_Disease.html	MONDO:DisMech
MONDO:0009319	https://dismech.monarchinitiative.org/pages/disorders/Pantothenate_Kinase-Associated_Neurodegeneration.html	MONDO:DisMech
MONDO:0009324	https://dismech.monarchinitiative.org/pages/disorders/Hartnup_Disease.html	MONDO:DisMech
MONDO:0009338	https://dismech.monarchinitiative.org/pages/disorders/Hepatic_Veno-occlusive_Disease-Immunodeficiency_Syndrome.html	MONDO:DisMech
MONDO:0009341	https://dismech.monarchinitiative.org/pages/disorders/Mowat-Wilson_syndrome.html	MONDO:DisMech
MONDO:0009348	https://dismech.monarchinitiative.org/pages/disorders/Classic_Hodgkin_Lymphoma.html	MONDO:DisMech
MONDO:0009367	https://dismech.monarchinitiative.org/pages/disorders/McKusick-Kaufman_Syndrome.html	MONDO:DisMech
MONDO:0009370	https://dismech.monarchinitiative.org/pages/disorders/L-2-Hydroxyglutaric_Aciduria.html	MONDO:DisMech
MONDO:0009376	https://dismech.monarchinitiative.org/pages/disorders/Carbamoyl_Phosphate_Synthetase_I_Deficiency.html	MONDO:DisMech
MONDO:0009377	https://dismech.monarchinitiative.org/pages/disorders/N-Acetylglutamate_Synthase_Deficiency.html	MONDO:DisMech
MONDO:0009393	https://dismech.monarchinitiative.org/pages/disorders/Hyperornithinemia_Hyperammonemia_Homocitrullinuria_Syndrome.html	MONDO:DisMech
MONDO:0009395	https://dismech.monarchinitiative.org/pages/disorders/Van_Buchem_Disease.html	MONDO:DisMech
MONDO:0009411	https://dismech.monarchinitiative.org/pages/disorders/Autoimmune_Polyendocrine_Syndrome_Type_1.html	MONDO:DisMech
MONDO:0009412	https://dismech.monarchinitiative.org/pages/disorders/Scurvy.html	MONDO:DisMech
MONDO:0009419	https://dismech.monarchinitiative.org/pages/disorders/Woodhouse-Sakati_Syndrome.html	MONDO:DisMech
MONDO:0009468	https://dismech.monarchinitiative.org/pages/disorders/pseudotumor_cerebri.html	MONDO:DisMech
MONDO:0009475	https://dismech.monarchinitiative.org/pages/disorders/Isovaleric_Acidemia.html	MONDO:DisMech
MONDO:0009477	https://dismech.monarchinitiative.org/pages/disorders/Stromme_Syndrome.html	MONDO:DisMech
MONDO:0009499	https://dismech.monarchinitiative.org/pages/disorders/Krabbe_Disease.html	MONDO:DisMech
MONDO:0009509	https://dismech.monarchinitiative.org/pages/disorders/Landau-Kleffner_Syndrome.html	MONDO:DisMech
MONDO:0009520	https://dismech.monarchinitiative.org/pages/disorders/3-Hydroxy-3-Methylglutaric_Aciduria.html	MONDO:DisMech
MONDO:0009532	https://dismech.monarchinitiative.org/pages/disorders/Miller-Dieker_Lissencephaly_Syndrome.html	MONDO:DisMech
MONDO:0009561	https://dismech.monarchinitiative.org/pages/disorders/Alpha_Mannosidosis.html	MONDO:DisMech
MONDO:0009562	https://dismech.monarchinitiative.org/pages/disorders/Beta_Mannosidosis.html	MONDO:DisMech
MONDO:0009563	https://dismech.monarchinitiative.org/pages/disorders/Maple_Syrup_Urine_Disease.html	MONDO:DisMech
MONDO:0009564	https://dismech.monarchinitiative.org/pages/disorders/Marden-Walker_Syndrome.html	MONDO:DisMech
MONDO:0009603	https://dismech.monarchinitiative.org/pages/disorders/3-Hydroxyisobutyryl-CoA_Hydrolase_Deficiency.html	MONDO:DisMech
MONDO:0009623	https://dismech.monarchinitiative.org/pages/disorders/Nijmegen_breakage_syndrome.html	MONDO:DisMech
MONDO:0009627	https://dismech.monarchinitiative.org/pages/disorders/Galloway-Mowat_Syndrome.html	MONDO:DisMech
MONDO:0009650	https://dismech.monarchinitiative.org/pages/disorders/Mucolipidosis_Type_II.html	MONDO:DisMech
MONDO:0009652	https://dismech.monarchinitiative.org/pages/disorders/GNPTG-Mucolipidosis.html	MONDO:DisMech
MONDO:0009653	https://dismech.monarchinitiative.org/pages/disorders/Mucolipidosis_Type_IV.html	MONDO:DisMech
MONDO:0009661	https://dismech.monarchinitiative.org/pages/disorders/Maroteaux-Lamy_syndrome.html	MONDO:DisMech
MONDO:0009662	https://dismech.monarchinitiative.org/pages/disorders/Sly_syndrome.html	MONDO:DisMech
MONDO:0009665	https://dismech.monarchinitiative.org/pages/disorders/Biotinidase_Deficiency.html	MONDO:DisMech
MONDO:0009666	https://dismech.monarchinitiative.org/pages/disorders/Holocarboxylase_Synthetase_Deficiency.html	MONDO:DisMech
MONDO:0009668	https://dismech.monarchinitiative.org/pages/disorders/CHRNA1-associated_Fetal_Hypo-akinesia_Disorder_of_Prenatal_Onset.html	MONDO:DisMech
MONDO:0009688	https://dismech.monarchinitiative.org/pages/disorders/Myasthenia_Gravis.html	MONDO:DisMech
MONDO:0009691	https://dismech.monarchinitiative.org/pages/disorders/Mycosis_Fungoides.html	MONDO:DisMech
MONDO:0009692	https://dismech.monarchinitiative.org/pages/disorders/Primary_Myelofibrosis.html	MONDO:DisMech
MONDO:0009693	https://dismech.monarchinitiative.org/pages/disorders/Multiple_Myeloma.html	MONDO:DisMech
MONDO:0009697	https://dismech.monarchinitiative.org/pages/disorders/Lafora_Disease.html	MONDO:DisMech
MONDO:0009710	https://dismech.monarchinitiative.org/pages/disorders/Thomsen_and_Becker_disease.html	MONDO:DisMech
MONDO:0009718	https://dismech.monarchinitiative.org/pages/disorders/Myxedema.html	MONDO:DisMech
MONDO:0009720	https://dismech.monarchinitiative.org/pages/disorders/Keipert_syndrome.html	MONDO:DisMech
MONDO:0009723	https://dismech.monarchinitiative.org/pages/disorders/Leigh_Syndrome.html	MONDO:DisMech
MONDO:0009726	https://dismech.monarchinitiative.org/pages/disorders/Proteasome_Associated_Autoinflammatory_Syndrome.html	MONDO:DisMech
MONDO:0009727	https://dismech.monarchinitiative.org/pages/disorders/Atelosteogenesis_Type_II.html	MONDO:DisMech
MONDO:0009735	https://dismech.monarchinitiative.org/pages/disorders/Netherton_Syndrome.html	MONDO:DisMech
MONDO:0009737	https://dismech.monarchinitiative.org/pages/disorders/Galactosialidosis.html	MONDO:DisMech
MONDO:0009744	https://dismech.monarchinitiative.org/pages/disorders/Neuronal_Ceroid_Lipofuscinosis_1.html	MONDO:DisMech
MONDO:0009756	https://dismech.monarchinitiative.org/pages/disorders/Niemann-Pick_Disease_Type_A.html	MONDO:DisMech
MONDO:0009773	https://dismech.monarchinitiative.org/pages/disorders/Odonto-Onycho-Dermal_Dysplasia.html	MONDO:DisMech
MONDO:0009785	https://dismech.monarchinitiative.org/pages/disorders/Opsismodysplasia.html	MONDO:DisMech
MONDO:0009796	https://dismech.monarchinitiative.org/pages/disorders/ornithine_aminotransferase_deficiency.html	MONDO:DisMech
MONDO:0009797	https://dismech.monarchinitiative.org/pages/disorders/Hereditary_Orotic_Aciduria.html	MONDO:DisMech
MONDO:0009798	https://dismech.monarchinitiative.org/pages/disorders/Primrose_Syndrome.html	MONDO:DisMech
MONDO:0009804	https://dismech.monarchinitiative.org/pages/disorders/Osteogenesis_Imperfecta_Type_III.html	MONDO:DisMech
MONDO:0009805	https://dismech.monarchinitiative.org/pages/disorders/Osteogenesis_Imperfecta_Type_IX.html	MONDO:DisMech
MONDO:0009807	https://dismech.monarchinitiative.org/pages/disorders/Osteosarcoma.html	MONDO:DisMech
MONDO:0009816	https://dismech.monarchinitiative.org/pages/disorders/Autosomal_Recessive_Osteopetrosis.html	MONDO:DisMech
MONDO:0009825	https://dismech.monarchinitiative.org/pages/disorders/5-Oxoprolinase_Deficiency.html	MONDO:DisMech
MONDO:0009832	https://dismech.monarchinitiative.org/pages/disorders/Pancreatic_Agenesis.html	MONDO:DisMech
MONDO:0009852	https://dismech.monarchinitiative.org/pages/disorders/Hereditary_Intrinsic_Factor_Deficiency.html	MONDO:DisMech
MONDO:0009855	https://dismech.monarchinitiative.org/pages/disorders/D-Bifunctional_Protein_Deficiency.html	MONDO:DisMech
MONDO:0009861	https://dismech.monarchinitiative.org/pages/disorders/Phenylketonuria.html	MONDO:DisMech
MONDO:0009891	https://dismech.monarchinitiative.org/pages/disorders/Polycythemia_Vera.html	MONDO:DisMech
MONDO:0009897	https://dismech.monarchinitiative.org/pages/disorders/Adult_Polyglucosan_Body_Disease.html	MONDO:DisMech
MONDO:0009904	https://dismech.monarchinitiative.org/pages/disorders/Gitelman_Syndrome.html	MONDO:DisMech
MONDO:0009916	https://dismech.monarchinitiative.org/pages/disorders/46_XY_DSD_Due_to_17_Beta_Hydroxysteroid_Dehydrogenase_3_Deficiency.html	MONDO:DisMech
MONDO:0009919	https://dismech.monarchinitiative.org/pages/disorders/Peroxisomal_Acyl-CoA_Oxidase_Deficiency.html	MONDO:DisMech
MONDO:0009923	https://dismech.monarchinitiative.org/pages/disorders/46_XY_DSD_Due_to_5_Alpha_Reductase_2_Deficiency.html	MONDO:DisMech
MONDO:0009926	https://dismech.monarchinitiative.org/pages/disorders/Autosomal_Recessive_Multiple_Pterygium_Syndrome.html	MONDO:DisMech
MONDO:0009940	https://dismech.monarchinitiative.org/pages/disorders/Pycnodysostosis.html	MONDO:DisMech
MONDO:0009949	https://dismech.monarchinitiative.org/pages/disorders/Pyruvate_Carboxylase_Deficiency_Disease.html	MONDO:DisMech
MONDO:0009958	https://dismech.monarchinitiative.org/pages/disorders/Adult_Refsum_Disease.html	MONDO:DisMech
MONDO:0009993	https://dismech.monarchinitiative.org/pages/disorders/Embryonal_Rhabdomyosarcoma.html	MONDO:DisMech
MONDO:0009994	https://dismech.monarchinitiative.org/pages/disorders/Alveolar_Rhabdomyosarcoma.html	MONDO:DisMech
MONDO:0010002	https://dismech.monarchinitiative.org/pages/disorders/Rothmund-Thomson_Syndrome.html	MONDO:DisMech
MONDO:0010006	https://dismech.monarchinitiative.org/pages/disorders/Sandhoff_Disease.html	MONDO:DisMech
MONDO:0010010	https://dismech.monarchinitiative.org/pages/disorders/Schinzel-Giedion_Syndrome.html	MONDO:DisMech
MONDO:0010013	https://dismech.monarchinitiative.org/pages/disorders/Schneckenbecken_Dysplasia.html	MONDO:DisMech
MONDO:0010017	https://dismech.monarchinitiative.org/pages/disorders/Sea-Blue_Histiocyte_Syndrome.html	MONDO:DisMech
MONDO:0010030	https://dismech.monarchinitiative.org/pages/disorders/Sjogrens_Syndrome.html	MONDO:DisMech
MONDO:0010035	https://dismech.monarchinitiative.org/pages/disorders/Smith-Lemli-Opitz_syndrome.html	MONDO:DisMech
MONDO:0010041	https://dismech.monarchinitiative.org/pages/disorders/Charlevoix-Saguenay_spastic_ataxia.html	MONDO:DisMech
MONDO:0010052	https://dismech.monarchinitiative.org/pages/disorders/SYCP3-related_spermatogenic_failure.html	MONDO:DisMech
MONDO:0010060	https://dismech.monarchinitiative.org/pages/disorders/Mitochondrial_DNA_Depletion_Syndrome_7.html	MONDO:DisMech
MONDO:0010079	https://dismech.monarchinitiative.org/pages/disorders/Canavan_Disease.html	MONDO:DisMech
MONDO:0010083	https://dismech.monarchinitiative.org/pages/disorders/Succinic_Semialdehyde_Dehydrogenase_Deficiency.html	MONDO:DisMech
MONDO:0010088	https://dismech.monarchinitiative.org/pages/disorders/Multiple_Sulfatase_Deficiency.html	MONDO:DisMech
MONDO:0010094	https://dismech.monarchinitiative.org/pages/disorders/Spondylocarpotarsal_Synostosis_Syndrome.html	MONDO:DisMech
MONDO:0010098	https://dismech.monarchinitiative.org/pages/disorders/Taurodontism.html	MONDO:DisMech
MONDO:0010099	https://dismech.monarchinitiative.org/pages/disorders/Tay-Sachs_Disease_AB_Variant.html	MONDO:DisMech
MONDO:0010100	https://dismech.monarchinitiative.org/pages/disorders/Tay-Sachs_Disease.html	MONDO:DisMech
MONDO:0010108	https://dismech.monarchinitiative.org/pages/disorders/Testicular_Germ_Cell_Tumor.html	MONDO:DisMech
MONDO:0010118	https://dismech.monarchinitiative.org/pages/disorders/Inherited_Threoninemia.html	MONDO:DisMech
MONDO:0010150	https://dismech.monarchinitiative.org/pages/disorders/HPV_Negative_Head_and_Neck_Cancer.html	MONDO:DisMech
MONDO:0010155	https://dismech.monarchinitiative.org/pages/disorders/Dorfman_Chanarin_Disease.html	MONDO:DisMech
MONDO:0010161	https://dismech.monarchinitiative.org/pages/disorders/Tyrosinemia_Type_I.html	MONDO:DisMech
MONDO:0010184	https://dismech.monarchinitiative.org/pages/disorders/MMACHC-related_Methylmalonic_Aciduria_and_Homocystinuria_cblC_Type.html	MONDO:DisMech
MONDO:0010188	https://dismech.monarchinitiative.org/pages/disorders/Familial_Isolated_Vitamin_E_Deficiency.html	MONDO:DisMech
MONDO:0010193	https://dismech.monarchinitiative.org/pages/disorders/Weaver_Syndrome.html	MONDO:DisMech
MONDO:0010200	https://dismech.monarchinitiative.org/pages/disorders/Wilsons_Disease.html	MONDO:DisMech
MONDO:0010221	https://dismech.monarchinitiative.org/pages/disorders/CHIME_syndrome.html	MONDO:DisMech
MONDO:0010232	https://dismech.monarchinitiative.org/pages/disorders/FLNA_Intestinal_Pseudoobstruction.html	MONDO:DisMech
MONDO:0010233	https://dismech.monarchinitiative.org/pages/disorders/Periventricular_Nodular_Heterotopia.html	MONDO:DisMech
MONDO:0010247	https://dismech.monarchinitiative.org/pages/disorders/X-Linked_Cerebral_Adrenoleukodystrophy.html	MONDO:DisMech
MONDO:0010268	https://dismech.monarchinitiative.org/pages/disorders/ARX-Related_Lissencephaly_and_Interneuronopathy.html	MONDO:DisMech
MONDO:0010275	https://dismech.monarchinitiative.org/pages/disorders/Spondyloepimetaphyseal_Dysplasia_Bieganski_Type.html	MONDO:DisMech
MONDO:0010279	https://dismech.monarchinitiative.org/pages/disorders/Terminal_Osseous_Dysplasia.html	MONDO:DisMech
MONDO:0010281	https://dismech.monarchinitiative.org/pages/disorders/Danon_disease.html	MONDO:DisMech
MONDO:0010298	https://dismech.monarchinitiative.org/pages/disorders/Lesch-Nyhan_Syndrome.html	MONDO:DisMech
MONDO:0010327	https://dismech.monarchinitiative.org/pages/disorders/HSD10_Mitochondrial_Disease.html	MONDO:DisMech
MONDO:0010371	https://dismech.monarchinitiative.org/pages/disorders/Aland_Island_Eye_Disease.html	MONDO:DisMech
MONDO:0010382	https://dismech.monarchinitiative.org/pages/disorders/Fragile_X-Associated_Tremor_Ataxia_Syndrome.html	MONDO:DisMech
MONDO:0010383	https://dismech.monarchinitiative.org/pages/disorders/Fragile_X_Syndrome.html	MONDO:DisMech
MONDO:0010395	https://dismech.monarchinitiative.org/pages/disorders/PRPS1_Superactivity.html	MONDO:DisMech
MONDO:0010421	https://dismech.monarchinitiative.org/pages/disorders/X-linked_Agammaglobulinemia.html	MONDO:DisMech
MONDO:0010434	https://dismech.monarchinitiative.org/pages/disorders/Synovial_Sarcoma.html	MONDO:DisMech
MONDO:0010436	https://dismech.monarchinitiative.org/pages/disorders/MECP2_Duplication_Syndrome.html	MONDO:DisMech
MONDO:0010457	https://dismech.monarchinitiative.org/pages/disorders/Ogden_syndrome.html	MONDO:DisMech
MONDO:0010478	https://dismech.monarchinitiative.org/pages/disorders/SLC35A2-CDG.html	MONDO:DisMech
MONDO:0010518	https://dismech.monarchinitiative.org/pages/disorders/Wiskott_Aldrich_Syndrome.html	MONDO:DisMech
MONDO:0010519	https://dismech.monarchinitiative.org/pages/disorders/ATR-X_Syndrome.html	MONDO:DisMech
MONDO:0010526	https://dismech.monarchinitiative.org/pages/disorders/Fabry_Disease.html	MONDO:DisMech
MONDO:0010532	https://dismech.monarchinitiative.org/pages/disorders/X-Linked_Infantile_Spinal_Muscular_Atrophy.html	MONDO:DisMech
MONDO:0010533	https://dismech.monarchinitiative.org/pages/disorders/Arts_syndrome.html	MONDO:DisMech
MONDO:0010533	https://dismech.monarchinitiative.org/pages/disorders/PRPS1_Deficiency_Spectrum.html	MONDO:DisMech
MONDO:0010535	https://dismech.monarchinitiative.org/pages/disorders/Bazex_Dupre_Christol_Syndrome.html	MONDO:DisMech
MONDO:0010537	https://dismech.monarchinitiative.org/pages/disorders/Borjeson-Forssman-Lehmann_syndrome.html	MONDO:DisMech
MONDO:0010543	https://dismech.monarchinitiative.org/pages/disorders/Barth_Syndrome.html	MONDO:DisMech
MONDO:0010561	https://dismech.monarchinitiative.org/pages/disorders/Coffin-Lowry_Syndrome.html	MONDO:DisMech
MONDO:0010568	https://dismech.monarchinitiative.org/pages/disorders/Aicardi_Syndrome.html	MONDO:DisMech
MONDO:0010580	https://dismech.monarchinitiative.org/pages/disorders/IPEX_Syndrome.html	MONDO:DisMech
MONDO:0010585	https://dismech.monarchinitiative.org/pages/disorders/X-linked_Hypohidrotic_Ectodermal_Dysplasia.html	MONDO:DisMech
MONDO:0010592	https://dismech.monarchinitiative.org/pages/disorders/Focal_Dermal_Hypoplasia.html	MONDO:DisMech
MONDO:0010602	https://dismech.monarchinitiative.org/pages/disorders/Hemophilia_A.html	MONDO:DisMech
MONDO:0010604	https://dismech.monarchinitiative.org/pages/disorders/Hemophilia_B.html	MONDO:DisMech
MONDO:0010619	https://dismech.monarchinitiative.org/pages/disorders/X-Linked_Hypophosphatemia.html	MONDO:DisMech
MONDO:0010645	https://dismech.monarchinitiative.org/pages/disorders/Lowe_Syndrome.html	MONDO:DisMech
MONDO:0010651	https://dismech.monarchinitiative.org/pages/disorders/Menkes_Disease.html	MONDO:DisMech
MONDO:0010653	https://dismech.monarchinitiative.org/pages/disorders/Renpenning_syndrome.html	MONDO:DisMech
MONDO:0010663	https://dismech.monarchinitiative.org/pages/disorders/ATRX_Syndrome.html	MONDO:DisMech
MONDO:0010674	https://dismech.monarchinitiative.org/pages/disorders/Hunter_syndrome.html	MONDO:DisMech
MONDO:0010679	https://dismech.monarchinitiative.org/pages/disorders/Duchenne_Muscular_Dystrophy.html	MONDO:DisMech
MONDO:0010702	https://dismech.monarchinitiative.org/pages/disorders/Orofaciodigital_Syndrome_Type_I.html	MONDO:DisMech
MONDO:0010703	https://dismech.monarchinitiative.org/pages/disorders/Ornithine_Carbamoyltransferase_Deficiency.html	MONDO:DisMech
MONDO:0010711	https://dismech.monarchinitiative.org/pages/disorders/TARP_syndrome.html	MONDO:DisMech
MONDO:0010714	https://dismech.monarchinitiative.org/pages/disorders/Pelizaeus_Merzbacher_Disease.html	MONDO:DisMech
MONDO:0010720	https://dismech.monarchinitiative.org/pages/disorders/Partial_Androgen_Insensitivity_Syndrome.html	MONDO:DisMech
MONDO:0010726	https://dismech.monarchinitiative.org/pages/disorders/Rett_Syndrome.html	MONDO:DisMech
MONDO:0010735	https://dismech.monarchinitiative.org/pages/disorders/Kennedy_Disease.html	MONDO:DisMech
MONDO:0010747	https://dismech.monarchinitiative.org/pages/disorders/X-linked_Dystonia-Parkinsonism.html	MONDO:DisMech
MONDO:0010758	https://dismech.monarchinitiative.org/pages/disorders/Wieacker_Wolff_Syndrome.html	MONDO:DisMech
MONDO:0010765	https://dismech.monarchinitiative.org/pages/disorders/46_XY_complete_gonadal_dysgenesis.html	MONDO:DisMech
MONDO:0010789	https://dismech.monarchinitiative.org/pages/disorders/MELAS_Syndrome.html	MONDO:DisMech
MONDO:0010794	https://dismech.monarchinitiative.org/pages/disorders/NARP_syndrome.html	MONDO:DisMech
MONDO:0010811	https://dismech.monarchinitiative.org/pages/disorders/Benign_Prostatic_Hyperplasia.html	MONDO:DisMech
MONDO:0010857	https://dismech.monarchinitiative.org/pages/disorders/Semantic_Dementia.html	MONDO:DisMech
MONDO:0010886	https://dismech.monarchinitiative.org/pages/disorders/2q37_Microdeletion_Syndrome.html	MONDO:DisMech
MONDO:0010889	https://dismech.monarchinitiative.org/pages/disorders/Arterial_Dissection_Lentiginosis_Syndrome.html	MONDO:DisMech
MONDO:0010922	https://dismech.monarchinitiative.org/pages/disorders/Satoyoshi_Syndrome.html	MONDO:DisMech
MONDO:0010924	https://dismech.monarchinitiative.org/pages/disorders/D-2-Hydroxyglutaric_Aciduria.html	MONDO:DisMech
MONDO:0010947	https://dismech.monarchinitiative.org/pages/disorders/Budd-Chiari_Syndrome.html	MONDO:DisMech
MONDO:0010958	https://dismech.monarchinitiative.org/pages/disorders/ANK2_Ankyrin_B_Syndrome.html	MONDO:DisMech
MONDO:0010962	https://dismech.monarchinitiative.org/pages/disorders/Diffuse_Nonepidermolytic_Palmoplantar_Keratoderma.html	MONDO:DisMech
MONDO:0010979	https://dismech.monarchinitiative.org/pages/disorders/Timothy_Syndrome.html	MONDO:DisMech
MONDO:0010992	https://dismech.monarchinitiative.org/pages/disorders/Ayme-Gripp_Syndrome.html	MONDO:DisMech
MONDO:0011010	https://dismech.monarchinitiative.org/pages/disorders/STRA6-related_syndromic_microphthalmia.html	MONDO:DisMech
MONDO:0011014	https://dismech.monarchinitiative.org/pages/disorders/Pleuropulmonary_Blastoma.html	MONDO:DisMech
MONDO:0011093	https://dismech.monarchinitiative.org/pages/disorders/Mucopolysaccharidosis_type_IX.html	MONDO:DisMech
MONDO:0011107	https://dismech.monarchinitiative.org/pages/disorders/Hypotrichosis_with_Juvenile_Macular_Dystrophy.html	MONDO:DisMech
MONDO:0011122	https://dismech.monarchinitiative.org/pages/disorders/Obesity.html	MONDO:DisMech
MONDO:0011122	https://dismech.monarchinitiative.org/pages/disorders/Obesity_Due_to_MC4R_Pathway_Disruption.html	MONDO:DisMech
MONDO:0011147	https://dismech.monarchinitiative.org/pages/disorders/Chromosome_18q_Deletion_Syndrome.html	MONDO:DisMech
MONDO:0011150	https://dismech.monarchinitiative.org/pages/disorders/Penttinen_Premature_Aging_Syndrome.html	MONDO:DisMech
MONDO:0011159	https://dismech.monarchinitiative.org/pages/disorders/COL11A2_Hearing_Loss.html	MONDO:DisMech
MONDO:0011177	https://dismech.monarchinitiative.org/pages/disorders/KRT85_Ectodermal_Dysplasia.html	MONDO:DisMech
MONDO:0011208	https://dismech.monarchinitiative.org/pages/disorders/Malignant_Atrophic_Papulosis.html	MONDO:DisMech
MONDO:0011224	https://dismech.monarchinitiative.org/pages/disorders/Monomelic_Amyotrophy.html	MONDO:DisMech
MONDO:0011243	https://dismech.monarchinitiative.org/pages/disorders/Grange_syndrome.html	MONDO:DisMech
MONDO:0011274	https://dismech.monarchinitiative.org/pages/disorders/Muenke_Syndrome.html	MONDO:DisMech
MONDO:0011275	https://dismech.monarchinitiative.org/pages/disorders/Acromesomelic_Dysplasia_Maroteaux_Type.html	MONDO:DisMech
MONDO:0011323	https://dismech.monarchinitiative.org/pages/disorders/Bosma_Arhinia_Microphthalmia_Syndrome.html	MONDO:DisMech
MONDO:0011382	https://dismech.monarchinitiative.org/pages/disorders/Sickle_Cell_Disease.html	MONDO:DisMech
MONDO:0011399	https://dismech.monarchinitiative.org/pages/disorders/Alpha_Thalassemia.html	MONDO:DisMech
MONDO:0011426	https://dismech.monarchinitiative.org/pages/disorders/aceruloplasminemia.html	MONDO:DisMech
MONDO:0011429	https://dismech.monarchinitiative.org/pages/disorders/Juvenile_Idiopathic_Arthritis.html	MONDO:DisMech
MONDO:0011436	https://dismech.monarchinitiative.org/pages/disorders/Spinal_Muscular_Atrophy_with_Respiratory_Distress_Type_1.html	MONDO:DisMech
MONDO:0011438	https://dismech.monarchinitiative.org/pages/disorders/Acne_Vulgaris.html	MONDO:DisMech
MONDO:0011449	https://dismech.monarchinitiative.org/pages/disorders/Salla_Disease.html	MONDO:DisMech
MONDO:0011450	https://dismech.monarchinitiative.org/pages/disorders/Hereditary_Breast_and_Ovarian_Cancer_Syndrome.html	MONDO:DisMech
MONDO:0011451	https://dismech.monarchinitiative.org/pages/disorders/SCO2-Related_Fatal_Infantile_Cardioencephalomyopathy.html	MONDO:DisMech
MONDO:0011479	https://dismech.monarchinitiative.org/pages/disorders/Postural_Orthostatic_Tachycardia_Syndrome.html	MONDO:DisMech
MONDO:0011510	https://dismech.monarchinitiative.org/pages/disorders/Bohring-Opitz_syndrome.html	MONDO:DisMech
MONDO:0011518	https://dismech.monarchinitiative.org/pages/disorders/Wiedemann-Steiner_Syndrome.html	MONDO:DisMech
MONDO:0011533	https://dismech.monarchinitiative.org/pages/disorders/Temtamy_Preaxial_Brachydactyly_Syndrome.html	MONDO:DisMech
MONDO:0011551	https://dismech.monarchinitiative.org/pages/disorders/Autosomal_Recessive_Dopa_Responsive_Dystonia.html	MONDO:DisMech
MONDO:0011581	https://dismech.monarchinitiative.org/pages/disorders/Carvajal_Syndrome.html	MONDO:DisMech
MONDO:0011610	https://dismech.monarchinitiative.org/pages/disorders/Dimethylglycine_Dehydrogenase_Deficiency.html	MONDO:DisMech
MONDO:0011612	https://dismech.monarchinitiative.org/pages/disorders/Nonketotic_Hyperglycinemia.html	MONDO:DisMech
MONDO:0011614	https://dismech.monarchinitiative.org/pages/disorders/3-Hydroxy-3-Methylglutaryl-CoA_Synthase_Deficiency.html	MONDO:DisMech
MONDO:0011624	https://dismech.monarchinitiative.org/pages/disorders/Transaldolase_Deficiency.html	MONDO:DisMech
MONDO:0011628	https://dismech.monarchinitiative.org/pages/disorders/Propionic_Acidemia.html	MONDO:DisMech
MONDO:0011638	https://dismech.monarchinitiative.org/pages/disorders/neuroferritinopathy.html	MONDO:DisMech
MONDO:0011640	https://dismech.monarchinitiative.org/pages/disorders/Genitopatellar_Syndrome.html	MONDO:DisMech
MONDO:0011644	https://dismech.monarchinitiative.org/pages/disorders/Pars_Planitis.html	MONDO:DisMech
MONDO:0011652	https://dismech.monarchinitiative.org/pages/disorders/Phelan-McDermid_Syndrome.html	MONDO:DisMech
MONDO:0011655	https://dismech.monarchinitiative.org/pages/disorders/Alveolar_Soft_Part_Sarcoma.html	MONDO:DisMech
MONDO:0011669	https://dismech.monarchinitiative.org/pages/disorders/Hypotonia-Cystinuria_Syndrome.html	MONDO:DisMech
MONDO:0011671	https://dismech.monarchinitiative.org/pages/disorders/Huntington_Disease-like_2.html	MONDO:DisMech
MONDO:0011705	https://dismech.monarchinitiative.org/pages/disorders/Lymphangioleiomyomatosis.html	MONDO:DisMech
MONDO:0011706	https://dismech.monarchinitiative.org/pages/disorders/Kufor-Rakeb_syndrome.html	MONDO:DisMech
MONDO:0011719	https://dismech.monarchinitiative.org/pages/disorders/Gastrointestinal_Stromal_Tumor.html	MONDO:DisMech
MONDO:0011738	https://dismech.monarchinitiative.org/pages/disorders/ADGRG1_Bilateral_Frontoparietal_Polymicrogyria.html	MONDO:DisMech
MONDO:0011740	https://dismech.monarchinitiative.org/pages/disorders/Carney-Stratakis_Syndrome.html	MONDO:DisMech
MONDO:0011758	https://dismech.monarchinitiative.org/pages/disorders/Hurler_syndrome.html	MONDO:DisMech
MONDO:0011776	https://dismech.monarchinitiative.org/pages/disorders/CINCA_Syndrome.html	MONDO:DisMech
MONDO:0011778	https://dismech.monarchinitiative.org/pages/disorders/Multiple_Epiphyseal_Dysplasia_Al-Gazali_Type.html	MONDO:DisMech
MONDO:0011781	https://dismech.monarchinitiative.org/pages/disorders/Spinocerebellar_Ataxia_Type_17.html	MONDO:DisMech
MONDO:0011783	https://dismech.monarchinitiative.org/pages/disorders/ALG12_Congenital_Disorder_of_Glycosylation.html	MONDO:DisMech
MONDO:0011811	https://dismech.monarchinitiative.org/pages/disorders/AR_Cerebellar_Ataxia-Saccadic_Intrusion_Syndrome.html	MONDO:DisMech
MONDO:0011812	https://dismech.monarchinitiative.org/pages/disorders/Duane_Radial_Ray_Syndrome.html	MONDO:DisMech
MONDO:0011827	https://dismech.monarchinitiative.org/pages/disorders/Patent_Ductus_Arteriosus.html	MONDO:DisMech
MONDO:0011831	https://dismech.monarchinitiative.org/pages/disorders/DSP_Cardiomyopathy.html	MONDO:DisMech
MONDO:0011835	https://dismech.monarchinitiative.org/pages/disorders/Sensory_Ataxic_Neuropathy_Dysarthria_Ophthalmoparesis.html	MONDO:DisMech
MONDO:0011841	https://dismech.monarchinitiative.org/pages/disorders/Biotin_Thiamine_Responsive_Basal_Ganglia_Disease.html	MONDO:DisMech
MONDO:0011849	https://dismech.monarchinitiative.org/pages/disorders/Psoriatic_Arthritis.html	MONDO:DisMech
MONDO:0011871	https://dismech.monarchinitiative.org/pages/disorders/Niemann-Pick_Disease_Type_B.html	MONDO:DisMech
MONDO:0011882	https://dismech.monarchinitiative.org/pages/disorders/Skin_Fragility_Woolly_Hair_Syndrome.html	MONDO:DisMech
MONDO:0011897	https://dismech.monarchinitiative.org/pages/disorders/Hypomyelinating_Leukodystrophy_7.html	MONDO:DisMech
MONDO:0011908	https://dismech.monarchinitiative.org/pages/disorders/Juvenile_Myelomonocytic_Leukemia.html	MONDO:DisMech
MONDO:0011934	https://dismech.monarchinitiative.org/pages/disorders/Dermatofibrosarcoma_Protuberans.html	MONDO:DisMech
MONDO:0011959	https://dismech.monarchinitiative.org/pages/disorders/Sweet_Syndrome.html	MONDO:DisMech
MONDO:0011962	https://dismech.monarchinitiative.org/pages/disorders/MSI_High_Endometrial_Cancer.html	MONDO:DisMech
MONDO:0011979	https://dismech.monarchinitiative.org/pages/disorders/Adult_Onset_Foveomacular_Vitelliform_Dystrophy.html	MONDO:DisMech
MONDO:0011989	https://dismech.monarchinitiative.org/pages/disorders/Leishmaniasis.html	MONDO:DisMech
MONDO:0011996	https://dismech.monarchinitiative.org/pages/disorders/Chronic_Myeloid_Leukemia.html	MONDO:DisMech
MONDO:0012016	https://dismech.monarchinitiative.org/pages/disorders/Capillary_Malformation-Arteriovenous_Malformation_Syndrome.html	MONDO:DisMech
MONDO:0012061	https://dismech.monarchinitiative.org/pages/disorders/Familial_Sick_Sinus_Syndrome.html	MONDO:DisMech
MONDO:0012081	https://dismech.monarchinitiative.org/pages/disorders/15q11q13_Microduplication_Syndrome.html	MONDO:DisMech
MONDO:0012084	https://dismech.monarchinitiative.org/pages/disorders/Aromatic_L_Amino_Acid_Decarboxylase_Deficiency.html	MONDO:DisMech
MONDO:0012104	https://dismech.monarchinitiative.org/pages/disorders/Acquired_Partial_Lipodystrophy.html	MONDO:DisMech
MONDO:0012105	https://dismech.monarchinitiative.org/pages/disorders/Granulomatosis_with_Polyangiitis.html	MONDO:DisMech
MONDO:0012110	https://dismech.monarchinitiative.org/pages/disorders/IGF1_Deficiency.html	MONDO:DisMech
MONDO:0012117	https://dismech.monarchinitiative.org/pages/disorders/ALG9-congenital_disorder_of_glycosylation.html	MONDO:DisMech
MONDO:0012118	https://dismech.monarchinitiative.org/pages/disorders/COG7-Congenital_Disorder_of_Glycosylation.html	MONDO:DisMech
MONDO:0012164	https://dismech.monarchinitiative.org/pages/disorders/Meacham_syndrome.html	MONDO:DisMech
MONDO:0012172	https://dismech.monarchinitiative.org/pages/disorders/Mitochondrial_Trifunctional_Protein_Deficiency.html	MONDO:DisMech
MONDO:0012173	https://dismech.monarchinitiative.org/pages/disorders/Long-Chain_3-Hydroxyacyl-CoA_Dehydrogenase_Deficiency.html	MONDO:DisMech
MONDO:0012180	https://dismech.monarchinitiative.org/pages/disorders/PKP2_Cardiomyopathy.html	MONDO:DisMech
MONDO:0012198	https://dismech.monarchinitiative.org/pages/disorders/PCWH_syndrome.html	MONDO:DisMech
MONDO:0012211	https://dismech.monarchinitiative.org/pages/disorders/MPDU1-congenital_disorder_of_glycosylation.html	MONDO:DisMech
MONDO:0012221	https://dismech.monarchinitiative.org/pages/disorders/Schindler_Disease.html	MONDO:DisMech
MONDO:0012222	https://dismech.monarchinitiative.org/pages/disorders/Kanzaki_Disease.html	MONDO:DisMech
MONDO:0012251	https://dismech.monarchinitiative.org/pages/disorders/MEDNIK_syndrome.html	MONDO:DisMech
MONDO:0012268	https://dismech.monarchinitiative.org/pages/disorders/Acquired_Immunodeficiency_Syndrome.html	MONDO:DisMech
MONDO:0012324	https://dismech.monarchinitiative.org/pages/disorders/Frias_Syndrome.html	MONDO:DisMech
MONDO:0012392	https://dismech.monarchinitiative.org/pages/disorders/2-Methylbutyryl-CoA_Dehydrogenase_Deficiency.html	MONDO:DisMech
MONDO:0012455	https://dismech.monarchinitiative.org/pages/disorders/Kleefstra_Syndrome.html	MONDO:DisMech
MONDO:0012496	https://dismech.monarchinitiative.org/pages/disorders/Koolen_de_Vries_syndrome.html	MONDO:DisMech
MONDO:0012516	https://dismech.monarchinitiative.org/pages/disorders/Mandibulofacial_Dysostosis_with_Microcephaly.html	MONDO:DisMech
MONDO:0012517	https://dismech.monarchinitiative.org/pages/disorders/Gaucher_Disease_Due_To_Saposin_C_Deficiency.html	MONDO:DisMech
MONDO:0012536	https://dismech.monarchinitiative.org/pages/disorders/Osteogenesis_Imperfecta_Type_VII.html	MONDO:DisMech
MONDO:0012545	https://dismech.monarchinitiative.org/pages/disorders/Neutral_Lipid_Storage_Myopathy.html	MONDO:DisMech
MONDO:0012549	https://dismech.monarchinitiative.org/pages/disorders/Autosomal_Recessive_Ataxia_Beauce_Type.html	MONDO:DisMech
MONDO:0012556	https://dismech.monarchinitiative.org/pages/disorders/DK1-congenital_disorder_of_glycosylation.html	MONDO:DisMech
MONDO:0012580	https://dismech.monarchinitiative.org/pages/disorders/Hereditary_Pulmonary_Alveolar_Proteinosis.html	MONDO:DisMech
MONDO:0012581	https://dismech.monarchinitiative.org/pages/disorders/Osteogenesis_Imperfecta_Type_VIII.html	MONDO:DisMech
MONDO:0012588	https://dismech.monarchinitiative.org/pages/disorders/Neuronal_Ceroid_Lipofuscinosis_7.html	MONDO:DisMech
MONDO:0012591	https://dismech.monarchinitiative.org/pages/disorders/Osteogenesis_Imperfecta_Type_V.html	MONDO:DisMech
MONDO:0012592	https://dismech.monarchinitiative.org/pages/disorders/Osteogenesis_Imperfecta_Type_XI.html	MONDO:DisMech
MONDO:0012634	https://dismech.monarchinitiative.org/pages/disorders/IRX5-related_Craniofacial_Dysostosis_with_Osteopenia_Intellectual_Disability_and_Dental_Anomalies.html	MONDO:DisMech
MONDO:0012637	https://dismech.monarchinitiative.org/pages/disorders/COG1-congenital_disorder_of_glycosylation.html	MONDO:DisMech
MONDO:0012648	https://dismech.monarchinitiative.org/pages/disorders/Isobutyryl-CoA_Dehydrogenase_Deficiency.html	MONDO:DisMech
MONDO:0012650	https://dismech.monarchinitiative.org/pages/disorders/Cernunnos-XLF_deficiency.html	MONDO:DisMech
MONDO:0012700	https://dismech.monarchinitiative.org/pages/disorders/Renal_Tubular_Acidosis_Distal_4_with_Hemolytic_Anemia.html	MONDO:DisMech
MONDO:0012703	https://dismech.monarchinitiative.org/pages/disorders/TUBA1A-related_Tubulinopathy.html	MONDO:DisMech
MONDO:0012719	https://dismech.monarchinitiative.org/pages/disorders/Combined_Saposin_Deficiency.html	MONDO:DisMech
MONDO:0012720	https://dismech.monarchinitiative.org/pages/disorders/Krabbe_Disease_Due_To_Saposin_A_Deficiency.html	MONDO:DisMech
MONDO:0012723	https://dismech.monarchinitiative.org/pages/disorders/Leber_Congenital_Amaurosis_10.html	MONDO:DisMech
MONDO:0012727	https://dismech.monarchinitiative.org/pages/disorders/Kawasaki_Disease.html	MONDO:DisMech
MONDO:0012735	https://dismech.monarchinitiative.org/pages/disorders/Temple-Baraitser_Syndrome.html	MONDO:DisMech
MONDO:0012784	https://dismech.monarchinitiative.org/pages/disorders/Autosomal_Recessive_Ataxia_Due_to_Ubiquinone_Deficiency.html	MONDO:DisMech
MONDO:0012806	https://dismech.monarchinitiative.org/pages/disorders/Ectodermal_Dysplasia_and_Immunodeficiency_2.html	MONDO:DisMech
MONDO:0012817	https://dismech.monarchinitiative.org/pages/disorders/Ewing_Sarcoma.html	MONDO:DisMech
MONDO:0012833	https://dismech.monarchinitiative.org/pages/disorders/Crouzon_Syndrome_with_Acanthosis_Nigricans.html	MONDO:DisMech
MONDO:0012853	https://dismech.monarchinitiative.org/pages/disorders/Fontaine_Progeroid_Syndrome.html	MONDO:DisMech
MONDO:0012864	https://dismech.monarchinitiative.org/pages/disorders/Chromosome_2q32-q33_Deletion_Syndrome.html	MONDO:DisMech
MONDO:0012883	https://dismech.monarchinitiative.org/pages/disorders/APL_PML_RARA.html	MONDO:DisMech
MONDO:0012912	https://dismech.monarchinitiative.org/pages/disorders/Pseudopseudohypoparathyroidism.html	MONDO:DisMech
MONDO:0012984	https://dismech.monarchinitiative.org/pages/disorders/PHARC_syndrome.html	MONDO:DisMech
MONDO:0012992	https://dismech.monarchinitiative.org/pages/disorders/COX4I2-Related_Pancreatic_Insufficiency-Anemia-Hyperostosis_Syndrome.html	MONDO:DisMech
MONDO:0012996	https://dismech.monarchinitiative.org/pages/disorders/AGAT_Deficiency.html	MONDO:DisMech
MONDO:0012999	https://dismech.monarchinitiative.org/pages/disorders/Guanidinoacetate_Methyltransferase_Deficiency.html	MONDO:DisMech
MONDO:0013000	https://dismech.monarchinitiative.org/pages/disorders/Porphyria_due_to_ALA_Dehydratase_Deficiency.html	MONDO:DisMech
MONDO:0013005	https://dismech.monarchinitiative.org/pages/disorders/EAST_Syndrome.html	MONDO:DisMech
MONDO:0013034	https://dismech.monarchinitiative.org/pages/disorders/Striate_Palmoplantar_Keratoderma_Type_2.html	MONDO:DisMech
MONDO:0013038	https://dismech.monarchinitiative.org/pages/disorders/CLOVES_Syndrome.html	MONDO:DisMech
MONDO:0013060	https://dismech.monarchinitiative.org/pages/disorders/Adult_Onset_Dystonia_Parkinsonism.html	MONDO:DisMech
MONDO:0013074	https://dismech.monarchinitiative.org/pages/disorders/Encephalocraniocutaneous_Lipomatosis.html	MONDO:DisMech
MONDO:0013150	https://dismech.monarchinitiative.org/pages/disorders/Infantile_Parkinsonism-Dystonia.html	MONDO:DisMech
MONDO:0013202	https://dismech.monarchinitiative.org/pages/disorders/SOX10_Neurocristopathy_Spectrum.html	MONDO:DisMech
MONDO:0013252	https://dismech.monarchinitiative.org/pages/disorders/Warsaw_breakage_syndrome.html	MONDO:DisMech
MONDO:0013282	https://dismech.monarchinitiative.org/pages/disorders/Alpha_1_Antitrypsin_Deficiency.html	MONDO:DisMech
MONDO:0013291	https://dismech.monarchinitiative.org/pages/disorders/Glycogen_Storage_Disease_XV.html	MONDO:DisMech
MONDO:0013301	https://dismech.monarchinitiative.org/pages/disorders/Aromatase_Deficiency.html	MONDO:DisMech
MONDO:0013317	https://dismech.monarchinitiative.org/pages/disorders/Torsade_De_Pointes_Syndrome_With_Short_Coupling_Interval.html	MONDO:DisMech
MONDO:0013342	https://dismech.monarchinitiative.org/pages/disorders/Hereditary_Spastic_Paraplegia_48.html	MONDO:DisMech
MONDO:0013433	https://dismech.monarchinitiative.org/pages/disorders/Primary_Sclerosing_Cholangitis.html	MONDO:DisMech
MONDO:0013452	https://dismech.monarchinitiative.org/pages/disorders/Multisystemic_Smooth_Muscle_Dysfunction_Syndrome.html	MONDO:DisMech
MONDO:0013453	https://dismech.monarchinitiative.org/pages/disorders/CRB1_Retinal_Dystrophies.html	MONDO:DisMech
MONDO:0013459	https://dismech.monarchinitiative.org/pages/disorders/Osteogenesis_Imperfecta_Type_X.html	MONDO:DisMech
MONDO:0013460	https://dismech.monarchinitiative.org/pages/disorders/Osteogenesis_Imperfecta_Type_XII.html	MONDO:DisMech
MONDO:0013515	https://dismech.monarchinitiative.org/pages/disorders/Osteogenesis_Imperfecta_Type_VI.html	MONDO:DisMech
MONDO:0013523	https://dismech.monarchinitiative.org/pages/disorders/Nestor-Guillermo_progeria_syndrome.html	MONDO:DisMech
MONDO:0013540	https://dismech.monarchinitiative.org/pages/disorders/Deafness-Lymphedema-Leukemia_Syndrome.html	MONDO:DisMech
MONDO:0013578	https://dismech.monarchinitiative.org/pages/disorders/DYRK1A_Syndrome.html	MONDO:DisMech
MONDO:0013585	https://dismech.monarchinitiative.org/pages/disorders/Hydrolethalus_Syndrome_2.html	MONDO:DisMech
MONDO:0013626	https://dismech.monarchinitiative.org/pages/disorders/Psoriasis_14_Pustular.html	MONDO:DisMech
MONDO:0013762	https://dismech.monarchinitiative.org/pages/disorders/Lipoic_Acid_Synthetase_Deficiency.html	MONDO:DisMech
MONDO:0013772	https://dismech.monarchinitiative.org/pages/disorders/Huppke-Brendel_syndrome.html	MONDO:DisMech
MONDO:0013785	https://dismech.monarchinitiative.org/pages/disorders/CRADD-Related_Thin_Lissencephaly.html	MONDO:DisMech
MONDO:0013863	https://dismech.monarchinitiative.org/pages/disorders/LRBA_Deficiency.html	MONDO:DisMech
MONDO:0013869	https://dismech.monarchinitiative.org/pages/disorders/Adenine_Phosphoribosyltransferase_Deficiency.html	MONDO:DisMech
MONDO:0013885	https://dismech.monarchinitiative.org/pages/disorders/Malan_Syndrome.html	MONDO:DisMech
MONDO:0013902	https://dismech.monarchinitiative.org/pages/disorders/Aortic_Valve_Disease_2.html	MONDO:DisMech
MONDO:0013924	https://dismech.monarchinitiative.org/pages/disorders/Osteogenesis_Imperfecta_Type_XIII.html	MONDO:DisMech
MONDO:0013934	https://dismech.monarchinitiative.org/pages/disorders/STK4_Deficiency.html	MONDO:DisMech
MONDO:0013970	https://dismech.monarchinitiative.org/pages/disorders/BCKDK_Deficiency.html	MONDO:DisMech
MONDO:0013983	https://dismech.monarchinitiative.org/pages/disorders/EDARADD_Hypohidrotic_Ectodermal_Dysplasia.html	MONDO:DisMech
MONDO:0014029	https://dismech.monarchinitiative.org/pages/disorders/Osteogenesis_Imperfecta_Type_XIV.html	MONDO:DisMech
MONDO:0014051	https://dismech.monarchinitiative.org/pages/disorders/COX15-Related_COX_Deficiency.html	MONDO:DisMech
MONDO:0014054	https://dismech.monarchinitiative.org/pages/disorders/CD27-related_lymphoproliferative_and_immune_disorder.html	MONDO:DisMech
MONDO:0014086	https://dismech.monarchinitiative.org/pages/disorders/Osteogenesis_Imperfecta_Type_XV.html	MONDO:DisMech
MONDO:0014196	https://dismech.monarchinitiative.org/pages/disorders/Hartsfield_Syndrome.html	MONDO:DisMech
MONDO:0014213	https://dismech.monarchinitiative.org/pages/disorders/CTCF-related_Neurodevelopmental_Disorder.html	MONDO:DisMech
MONDO:0014306	https://dismech.monarchinitiative.org/pages/disorders/Deficiency_of_Adenosine_Deaminase_2.html	MONDO:DisMech
MONDO:0014320	https://dismech.monarchinitiative.org/pages/disorders/Bosch-Boonstra-Schaaf_Optic_Atrophy_Syndrome.html	MONDO:DisMech
MONDO:0014321	https://dismech.monarchinitiative.org/pages/disorders/STAG3-related_gametogenic_failure.html	MONDO:DisMech
MONDO:0014322	https://dismech.monarchinitiative.org/pages/disorders/HFM1-related_gametogenic_failure.html	MONDO:DisMech
MONDO:0014379	https://dismech.monarchinitiative.org/pages/disorders/ADNP-Related_Syndrome.html	MONDO:DisMech
MONDO:0014382	https://dismech.monarchinitiative.org/pages/disorders/Tatton-Brown-Rahman_overgrowth_syndrome.html	MONDO:DisMech
MONDO:0014405	https://dismech.monarchinitiative.org/pages/disorders/STING_Associated_Vasculopathy_with_Onset_in_Infancy.html	MONDO:DisMech
MONDO:0014464	https://dismech.monarchinitiative.org/pages/disorders/DECR_Deficiency.html	MONDO:DisMech
MONDO:0014482	https://dismech.monarchinitiative.org/pages/disorders/SETBP1_Disorder.html	MONDO:DisMech
MONDO:0014493	https://dismech.monarchinitiative.org/pages/disorders/CTLA4_Haploinsufficiency.html	MONDO:DisMech
MONDO:0014544	https://dismech.monarchinitiative.org/pages/disorders/Osteogenesis_Imperfecta_Type_XVI.html	MONDO:DisMech
MONDO:0014572	https://dismech.monarchinitiative.org/pages/disorders/Lichtenstein-Knorr_Syndrome.html	MONDO:DisMech
MONDO:0014576	https://dismech.monarchinitiative.org/pages/disorders/Lipoyl_Transferase_1_Deficiency.html	MONDO:DisMech
MONDO:0014629	https://dismech.monarchinitiative.org/pages/disorders/COPA_Syndrome.html	MONDO:DisMech
MONDO:0014658	https://dismech.monarchinitiative.org/pages/disorders/SADDAN.html	MONDO:DisMech
MONDO:0014672	https://dismech.monarchinitiative.org/pages/disorders/Osteogenesis_Imperfecta_Type_XVII.html	MONDO:DisMech
MONDO:0014704	https://dismech.monarchinitiative.org/pages/disorders/Kosaki_Overgrowth_Syndrome.html	MONDO:DisMech
MONDO:0014706	https://dismech.monarchinitiative.org/pages/disorders/ALDH18A1_Cutis_Laxa.html	MONDO:DisMech
MONDO:0014715	https://dismech.monarchinitiative.org/pages/disorders/STAT2_Deficiency.html	MONDO:DisMech
MONDO:0014720	https://dismech.monarchinitiative.org/pages/disorders/Autosomal_Dominant_Optic_Atrophy_Plus.html	MONDO:DisMech
MONDO:0014722	https://dismech.monarchinitiative.org/pages/disorders/Roifman-syndrome.html	MONDO:DisMech
MONDO:0014744	https://dismech.monarchinitiative.org/pages/disorders/CALFAN_Syndrome.html	MONDO:DisMech
MONDO:0014803	https://dismech.monarchinitiative.org/pages/disorders/Spasticity-Ataxia-Gait_Anomalies_Syndrome.html	MONDO:DisMech
MONDO:0014805	https://dismech.monarchinitiative.org/pages/disorders/Hao-Fountain_syndrome.html	MONDO:DisMech
MONDO:0014848	https://dismech.monarchinitiative.org/pages/disorders/You-Hoover-Fong_Syndrome.html	MONDO:DisMech
MONDO:0014893	https://dismech.monarchinitiative.org/pages/disorders/Okur_Chung_neurodevelopmental_syndrome.html	MONDO:DisMech
MONDO:0014918	https://dismech.monarchinitiative.org/pages/disorders/Tall_Stature-Intellectual_Disability-Renal_Anomalies_Syndrome.html	MONDO:DisMech
MONDO:0014936	https://dismech.monarchinitiative.org/pages/disorders/ZTTK_syndrome.html	MONDO:DisMech
MONDO:0014946	https://dismech.monarchinitiative.org/pages/disorders/Sifrim-Hitz-Weiss_Syndrome.html	MONDO:DisMech
MONDO:0015066	https://dismech.monarchinitiative.org/pages/disorders/Appendiceal_Neuroendocrine_Tumor.html	MONDO:DisMech
MONDO:0015096	https://dismech.monarchinitiative.org/pages/disorders/Congenital_Hypofibrinogenemia.html	MONDO:DisMech
MONDO:0015128	https://dismech.monarchinitiative.org/pages/disorders/Addisons_Disease.html	MONDO:DisMech
MONDO:0015129	https://dismech.monarchinitiative.org/pages/disorders/Chronic_Primary_Adrenal_Insufficiency.html	MONDO:DisMech
MONDO:0015166	https://dismech.monarchinitiative.org/pages/disorders/Core_Binding_Factor_AML.html	MONDO:DisMech
MONDO:0015167	https://dismech.monarchinitiative.org/pages/disorders/Amniotic_Band_Syndrome.html	MONDO:DisMech
MONDO:0015168	https://dismech.monarchinitiative.org/pages/disorders/Arthrogryposis_Multiplex_Congenita.html	MONDO:DisMech
MONDO:0015203	https://dismech.monarchinitiative.org/pages/disorders/Coronary_Artery_Congenital_Malformation.html	MONDO:DisMech
MONDO:0015229	https://dismech.monarchinitiative.org/pages/disorders/Bardet-Biedl_Syndrome.html	MONDO:DisMech
MONDO:0015231	https://dismech.monarchinitiative.org/pages/disorders/Bartter_Syndrome.html	MONDO:DisMech
MONDO:0015253	https://dismech.monarchinitiative.org/pages/disorders/Diamond-Blackfan_Anemia.html	MONDO:DisMech
MONDO:0015254	https://dismech.monarchinitiative.org/pages/disorders/Schistosomiasis.html	MONDO:DisMech
MONDO:0015262	https://dismech.monarchinitiative.org/pages/disorders/Brachyolmia.html	MONDO:DisMech
MONDO:0015263	https://dismech.monarchinitiative.org/pages/disorders/Brugada_Syndrome.html	MONDO:DisMech
MONDO:0015267	https://dismech.monarchinitiative.org/pages/disorders/Feingold_Syndrome.html	MONDO:DisMech
MONDO:0015277	https://dismech.monarchinitiative.org/pages/disorders/Medullary_Thyroid_Carcinoma.html	MONDO:DisMech
MONDO:0015280	https://dismech.monarchinitiative.org/pages/disorders/Cardiofaciocutaneous_Syndrome.html	MONDO:DisMech
MONDO:0015281	https://dismech.monarchinitiative.org/pages/disorders/Atrial_Standstill.html	MONDO:DisMech
MONDO:0015307	https://dismech.monarchinitiative.org/pages/disorders/Madras_Motor_Neuron_Disease.html	MONDO:DisMech
MONDO:0015346	https://dismech.monarchinitiative.org/pages/disorders/Jeavons_Syndrome.html	MONDO:DisMech
MONDO:0015362	https://dismech.monarchinitiative.org/pages/disorders/Distal_Hereditary_Motor_Neuronopathy_Autosomal_Dominant.html	MONDO:DisMech
MONDO:0015363	https://dismech.monarchinitiative.org/pages/disorders/Distal_Hereditary_Motor_Neuronopathy_Autosomal_Recessive.html	MONDO:DisMech
MONDO:0015364	https://dismech.monarchinitiative.org/pages/disorders/Congenital_Insensitivity_to_Pain.html	MONDO:DisMech
MONDO:0015374	https://dismech.monarchinitiative.org/pages/disorders/CNS_Vasculitis.html	MONDO:DisMech
MONDO:0015452	https://dismech.monarchinitiative.org/pages/disorders/Coffin_Siris_Syndrome.html	MONDO:DisMech
MONDO:0015453	https://dismech.monarchinitiative.org/pages/disorders/Cogan_Syndrome.html	MONDO:DisMech
MONDO:0015459	https://dismech.monarchinitiative.org/pages/disorders/Nasopharyngeal_Carcinoma.html	MONDO:DisMech
MONDO:0015461	https://dismech.monarchinitiative.org/pages/disorders/Short-Rib_Polydactyly_Syndrome.html	MONDO:DisMech
MONDO:0015484	https://dismech.monarchinitiative.org/pages/disorders/Taeniasis_Cysticercosis.html	MONDO:DisMech
MONDO:0015515	https://dismech.monarchinitiative.org/pages/disorders/Carnitine_Palmitoyltransferase_II_Deficiency.html	MONDO:DisMech
MONDO:0015517	https://dismech.monarchinitiative.org/pages/disorders/Common_Variable_Immunodeficiency.html	MONDO:DisMech
MONDO:0015528	https://dismech.monarchinitiative.org/pages/disorders/Congenital_Epulis.html	MONDO:DisMech
MONDO:0015536	https://dismech.monarchinitiative.org/pages/disorders/Papular_Xanthoma.html	MONDO:DisMech
MONDO:0015541	https://dismech.monarchinitiative.org/pages/disorders/Hemophagocytic_Lymphohistiocytosis.html	MONDO:DisMech
MONDO:0015564	https://dismech.monarchinitiative.org/pages/disorders/Castleman_Disease.html	MONDO:DisMech
MONDO:0015588	https://dismech.monarchinitiative.org/pages/disorders/Limbic_Encephalitis.html	MONDO:DisMech
MONDO:0015626	https://dismech.monarchinitiative.org/pages/disorders/Charcot-Marie-Tooth_Disease.html	MONDO:DisMech
MONDO:0015675	https://dismech.monarchinitiative.org/pages/disorders/Foodborne_Trematodiases.html	MONDO:DisMech
MONDO:0015691	https://dismech.monarchinitiative.org/pages/disorders/Hypereosinophilic_Syndrome.html	MONDO:DisMech
MONDO:0015700	https://dismech.monarchinitiative.org/pages/disorders/Late_Complement_Component_Deficiency.html	MONDO:DisMech
MONDO:0015722	https://dismech.monarchinitiative.org/pages/disorders/Vitamin_K_Dependent_Coagulation_Factor_Deficiency.html	MONDO:DisMech
MONDO:0015760	https://dismech.monarchinitiative.org/pages/disorders/Peripheral_T_Cell_Lymphoma.html	MONDO:DisMech
MONDO:0015766	https://dismech.monarchinitiative.org/pages/disorders/Cholera.html	MONDO:DisMech
MONDO:0015776	https://dismech.monarchinitiative.org/pages/disorders/Rhizomelic_Chondrodysplasia_Punctata_Plasmalogen_Synthesis_Defect.html	MONDO:DisMech
MONDO:0015780	https://dismech.monarchinitiative.org/pages/disorders/Dyskeratosis_Congenita.html	MONDO:DisMech
MONDO:0015798	https://dismech.monarchinitiative.org/pages/disorders/Inflammatory_Myofibroblastic_Tumor.html	MONDO:DisMech
MONDO:0015811	https://dismech.monarchinitiative.org/pages/disorders/Primary_Cutaneous_Aggressive_Epidermotropic_CD8_T-cell_Lymphoma.html	MONDO:DisMech
MONDO:0015892	https://dismech.monarchinitiative.org/pages/disorders/Growth_Hormone_Insensitivity_Syndrome.html	MONDO:DisMech
MONDO:0015908	https://dismech.monarchinitiative.org/pages/disorders/Chromoblastomycosis.html	MONDO:DisMech
MONDO:0015943	https://dismech.monarchinitiative.org/pages/disorders/Eosinophilic_Granulomatosis_with_Polyangiitis.html	MONDO:DisMech
MONDO:0015947	https://dismech.monarchinitiative.org/pages/disorders/Inherited_Ichthyosis.html	MONDO:DisMech
MONDO:0015974	https://dismech.monarchinitiative.org/pages/disorders/Severe_Combined_Immunodeficiency.html	MONDO:DisMech
MONDO:0015987	https://dismech.monarchinitiative.org/pages/disorders/Scimitar_Syndrome.html	MONDO:DisMech
MONDO:0015999	https://dismech.monarchinitiative.org/pages/disorders/Primary_Pigmented_Nodular_Adrenocortical_Disease.html	MONDO:DisMech
MONDO:0016006	https://dismech.monarchinitiative.org/pages/disorders/Cockayne_Syndrome.html	MONDO:DisMech
MONDO:0016027	https://dismech.monarchinitiative.org/pages/disorders/Benign_Neonatal_Seizures.html	MONDO:DisMech
MONDO:0016028	https://dismech.monarchinitiative.org/pages/disorders/erythromelalgia.html	MONDO:DisMech
MONDO:0016033	https://dismech.monarchinitiative.org/pages/disorders/Cornelia_de_Lange_Syndrome.html	MONDO:DisMech
MONDO:0016060	https://dismech.monarchinitiative.org/pages/disorders/Laryngotracheoesophageal_Cleft.html	MONDO:DisMech
MONDO:0016063	https://dismech.monarchinitiative.org/pages/disorders/Cowden_Syndrome.html	MONDO:DisMech
MONDO:0016068	https://dismech.monarchinitiative.org/pages/disorders/Fibrochondrogenesis.html	MONDO:DisMech
MONDO:0016070	https://dismech.monarchinitiative.org/pages/disorders/Hereditary_Gingival_Fibromatosis.html	MONDO:DisMech
MONDO:0016075	https://dismech.monarchinitiative.org/pages/disorders/Lymphatic_Filariasis.html	MONDO:DisMech
MONDO:0016081	https://dismech.monarchinitiative.org/pages/disorders/Coronary_Arterial_Fistulas.html	MONDO:DisMech
MONDO:0016086	https://dismech.monarchinitiative.org/pages/disorders/Osteochondritis_of_Tarsal_Metatarsal_Bone.html	MONDO:DisMech
MONDO:0016096	https://dismech.monarchinitiative.org/pages/disorders/Malignant_Non_Dysgerminomatous_Germ_Cell_Tumor_Of_Ovary.html	MONDO:DisMech
MONDO:0016102	https://dismech.monarchinitiative.org/pages/disorders/Subacute_Inflammatory_Demyelinating_Polyneuropathy.html	MONDO:DisMech
MONDO:0016158	https://dismech.monarchinitiative.org/pages/disorders/Narcolepsy-Cataplexy_Syndrome.html	MONDO:DisMech
MONDO:0016218	https://dismech.monarchinitiative.org/pages/disorders/Guillain_Barre_Syndrome.html	MONDO:DisMech
MONDO:0016227	https://dismech.monarchinitiative.org/pages/disorders/Episodic_Ataxia.html	MONDO:DisMech
MONDO:0016238	https://dismech.monarchinitiative.org/pages/disorders/Solitary_Fibrous_Tumor.html	MONDO:DisMech
MONDO:0016239	https://dismech.monarchinitiative.org/pages/disorders/Cystinosis.html	MONDO:DisMech
MONDO:0016241	https://dismech.monarchinitiative.org/pages/disorders/Alternating_Hemiplegia_of_Childhood.html	MONDO:DisMech
MONDO:0016244	https://dismech.monarchinitiative.org/pages/disorders/Atypical_Hemolytic_Uremic_Syndrome.html	MONDO:DisMech
MONDO:0016264	https://dismech.monarchinitiative.org/pages/disorders/Autoimmune_Hepatitis.html	MONDO:DisMech
MONDO:0016280	https://dismech.monarchinitiative.org/pages/disorders/Sarcoma_Of_Cervix_Uteri.html	MONDO:DisMech
MONDO:0016295	https://dismech.monarchinitiative.org/pages/disorders/Neuronal_Ceroid_Lipofuscinosis.html	MONDO:DisMech
MONDO:0016367	https://dismech.monarchinitiative.org/pages/disorders/Dermatomyositis.html	MONDO:DisMech
MONDO:0016370	https://dismech.monarchinitiative.org/pages/disorders/Marchiafava_Bignami_Disease.html	MONDO:DisMech
MONDO:0016410	https://dismech.monarchinitiative.org/pages/disorders/Central_Congenital_Hypothyroidism.html	MONDO:DisMech
MONDO:0016472	https://dismech.monarchinitiative.org/pages/disorders/Dracunculiasis.html	MONDO:DisMech
MONDO:0016483	https://dismech.monarchinitiative.org/pages/disorders/Intracranial_Berry_Aneurysm.html	MONDO:DisMech
MONDO:0016499	https://dismech.monarchinitiative.org/pages/disorders/Autoimmune_Autonomic_Ganglionopathy.html	MONDO:DisMech
MONDO:0016512	https://dismech.monarchinitiative.org/pages/disorders/Kabuki_Syndrome.html	MONDO:DisMech
MONDO:0016525	https://dismech.monarchinitiative.org/pages/disorders/Familial_Hyperaldosteronism.html	MONDO:DisMech
MONDO:0016535	https://dismech.monarchinitiative.org/pages/disorders/EDAR_Hypohidrotic_Ectodermal_Dysplasia.html	MONDO:DisMech
MONDO:0016543	https://dismech.monarchinitiative.org/pages/disorders/Tetrahydrobiopterin_Deficiency.html	MONDO:DisMech
MONDO:0016558	https://dismech.monarchinitiative.org/pages/disorders/Familial_Congenital_Mirror_Movements.html	MONDO:DisMech
MONDO:0016575	https://dismech.monarchinitiative.org/pages/disorders/Primary_Ciliary_Dyskinesia.html	MONDO:DisMech
MONDO:0016576	https://dismech.monarchinitiative.org/pages/disorders/Split_Hand_Foot_Malformation.html	MONDO:DisMech
MONDO:0016580	https://dismech.monarchinitiative.org/pages/disorders/Congenital_Pulmonary_Airway_Malformation.html	MONDO:DisMech
MONDO:0016586	https://dismech.monarchinitiative.org/pages/disorders/Systemic_Mastocytosis.html	MONDO:DisMech
MONDO:0016587	https://dismech.monarchinitiative.org/pages/disorders/Arrhythmogenic_Right_Ventricular_Cardiomyopathy.html	MONDO:DisMech
MONDO:0016602	https://dismech.monarchinitiative.org/pages/disorders/Citrin_Deficiency.html	MONDO:DisMech
MONDO:0016620	https://dismech.monarchinitiative.org/pages/disorders/Primary_Hypertrophic_Osteoarthropathy.html	MONDO:DisMech
MONDO:0016642	https://dismech.monarchinitiative.org/pages/disorders/Meningioma.html	MONDO:DisMech
MONDO:0016643	https://dismech.monarchinitiative.org/pages/disorders/Frontonasal_Dysplasia.html	MONDO:DisMech
MONDO:0016648	https://dismech.monarchinitiative.org/pages/disorders/Multiple_Epiphyseal_Dysplasia.html	MONDO:DisMech
MONDO:0016649	https://dismech.monarchinitiative.org/pages/disorders/Warburg_Micro_Syndrome.html	MONDO:DisMech
MONDO:0016660	https://dismech.monarchinitiative.org/pages/disorders/Autosomal_Recessive_Primary_Microcephaly.html	MONDO:DisMech
MONDO:0016686	https://dismech.monarchinitiative.org/pages/disorders/Diffuse_Astrocytoma.html	MONDO:DisMech
MONDO:0016691	https://dismech.monarchinitiative.org/pages/disorders/Pilocytic_Astrocytoma.html	MONDO:DisMech
MONDO:0016702	https://dismech.monarchinitiative.org/pages/disorders/oligoastrocytoma.html	MONDO:DisMech
MONDO:0016718	https://dismech.monarchinitiative.org/pages/disorders/Choroid_Plexus_Carcinoma.html	MONDO:DisMech
MONDO:0016722	https://dismech.monarchinitiative.org/pages/disorders/Pineoblastoma.html	MONDO:DisMech
MONDO:0016746	https://dismech.monarchinitiative.org/pages/disorders/Meningeal_Melanocytoma.html	MONDO:DisMech
MONDO:0016812	https://dismech.monarchinitiative.org/pages/disorders/Dopa_Responsive_Dystonia.html	MONDO:DisMech
MONDO:0016820	https://dismech.monarchinitiative.org/pages/disorders/Moyamoya_Disease.html	MONDO:DisMech
MONDO:0016823	https://dismech.monarchinitiative.org/pages/disorders/Mycetoma.html	MONDO:DisMech
MONDO:0016830	https://dismech.monarchinitiative.org/pages/disorders/Emery_Dreifuss_Muscular_Dystrophy.html	MONDO:DisMech
MONDO:0016848	https://dismech.monarchinitiative.org/pages/disorders/Juvenile_Temporal_Arteritis.html	MONDO:DisMech
MONDO:0016982	https://dismech.monarchinitiative.org/pages/disorders/Angiosarcoma.html	MONDO:DisMech
MONDO:0016984	https://dismech.monarchinitiative.org/pages/disorders/Nevus_of_Ota.html	MONDO:DisMech
MONDO:0017124	https://dismech.monarchinitiative.org/pages/disorders/Noma.html	MONDO:DisMech
MONDO:0017136	https://dismech.monarchinitiative.org/pages/disorders/Omodysplasia.html	MONDO:DisMech
MONDO:0017137	https://dismech.monarchinitiative.org/pages/disorders/Onchocerciasis.html	MONDO:DisMech
MONDO:0017138	https://dismech.monarchinitiative.org/pages/disorders/Opitz_GBBB_Syndrome.html	MONDO:DisMech
MONDO:0017140	https://dismech.monarchinitiative.org/pages/disorders/L1_Syndrome.html	MONDO:DisMech
MONDO:0017148	https://dismech.monarchinitiative.org/pages/disorders/Heritable_Pulmonary_Arterial_Hypertension.html	MONDO:DisMech
MONDO:0017149	https://dismech.monarchinitiative.org/pages/disorders/Drug_or_Toxin-Induced_Pulmonary_Arterial_Hypertension.html	MONDO:DisMech
MONDO:0017198	https://dismech.monarchinitiative.org/pages/disorders/Osteopetrosis.html	MONDO:DisMech
MONDO:0017242	https://dismech.monarchinitiative.org/pages/disorders/Cutaneous_Collagenous_Vasculopathy.html	MONDO:DisMech
MONDO:0017255	https://dismech.monarchinitiative.org/pages/disorders/Panuveitis.html	MONDO:DisMech
MONDO:0017265	https://dismech.monarchinitiative.org/pages/disorders/Autosomal_Recessive_Congenital_Ichthyosis.html	MONDO:DisMech
MONDO:0017276	https://dismech.monarchinitiative.org/pages/disorders/Frontotemporal_Dementia.html	MONDO:DisMech
MONDO:0017278	https://dismech.monarchinitiative.org/pages/disorders/Autoimmune_Polyendocrinopathy.html	MONDO:DisMech
MONDO:0017287	https://dismech.monarchinitiative.org/pages/disorders/IgG4-Related_Disease.html	MONDO:DisMech
MONDO:0017299	https://dismech.monarchinitiative.org/pages/disorders/Acute_Annular_Outer_Retinopathy.html	MONDO:DisMech
MONDO:0017314	https://dismech.monarchinitiative.org/pages/disorders/Vascular_Ehlers-Danlos_Syndrome.html	MONDO:DisMech
MONDO:0017319	https://dismech.monarchinitiative.org/pages/disorders/Hereditary_Elliptocytosis.html	MONDO:DisMech
MONDO:0017364	https://dismech.monarchinitiative.org/pages/disorders/POEMS_Syndrome.html	MONDO:DisMech
MONDO:0017380	https://dismech.monarchinitiative.org/pages/disorders/Juvenile_Polyposis_Syndrome.html	MONDO:DisMech
MONDO:0017387	https://dismech.monarchinitiative.org/pages/disorders/Epithelioid_Sarcoma.html	MONDO:DisMech
MONDO:0017416	https://dismech.monarchinitiative.org/pages/disorders/Postpoliomyelitis_Syndrome.html	MONDO:DisMech
MONDO:0017574	https://dismech.monarchinitiative.org/pages/disorders/Chronic_Intestinal_Pseudoobstruction.html	MONDO:DisMech
MONDO:0017575	https://dismech.monarchinitiative.org/pages/disorders/Mitochondrial_Neurogastrointestinal_Encephalomyopathy.html	MONDO:DisMech
MONDO:0017579	https://dismech.monarchinitiative.org/pages/disorders/Baraitser-Winter_Cerebrofrontofacial_Syndrome.html	MONDO:DisMech
MONDO:0017610	https://dismech.monarchinitiative.org/pages/disorders/Epidermolysis_Bullosa_Simplex.html	MONDO:DisMech
MONDO:0017612	https://dismech.monarchinitiative.org/pages/disorders/Junctional_Epidermolysis_Bullosa.html	MONDO:DisMech
MONDO:0017615	https://dismech.monarchinitiative.org/pages/disorders/Benign_Familial_Infantile_Epilepsy.html	MONDO:DisMech
MONDO:0017623	https://dismech.monarchinitiative.org/pages/disorders/PTEN_Hamartoma_Tumor_Syndrome.html	MONDO:DisMech
MONDO:0017638	https://dismech.monarchinitiative.org/pages/disorders/Manganism.html	MONDO:DisMech
MONDO:0017675	https://dismech.monarchinitiative.org/pages/disorders/Punctate_Palmoplantar_Keratoderma.html	MONDO:DisMech
MONDO:0017708	https://dismech.monarchinitiative.org/pages/disorders/Mevalonate_Kinase_Deficiency.html	MONDO:DisMech
MONDO:0017759	https://dismech.monarchinitiative.org/pages/disorders/Disorder_of_Catecholamine_Synthesis.html	MONDO:DisMech
MONDO:0017795	https://dismech.monarchinitiative.org/pages/disorders/Ameloblastoma.html	MONDO:DisMech
MONDO:0017803	https://dismech.monarchinitiative.org/pages/disorders/Primary_Progressive_Apraxia_of_Speech.html	MONDO:DisMech
MONDO:0017827	https://dismech.monarchinitiative.org/pages/disorders/Malignant_Peripheral_Nerve_Sheath_Tumor.html	MONDO:DisMech
MONDO:0017838	https://dismech.monarchinitiative.org/pages/disorders/Sclerosteosis.html	MONDO:DisMech
MONDO:0017842	https://dismech.monarchinitiative.org/pages/disorders/Senior-Loken_Syndrome.html	MONDO:DisMech
MONDO:0017844	https://dismech.monarchinitiative.org/pages/disorders/Sezary_Syndrome.html	MONDO:DisMech
MONDO:0017851	https://dismech.monarchinitiative.org/pages/disorders/Erythrokeratodermia_Variabilis.html	MONDO:DisMech
MONDO:0017853	https://dismech.monarchinitiative.org/pages/disorders/Hypersensitivity_Pneumonitis.html	MONDO:DisMech
MONDO:0017879	https://dismech.monarchinitiative.org/pages/disorders/Hantavirus_Pulmonary_Syndrome.html	MONDO:DisMech
MONDO:0017894	https://dismech.monarchinitiative.org/pages/disorders/Acute_Myeloid_Leukemia_with_CEBPA_Somatic_Mutations.html	MONDO:DisMech
MONDO:0017919	https://dismech.monarchinitiative.org/pages/disorders/Exstrophy-Epispadias_Complex.html	MONDO:DisMech
MONDO:0017923	https://dismech.monarchinitiative.org/pages/disorders/Multiple_Synostoses_Syndrome.html	MONDO:DisMech
MONDO:0017941	https://dismech.monarchinitiative.org/pages/disorders/Chikungunya.html	MONDO:DisMech
MONDO:0017990	https://dismech.monarchinitiative.org/pages/disorders/RYR2_CPVT.html	MONDO:DisMech
MONDO:0017991	https://dismech.monarchinitiative.org/pages/disorders/Takayasu_Arteritis.html	MONDO:DisMech
MONDO:0018019	https://dismech.monarchinitiative.org/pages/disorders/Lead_Poisoning.html	MONDO:DisMech
MONDO:0018020	https://dismech.monarchinitiative.org/pages/disorders/Mercury_Poisoning.html	MONDO:DisMech
MONDO:0018053	https://dismech.monarchinitiative.org/pages/disorders/Trichothiodystrophy.html	MONDO:DisMech
MONDO:0018054	https://dismech.monarchinitiative.org/pages/disorders/Familial_Atrial_Fibrillation.html	MONDO:DisMech
MONDO:0018060	https://dismech.monarchinitiative.org/pages/disorders/Hepatic_Fibrinogen_Storage_Disease.html	MONDO:DisMech
MONDO:0018076	https://dismech.monarchinitiative.org/pages/disorders/Tuberculosis.html	MONDO:DisMech
MONDO:0018077	https://dismech.monarchinitiative.org/pages/disorders/Tularemia.html	MONDO:DisMech
MONDO:0018087	https://dismech.monarchinitiative.org/pages/disorders/Viral_Hemorrhagic_Fever.html	MONDO:DisMech
MONDO:0018088	https://dismech.monarchinitiative.org/pages/disorders/Familial_Mediterranean_Fever.html	MONDO:DisMech
MONDO:0018092	https://dismech.monarchinitiative.org/pages/disorders/Vogt-Koyanagi-Harada_Disease.html	MONDO:DisMech
MONDO:0018094	https://dismech.monarchinitiative.org/pages/disorders/MITF_Waardenburg_Tietz_Spectrum.html	MONDO:DisMech
MONDO:0018094	https://dismech.monarchinitiative.org/pages/disorders/PAX3_Waardenburg_Spectrum.html	MONDO:DisMech
MONDO:0018097	https://dismech.monarchinitiative.org/pages/disorders/Infantile_Spasms.html	MONDO:DisMech
MONDO:0018116	https://dismech.monarchinitiative.org/pages/disorders/Galactosemia.html	MONDO:DisMech
MONDO:0018129	https://dismech.monarchinitiative.org/pages/disorders/Autosomal_Recessive_Cerebellar_Ataxia_With_Late_Onset_Spasticity.html	MONDO:DisMech
MONDO:0018150	https://dismech.monarchinitiative.org/pages/disorders/Gaucher_Disease.html	MONDO:DisMech
MONDO:0018151	https://dismech.monarchinitiative.org/pages/disorders/Primary_Coenzyme_Q10_Deficiency.html	MONDO:DisMech
MONDO:0018153	https://dismech.monarchinitiative.org/pages/disorders/Erdheim-Chester_Disease.html	MONDO:DisMech
MONDO:0018155	https://dismech.monarchinitiative.org/pages/disorders/Primary_Lateral_Sclerosis.html	MONDO:DisMech
MONDO:0018214	https://dismech.monarchinitiative.org/pages/disorders/Generalized_Epilepsy_with_Febrile_Seizures_Plus.html	MONDO:DisMech
MONDO:0018215	https://dismech.monarchinitiative.org/pages/disorders/Paraneoplastic_Neurological_Syndromes.html	MONDO:DisMech
MONDO:0018229	https://dismech.monarchinitiative.org/pages/disorders/Stevens-Johnson_Syndrome.html	MONDO:DisMech
MONDO:0018233	https://dismech.monarchinitiative.org/pages/disorders/Otopalatodigital_Spectrum_Disorders.html	MONDO:DisMech
MONDO:0018274	https://dismech.monarchinitiative.org/pages/disorders/GM3_Synthase_Deficiency.html	MONDO:DisMech
MONDO:0018276	https://dismech.monarchinitiative.org/pages/disorders/Dystroglycanopathy.html	MONDO:DisMech
MONDO:0018304	https://dismech.monarchinitiative.org/pages/disorders/Schnitzler_Syndrome.html	MONDO:DisMech
MONDO:0018305	https://dismech.monarchinitiative.org/pages/disorders/Chronic_Granulomatous_Disease.html	MONDO:DisMech
MONDO:0018307	https://dismech.monarchinitiative.org/pages/disorders/Neurodegeneration_With_Brain_Iron_Accumulation.html	MONDO:DisMech
MONDO:0018309	https://dismech.monarchinitiative.org/pages/disorders/Hirschsprung_Disease.html	MONDO:DisMech
MONDO:0018310	https://dismech.monarchinitiative.org/pages/disorders/Langerhans_Cell_Histiocytosis.html	MONDO:DisMech
MONDO:0018338	https://dismech.monarchinitiative.org/pages/disorders/Activated_PI3K-delta_Syndrome.html	MONDO:DisMech
MONDO:0018352	https://dismech.monarchinitiative.org/pages/disorders/Squamous_Cell_Carcinoma_of_Penis.html	MONDO:DisMech
MONDO:0018408	https://dismech.monarchinitiative.org/pages/disorders/Cystic_Echinococcosis.html	MONDO:DisMech
MONDO:0018470	https://dismech.monarchinitiative.org/pages/disorders/Renal_Agenesis.html	MONDO:DisMech
MONDO:0018479	https://dismech.monarchinitiative.org/pages/disorders/Congenital_Adrenal_Hyperplasia.html	MONDO:DisMech
MONDO:0018484	https://dismech.monarchinitiative.org/pages/disorders/Semicircular_Canal_Dehiscence_Syndrome.html	MONDO:DisMech
MONDO:0018486	https://dismech.monarchinitiative.org/pages/disorders/Visual_Snow_Syndrome.html	MONDO:DisMech
MONDO:0018493	https://dismech.monarchinitiative.org/pages/disorders/Malignant_Hyperthermia_of_Anesthesia.html	MONDO:DisMech
MONDO:0018500	https://dismech.monarchinitiative.org/pages/disorders/Cutaneous_Larva_Migrans.html	MONDO:DisMech
MONDO:0018523	https://dismech.monarchinitiative.org/pages/disorders/Pancreatic_Mucinous_Cystadenoma.html	MONDO:DisMech
MONDO:0018544	https://dismech.monarchinitiative.org/pages/disorders/adrenoleukodystrophy.html	MONDO:DisMech
MONDO:0018554	https://dismech.monarchinitiative.org/pages/disorders/Pulmonary_Veno_Occlusive_Disease_And_Or_Pulmonary_Capillary_Haemangiomatosis.html	MONDO:DisMech
MONDO:0018570	https://dismech.monarchinitiative.org/pages/disorders/Hypophosphatasia.html	MONDO:DisMech
MONDO:0018593	https://dismech.monarchinitiative.org/pages/disorders/Primary_Polyarteritis_Nodosa.html	MONDO:DisMech
MONDO:0018612	https://dismech.monarchinitiative.org/pages/disorders/Congenital_Hypothyroidism.html	MONDO:DisMech
MONDO:0018614	https://dismech.monarchinitiative.org/pages/disorders/Undetermined_Early_Onset_Epileptic_Encephalopathy.html	MONDO:DisMech
MONDO:0018626	https://dismech.monarchinitiative.org/pages/disorders/Paratyphoid_Fever.html	MONDO:DisMech
MONDO:0018635	https://dismech.monarchinitiative.org/pages/disorders/Idiopathic_Phalangeal_Acro-osteolysis.html	MONDO:DisMech
MONDO:0018637	https://dismech.monarchinitiative.org/pages/disorders/Familial_Chylomicronemia_Syndrome.html	MONDO:DisMech
MONDO:0018645	https://dismech.monarchinitiative.org/pages/disorders/IgG4-Related_Sclerosing_Cholangitis.html	MONDO:DisMech
MONDO:0018646	https://dismech.monarchinitiative.org/pages/disorders/Sclerosing_Cholangitis.html	MONDO:DisMech
MONDO:0018666	https://dismech.monarchinitiative.org/pages/disorders/Hepatoblastoma.html	MONDO:DisMech
MONDO:0018669	https://dismech.monarchinitiative.org/pages/disorders/Snakebite_Envenoming.html	MONDO:DisMech
MONDO:0018677	https://dismech.monarchinitiative.org/pages/disorders/Visceral_Heterotaxy.html	MONDO:DisMech
MONDO:0018687	https://dismech.monarchinitiative.org/pages/disorders/Progressive_Muscular_Atrophy.html	MONDO:DisMech
MONDO:0018760	https://dismech.monarchinitiative.org/pages/disorders/DeSanto-Shinawi_Syndrome.html	MONDO:DisMech
MONDO:0018762	https://dismech.monarchinitiative.org/pages/disorders/Combined_Pituitary_Hormone_Deficiencies_Genetic_Form.html	MONDO:DisMech
MONDO:0018763	https://dismech.monarchinitiative.org/pages/disorders/TUBB2A_TUBB2B-related_Cortical_Malformation.html	MONDO:DisMech
MONDO:0018768	https://dismech.monarchinitiative.org/pages/disorders/Familial_Cold_Autoinflammatory_Syndrome.html	MONDO:DisMech
MONDO:0018770	https://dismech.monarchinitiative.org/pages/disorders/Jeune_Asphyxiating_Thoracic_Dystrophy.html	MONDO:DisMech
MONDO:0018772	https://dismech.monarchinitiative.org/pages/disorders/Joubert_syndrome.html	MONDO:DisMech
MONDO:0018800	https://dismech.monarchinitiative.org/pages/disorders/Kallmann_Syndrome.html	MONDO:DisMech
MONDO:0018837	https://dismech.monarchinitiative.org/pages/disorders/Postinfectious_Vasculitis.html	MONDO:DisMech
MONDO:0018838	https://dismech.monarchinitiative.org/pages/disorders/Lissencephaly_Spectrum_Disorders.html	MONDO:DisMech
MONDO:0018852	https://dismech.monarchinitiative.org/pages/disorders/Achromatopsia.html	MONDO:DisMech
MONDO:0018864	https://dismech.monarchinitiative.org/pages/disorders/Kikuchi-Fujimoto_Disease.html	MONDO:DisMech
MONDO:0018866	https://dismech.monarchinitiative.org/pages/disorders/Aicardi_Goutieres_Syndrome.html	MONDO:DisMech
MONDO:0018868	https://dismech.monarchinitiative.org/pages/disorders/Metachromatic_Leukodystrophy.html	MONDO:DisMech
MONDO:0018870	https://dismech.monarchinitiative.org/pages/disorders/Arterial_Calcification_of_Infancy.html	MONDO:DisMech
MONDO:0018872	https://dismech.monarchinitiative.org/pages/disorders/Acute_Megakaryoblastic_Leukemia.html	MONDO:DisMech
MONDO:0018874	https://dismech.monarchinitiative.org/pages/disorders/IDH_Mutant_AML.html	MONDO:DisMech
MONDO:0018875	https://dismech.monarchinitiative.org/pages/disorders/Li-Fraumeni_Syndrome.html	MONDO:DisMech
MONDO:0018876	https://dismech.monarchinitiative.org/pages/disorders/Mantle_Cell_Lymphoma.html	MONDO:DisMech
MONDO:0018881	https://dismech.monarchinitiative.org/pages/disorders/Myelodysplastic_Syndrome.html	MONDO:DisMech
MONDO:0018883	https://dismech.monarchinitiative.org/pages/disorders/Berardinelli_Seip_Congenital_Lipodystrophy.html	MONDO:DisMech
MONDO:0018901	https://dismech.monarchinitiative.org/pages/disorders/Left_Ventricular_Noncompaction.html	MONDO:DisMech
MONDO:0018905	https://dismech.monarchinitiative.org/pages/disorders/Diffuse_Large_B_Cell_Lymphoma.html	MONDO:DisMech
MONDO:0018906	https://dismech.monarchinitiative.org/pages/disorders/Follicular_Lymphoma.html	MONDO:DisMech
MONDO:0018907	https://dismech.monarchinitiative.org/pages/disorders/Craniopharyngioma.html	MONDO:DisMech
MONDO:0018910	https://dismech.monarchinitiative.org/pages/disorders/Oculocutaneous_Albinism.html	MONDO:DisMech
MONDO:0018912	https://dismech.monarchinitiative.org/pages/disorders/Cushings_Syndrome.html	MONDO:DisMech
MONDO:0018920	https://dismech.monarchinitiative.org/pages/disorders/Peripartum_Cardiomyopathy.html	MONDO:DisMech
MONDO:0018921	https://dismech.monarchinitiative.org/pages/disorders/Meckel_Syndrome.html	MONDO:DisMech
MONDO:0018923	https://dismech.monarchinitiative.org/pages/disorders/22q11.2_Deletion_Syndrome.html	MONDO:DisMech
MONDO:0018931	https://dismech.monarchinitiative.org/pages/disorders/Mucolipidosis_Type_III_Alpha_Beta.html	MONDO:DisMech
MONDO:0018935	https://dismech.monarchinitiative.org/pages/disorders/Hairy_Cell_Leukemia.html	MONDO:DisMech
MONDO:0018937	https://dismech.monarchinitiative.org/pages/disorders/Sanfilippo_syndrome.html	MONDO:DisMech
MONDO:0018938	https://dismech.monarchinitiative.org/pages/disorders/Morquio_syndrome.html	MONDO:DisMech
MONDO:0018940	https://dismech.monarchinitiative.org/pages/disorders/Congenital_Myasthenic_Syndrome.html	MONDO:DisMech
MONDO:0018944	https://dismech.monarchinitiative.org/pages/disorders/Gestational_Trophoblastic_Neoplasm.html	MONDO:DisMech
MONDO:0018947	https://dismech.monarchinitiative.org/pages/disorders/Centronuclear_Myopathy.html	MONDO:DisMech
MONDO:0018948	https://dismech.monarchinitiative.org/pages/disorders/Multiminicore_Disease.html	MONDO:DisMech
MONDO:0018950	https://dismech.monarchinitiative.org/pages/disorders/3-Methylcrotonyl-CoA_Carboxylase_Deficiency.html	MONDO:DisMech
MONDO:0018954	https://dismech.monarchinitiative.org/pages/disorders/Loeys-Dietz_Syndrome.html	MONDO:DisMech
MONDO:0018958	https://dismech.monarchinitiative.org/pages/disorders/Nemaline_Myopathy.html	MONDO:DisMech
MONDO:0018963	https://dismech.monarchinitiative.org/pages/disorders/Hereditary_Methemoglobinemia.html	MONDO:DisMech
MONDO:0018965	https://dismech.monarchinitiative.org/pages/disorders/Alport_Syndrome.html	MONDO:DisMech
MONDO:0018975	https://dismech.monarchinitiative.org/pages/disorders/Neurofibromatosis_Type_1.html	MONDO:DisMech
MONDO:0018982	https://dismech.monarchinitiative.org/pages/disorders/Niemann_Pick_Disease_Type_C.html	MONDO:DisMech
MONDO:0018984	https://dismech.monarchinitiative.org/pages/disorders/Oroya_Fever.html	MONDO:DisMech
MONDO:0018993	https://dismech.monarchinitiative.org/pages/disorders/Charcot-Marie-Tooth_Disease_Type_2.html	MONDO:DisMech
MONDO:0018997	https://dismech.monarchinitiative.org/pages/disorders/Noonan_Syndrome.html	MONDO:DisMech
MONDO:0019003	https://dismech.monarchinitiative.org/pages/disorders/Multiple_Endocrine_Neoplasia_Type_2.html	MONDO:DisMech
MONDO:0019005	https://dismech.monarchinitiative.org/pages/disorders/Nephronophthisis.html	MONDO:DisMech
MONDO:0019010	https://dismech.monarchinitiative.org/pages/disorders/Congenital_Isolated_Hyperinsulinism.html	MONDO:DisMech
MONDO:0019011	https://dismech.monarchinitiative.org/pages/disorders/Charcot-Marie-Tooth_Disease_Type_1.html	MONDO:DisMech
MONDO:0019015	https://dismech.monarchinitiative.org/pages/disorders/Omphalocele.html	MONDO:DisMech
MONDO:0019037	https://dismech.monarchinitiative.org/pages/disorders/Progressive_Supranuclear_Palsy.html	MONDO:DisMech
MONDO:0019064	https://dismech.monarchinitiative.org/pages/disorders/Hereditary_Spastic_Paraplegia.html	MONDO:DisMech
MONDO:0019065	https://dismech.monarchinitiative.org/pages/disorders/Amyloidosis.html	MONDO:DisMech
MONDO:0019078	https://dismech.monarchinitiative.org/pages/disorders/Ritscher-Schinzel_Syndrome.html	MONDO:DisMech
MONDO:0019086	https://dismech.monarchinitiative.org/pages/disorders/Esophageal_Carcinoma.html	MONDO:DisMech
MONDO:0019087	https://dismech.monarchinitiative.org/pages/disorders/Cholangiocarcinoma.html	MONDO:DisMech
MONDO:0019095	https://dismech.monarchinitiative.org/pages/disorders/Plague.html	MONDO:DisMech
MONDO:0019100	https://dismech.monarchinitiative.org/pages/disorders/Neuromyelitis_Optica.html	MONDO:DisMech
MONDO:0019100	https://dismech.monarchinitiative.org/pages/disorders/Neuromyelitis_Optica_Spectrum_Disorder.html	MONDO:DisMech
MONDO:0019108	https://dismech.monarchinitiative.org/pages/disorders/Silent_Sinus_Syndrome.html	MONDO:DisMech
MONDO:0019118	https://dismech.monarchinitiative.org/pages/disorders/Inherited_Retinal_Dystrophy.html	MONDO:DisMech
MONDO:0019124	https://dismech.monarchinitiative.org/pages/disorders/Microscopic_Polyangiitis.html	MONDO:DisMech
MONDO:0019125	https://dismech.monarchinitiative.org/pages/disorders/Relapsing_Polychondritis.html	MONDO:DisMech
MONDO:0019127	https://dismech.monarchinitiative.org/pages/disorders/Polymyositis.html	MONDO:DisMech
MONDO:0019142	https://dismech.monarchinitiative.org/pages/disorders/Inherited_Porphyria.html	MONDO:DisMech
MONDO:0019148	https://dismech.monarchinitiative.org/pages/disorders/Wolman_Disease.html	MONDO:DisMech
MONDO:0019149	https://dismech.monarchinitiative.org/pages/disorders/Cholesteryl_Ester_Storage_Disease.html	MONDO:DisMech
MONDO:0019165	https://dismech.monarchinitiative.org/pages/disorders/Central_Precocious_Puberty.html	MONDO:DisMech
MONDO:0019167	https://dismech.monarchinitiative.org/pages/disorders/IgA_Vasculitis.html	MONDO:DisMech
MONDO:0019169	https://dismech.monarchinitiative.org/pages/disorders/Pyruvate_Dehydrogenase_Deficiency.html	MONDO:DisMech
MONDO:0019171	https://dismech.monarchinitiative.org/pages/disorders/Long_QT_Syndrome.html	MONDO:DisMech
MONDO:0019173	https://dismech.monarchinitiative.org/pages/disorders/Rabies.html	MONDO:DisMech
MONDO:0019180	https://dismech.monarchinitiative.org/pages/disorders/Hereditary_Hemorrhagic_Telangiectasia.html	MONDO:DisMech
MONDO:0019186	https://dismech.monarchinitiative.org/pages/disorders/Q_Fever.html	MONDO:DisMech
MONDO:0019187	https://dismech.monarchinitiative.org/pages/disorders/Axenfeld-Rieger_syndrome.html	MONDO:DisMech
MONDO:0019188	https://dismech.monarchinitiative.org/pages/disorders/Rubinstein-Taybi_Syndrome.html	MONDO:DisMech
MONDO:0019200	https://dismech.monarchinitiative.org/pages/disorders/BBSome-Related_Retinitis_Pigmentosa.html	MONDO:DisMech
MONDO:0019210	https://dismech.monarchinitiative.org/pages/disorders/Merkel_Cell_Carcinoma.html	MONDO:DisMech
MONDO:0019218	https://dismech.monarchinitiative.org/pages/disorders/Inborn_Disorder_of_Bile_Acid_Synthesis.html	MONDO:DisMech
MONDO:0019220	https://dismech.monarchinitiative.org/pages/disorders/Inborn_Disorder_of_Cobalamin_Metabolism_and_Transport.html	MONDO:DisMech
MONDO:0019222	https://dismech.monarchinitiative.org/pages/disorders/Inborn_Disorder_of_Methionine_Cycle_and_Sulfur_Amino_Acid_Metabolism.html	MONDO:DisMech
MONDO:0019234	https://dismech.monarchinitiative.org/pages/disorders/Peroxisome_Biogenesis_Disorder.html	MONDO:DisMech
MONDO:0019249	https://dismech.monarchinitiative.org/pages/disorders/Mucopolysaccharidosis.html	MONDO:DisMech
MONDO:0019260	https://dismech.monarchinitiative.org/pages/disorders/Adult_Neuronal_Ceroid_Lipofuscinosis.html	MONDO:DisMech
MONDO:0019264	https://dismech.monarchinitiative.org/pages/disorders/NAGA_Deficiency_Type_3.html	MONDO:DisMech
MONDO:0019312	https://dismech.monarchinitiative.org/pages/disorders/Hermansky_Pudlak_Syndrome.html	MONDO:DisMech
MONDO:0019316	https://dismech.monarchinitiative.org/pages/disorders/Maculopapular_Cutaneous_Mastocytosis.html	MONDO:DisMech
MONDO:0019323	https://dismech.monarchinitiative.org/pages/disorders/Pemphigus_Erythematosus.html	MONDO:DisMech
MONDO:0019338	https://dismech.monarchinitiative.org/pages/disorders/Sarcoidosis.html	MONDO:DisMech
MONDO:0019342	https://dismech.monarchinitiative.org/pages/disorders/Seckel_Syndrome.html	MONDO:DisMech
MONDO:0019344	https://dismech.monarchinitiative.org/pages/disorders/Antisynthetase_Syndrome.html	MONDO:DisMech
MONDO:0019345	https://dismech.monarchinitiative.org/pages/disorders/Shigellosis.html	MONDO:DisMech
MONDO:0019346	https://dismech.monarchinitiative.org/pages/disorders/Sialidosis_Type_1.html	MONDO:DisMech
MONDO:0019347	https://dismech.monarchinitiative.org/pages/disorders/Peeling_Skin_Syndrome.html	MONDO:DisMech
MONDO:0019350	https://dismech.monarchinitiative.org/pages/disorders/Hereditary_Spherocytosis.html	MONDO:DisMech
MONDO:0019353	https://dismech.monarchinitiative.org/pages/disorders/Stargardt_Disease.html	MONDO:DisMech
MONDO:0019355	https://dismech.monarchinitiative.org/pages/disorders/Adult-Onset_Still_Disease.html	MONDO:DisMech
MONDO:0019366	https://dismech.monarchinitiative.org/pages/disorders/Free_Sialic_Acid_Storage_Disease.html	MONDO:DisMech
MONDO:0019373	https://dismech.monarchinitiative.org/pages/disorders/Desmoplastic_Small_Round_Cell_Tumor.html	MONDO:DisMech
MONDO:0019383	https://dismech.monarchinitiative.org/pages/disorders/Acute_Disseminated_Encephalomyelitis.html	MONDO:DisMech
MONDO:0019385	https://dismech.monarchinitiative.org/pages/disorders/Hashimoto_Encephalopathy.html	MONDO:DisMech
MONDO:0019390	https://dismech.monarchinitiative.org/pages/disorders/Susac_Syndrome.html	MONDO:DisMech
MONDO:0019391	https://dismech.monarchinitiative.org/pages/disorders/Fanconi_Anemia.html	MONDO:DisMech
MONDO:0019402	https://dismech.monarchinitiative.org/pages/disorders/Beta_Thalassemia.html	MONDO:DisMech
MONDO:0019403	https://dismech.monarchinitiative.org/pages/disorders/Congenital_Dyserythropoietic_Anemia.html	MONDO:DisMech
MONDO:0019438	https://dismech.monarchinitiative.org/pages/disorders/AL_Amyloidosis.html	MONDO:DisMech
MONDO:0019443	https://dismech.monarchinitiative.org/pages/disorders/Dextro_Transposition_of_the_Great_Arteries.html	MONDO:DisMech
MONDO:0019448	https://dismech.monarchinitiative.org/pages/disorders/Pentanucleotide_Repeat_Familial_Adult_Myoclonus_Epilepsy.html	MONDO:DisMech
MONDO:0019450	https://dismech.monarchinitiative.org/pages/disorders/Reelin_Pathway_Lissencephaly.html	MONDO:DisMech
MONDO:0019452	https://dismech.monarchinitiative.org/pages/disorders/Myeloproliferative_Neoplasm_Unclassifiable.html	MONDO:DisMech
MONDO:0019470	https://dismech.monarchinitiative.org/pages/disorders/Aggressive_NK-cell_Leukemia.html	MONDO:DisMech
MONDO:0019471	https://dismech.monarchinitiative.org/pages/disorders/Adult_T_Cell_Leukemia_Lymphoma.html	MONDO:DisMech
MONDO:0019490	https://dismech.monarchinitiative.org/pages/disorders/Progressive_Familial_Heart_Block.html	MONDO:DisMech
MONDO:0019497	https://dismech.monarchinitiative.org/pages/disorders/MYO6_Hearing_Loss.html	MONDO:DisMech
MONDO:0019501	https://dismech.monarchinitiative.org/pages/disorders/Usher_Syndrome.html	MONDO:DisMech
MONDO:0019503	https://dismech.monarchinitiative.org/pages/disorders/FOXE3_Anterior_Segment_Dysgenesis.html	MONDO:DisMech
MONDO:0019507	https://dismech.monarchinitiative.org/pages/disorders/Amelogenesis_Imperfecta.html	MONDO:DisMech
MONDO:0019516	https://dismech.monarchinitiative.org/pages/disorders/Familial_Exudative_Vitreoretinopathy.html	MONDO:DisMech
MONDO:0019518	https://dismech.monarchinitiative.org/pages/disorders/EDN3_EDNRB_Waardenburg_Shah.html	MONDO:DisMech
MONDO:0019586	https://dismech.monarchinitiative.org/pages/disorders/X-linked_Nonsyndromic_Hearing_Loss.html	MONDO:DisMech
MONDO:0019600	https://dismech.monarchinitiative.org/pages/disorders/Xeroderma_Pigmentosum.html	MONDO:DisMech
MONDO:0019609	https://dismech.monarchinitiative.org/pages/disorders/Zellweger_Spectrum_Disorders.html	MONDO:DisMech
MONDO:0019623	https://dismech.monarchinitiative.org/pages/disorders/Hereditary_Angioedema.html	MONDO:DisMech
MONDO:0019624	https://dismech.monarchinitiative.org/pages/disorders/Acquired_Angioedema.html	MONDO:DisMech
MONDO:0019625	https://dismech.monarchinitiative.org/pages/disorders/Familial_Thoracic_Aortic_Aneurysm_and_Aortic_Dissection.html	MONDO:DisMech
MONDO:0019632	https://dismech.monarchinitiative.org/pages/disorders/Lyme_Disease.html	MONDO:DisMech
MONDO:0019669	https://dismech.monarchinitiative.org/pages/disorders/Hypochondrogenesis.html	MONDO:DisMech
MONDO:0019681	https://dismech.monarchinitiative.org/pages/disorders/Juvenile_Sialidosis_Type_2.html	MONDO:DisMech
MONDO:0019682	https://dismech.monarchinitiative.org/pages/disorders/Congenital_Sialidosis_Type_2.html	MONDO:DisMech
MONDO:0019754	https://dismech.monarchinitiative.org/pages/disorders/Multicentric_Castleman_Disease.html	MONDO:DisMech
MONDO:0019787	https://dismech.monarchinitiative.org/pages/disorders/Autoimmune_Enteropathy.html	MONDO:DisMech
MONDO:0019792	https://dismech.monarchinitiative.org/pages/disorders/Autosomal_Dominant_Cerebellar_Ataxia_Type_I.html	MONDO:DisMech
MONDO:0019793	https://dismech.monarchinitiative.org/pages/disorders/Autosomal_Dominant_Cerebellar_Ataxia_Type_III.html	MONDO:DisMech
MONDO:0019797	https://dismech.monarchinitiative.org/pages/disorders/Acrodysostosis.html	MONDO:DisMech
MONDO:0019805	https://dismech.monarchinitiative.org/pages/disorders/Twin_to_Twin_Transfusion_Syndrome.html	MONDO:DisMech
MONDO:0019806	https://dismech.monarchinitiative.org/pages/disorders/Primary_Progressive_Aphasia.html	MONDO:DisMech
MONDO:0019954	https://dismech.monarchinitiative.org/pages/disorders/Pancreatic_Neuroendocrine_Tumor.html	MONDO:DisMech
MONDO:0019992	https://dismech.monarchinitiative.org/pages/disorders/Pseudohypoparathyroidism.html	MONDO:DisMech
MONDO:0019993	https://dismech.monarchinitiative.org/pages/disorders/Congenital_Renal_Artery_Stenosis.html	MONDO:DisMech
MONDO:0020066	https://dismech.monarchinitiative.org/pages/disorders/Ehlers-Danlos_Syndrome.html	MONDO:DisMech
MONDO:0020074	https://dismech.monarchinitiative.org/pages/disorders/Progressive_Myoclonus_Epilepsy.html	MONDO:DisMech
MONDO:0020088	https://dismech.monarchinitiative.org/pages/disorders/Familial_Partial_Lipodystrophy.html	MONDO:DisMech
MONDO:0020108	https://dismech.monarchinitiative.org/pages/disorders/Autoimmune_Hemolytic_Anemia.html	MONDO:DisMech
MONDO:0020135	https://dismech.monarchinitiative.org/pages/disorders/Pontocerebellar_Hypoplasia.html	MONDO:DisMech
MONDO:0020310	https://dismech.monarchinitiative.org/pages/disorders/Familial_Focal_Epilepsy_With_Variable_Foci.html	MONDO:DisMech
MONDO:0020311	https://dismech.monarchinitiative.org/pages/disorders/Chronic_Myelomonocytic_Leukemia.html	MONDO:DisMech
MONDO:0020325	https://dismech.monarchinitiative.org/pages/disorders/Anaplastic_Large_Cell_Lymphoma.html	MONDO:DisMech
MONDO:0020348	https://dismech.monarchinitiative.org/pages/disorders/Acute_Motor_and_Sensory_Axonal_Neuropathy.html	MONDO:DisMech
MONDO:0020364	https://dismech.monarchinitiative.org/pages/disorders/Posterior_Polymorphous_Corneal_Dystrophy.html	MONDO:DisMech
MONDO:0020367	https://dismech.monarchinitiative.org/pages/disorders/Juvenile_Open_Angle_Glaucoma.html	MONDO:DisMech
MONDO:0020384	https://dismech.monarchinitiative.org/pages/disorders/Niemann-Pick_Disease_Type_E.html	MONDO:DisMech
MONDO:0020476	https://dismech.monarchinitiative.org/pages/disorders/Mesial_Temporal_Lobe_Epilepsy_with_Hippocampal_Sclerosis.html	MONDO:DisMech
MONDO:0020487	https://dismech.monarchinitiative.org/pages/disorders/Pontiac_Fever.html	MONDO:DisMech
MONDO:0020491	https://dismech.monarchinitiative.org/pages/disorders/EML1_Ribbon_Heterotopia.html	MONDO:DisMech
MONDO:0020560	https://dismech.monarchinitiative.org/pages/disorders/Atypical_Teratoid_Rhabdoid_Tumor.html	MONDO:DisMech
MONDO:0020630	https://dismech.monarchinitiative.org/pages/disorders/CN_Related_DEE.html	MONDO:DisMech
MONDO:0020640	https://dismech.monarchinitiative.org/pages/disorders/Autoimmune_Encephalitis.html	MONDO:DisMech
MONDO:0020642	https://dismech.monarchinitiative.org/pages/disorders/Polycystic_Kidney_Disease.html	MONDO:DisMech
MONDO:0020688	https://dismech.monarchinitiative.org/pages/disorders/Spinal_Cord_Ischemia.html	MONDO:DisMech
MONDO:0020744	https://dismech.monarchinitiative.org/pages/disorders/Mobitz_Type_I_Atrioventricular_Block.html	MONDO:DisMech
MONDO:0020806	https://dismech.monarchinitiative.org/pages/disorders/Sinoatrial_Block.html	MONDO:DisMech
MONDO:0021022	https://dismech.monarchinitiative.org/pages/disorders/Hereditary_Hyperekplexia.html	MONDO:DisMech
MONDO:0021023	https://dismech.monarchinitiative.org/pages/disorders/Complete_Androgen_Insensitivity_Syndrome.html	MONDO:DisMech
MONDO:0021055	https://dismech.monarchinitiative.org/pages/disorders/Classic_Familial_Adenomatous_Polyposis.html	MONDO:DisMech
MONDO:0021056	https://dismech.monarchinitiative.org/pages/disorders/Familial_Adenomatous_Polyposis.html	MONDO:DisMech
MONDO:0021081	https://dismech.monarchinitiative.org/pages/disorders/Anti-NMDA_Receptor_Encephalitis.html	MONDO:DisMech
MONDO:0021107	https://dismech.monarchinitiative.org/pages/disorders/Narcolepsy.html	MONDO:DisMech
MONDO:0021116	https://dismech.monarchinitiative.org/pages/disorders/ER_Positive_Breast_Cancer.html	MONDO:DisMech
MONDO:0021187	https://dismech.monarchinitiative.org/pages/disorders/Hyperlipidemia.html	MONDO:DisMech
MONDO:0021553	https://dismech.monarchinitiative.org/pages/disorders/Transverse_Myelitis.html	MONDO:DisMech
MONDO:0021944	https://dismech.monarchinitiative.org/pages/disorders/Auditory_Neuropathy.html	MONDO:DisMech
MONDO:0022666	https://dismech.monarchinitiative.org/pages/disorders/Konzo.html	MONDO:DisMech
MONDO:0023152	https://dismech.monarchinitiative.org/pages/disorders/Fibrocartilaginous_Embolism.html	MONDO:DisMech
MONDO:0024250	https://dismech.monarchinitiative.org/pages/disorders/Acute_Lichenoid_Pityriasis.html	MONDO:DisMech
MONDO:0024336	https://dismech.monarchinitiative.org/pages/disorders/Vulvar_Adenocarcinoma.html	MONDO:DisMech
MONDO:0024377	https://dismech.monarchinitiative.org/pages/disorders/Delayed_Sleep_Phase_Syndrome.html	MONDO:DisMech
MONDO:0024472	https://dismech.monarchinitiative.org/pages/disorders/Boutonneuse_Fever.html	MONDO:DisMech
MONDO:0024503	https://dismech.monarchinitiative.org/pages/disorders/Gastroenteropancreatic_Neuroendocrine_Neoplasm.html	MONDO:DisMech
MONDO:0024537	https://dismech.monarchinitiative.org/pages/disorders/Brown-Vialetto-Van_Laere_Syndrome.html	MONDO:DisMech
MONDO:0024574	https://dismech.monarchinitiative.org/pages/disorders/Hereditary_von_Willebrand_Disease.html	MONDO:DisMech
MONDO:0024608	https://dismech.monarchinitiative.org/pages/disorders/Dientamoebiasis.html	MONDO:DisMech
MONDO:0025193	https://dismech.monarchinitiative.org/pages/disorders/Oculopharyngodistal_Myopathy.html	MONDO:DisMech
MONDO:0025294	https://dismech.monarchinitiative.org/pages/disorders/Southern_Tick-Associated_Rash_Illness.html	MONDO:DisMech
MONDO:0025514	https://dismech.monarchinitiative.org/pages/disorders/Livedoid_Vasculopathy.html	MONDO:DisMech
MONDO:0026045	https://dismech.monarchinitiative.org/pages/disorders/Prurigo_Nodularis.html	MONDO:DisMech
MONDO:0026777	https://dismech.monarchinitiative.org/pages/disorders/VEXAS_Syndrome.html	MONDO:DisMech
MONDO:0030045	https://dismech.monarchinitiative.org/pages/disorders/Liberfarb_syndrome.html	MONDO:DisMech
MONDO:0030714	https://dismech.monarchinitiative.org/pages/disorders/Osteogenesis_Imperfecta_Type_XXII.html	MONDO:DisMech
MONDO:0030861	https://dismech.monarchinitiative.org/pages/disorders/Osteogenesis_Imperfecta_Type_XXI.html	MONDO:DisMech
MONDO:0031014	https://dismech.monarchinitiative.org/pages/disorders/Autoimmune_Gastritis.html	MONDO:DisMech
MONDO:0032485	https://dismech.monarchinitiative.org/pages/disorders/MED13_Syndrome.html	MONDO:DisMech
MONDO:0032600	https://dismech.monarchinitiative.org/pages/disorders/Snijders_Blok-Campeau_Syndrome.html	MONDO:DisMech
MONDO:0032780	https://dismech.monarchinitiative.org/pages/disorders/HIDEA_Syndrome.html	MONDO:DisMech
MONDO:0032846	https://dismech.monarchinitiative.org/pages/disorders/Osteogenesis_Imperfecta_Type_XX.html	MONDO:DisMech
MONDO:0032882	https://dismech.monarchinitiative.org/pages/disorders/Heyn-Sproul-Jackson_syndrome.html	MONDO:DisMech
MONDO:0033365	https://dismech.monarchinitiative.org/pages/disorders/YWHAG_Syndrome.html	MONDO:DisMech
MONDO:0033375	https://dismech.monarchinitiative.org/pages/disorders/Orofaciodigital_Syndrome_17.html	MONDO:DisMech
MONDO:0033558	https://dismech.monarchinitiative.org/pages/disorders/Autoinflammation_Immune_Dysregulation_and_Eosinophilia.html	MONDO:DisMech
MONDO:0033635	https://dismech.monarchinitiative.org/pages/disorders/COX10-Related_COX_Deficiency.html	MONDO:DisMech
MONDO:0033636	https://dismech.monarchinitiative.org/pages/disorders/SCO1-Related_COX_Deficiency.html	MONDO:DisMech
MONDO:0033637	https://dismech.monarchinitiative.org/pages/disorders/COX6B1-Related_COX_Deficiency.html	MONDO:DisMech
MONDO:0033638	https://dismech.monarchinitiative.org/pages/disorders/TACO1-Related_COX_Deficiency.html	MONDO:DisMech
MONDO:0033639	https://dismech.monarchinitiative.org/pages/disorders/COX14-Related_COX_Deficiency.html	MONDO:DisMech
MONDO:0033645	https://dismech.monarchinitiative.org/pages/disorders/COX20-Related_COX_Deficiency.html	MONDO:DisMech
MONDO:0033646	https://dismech.monarchinitiative.org/pages/disorders/PET100-Related_COX_Deficiency.html	MONDO:DisMech
MONDO:0033649	https://dismech.monarchinitiative.org/pages/disorders/COA3-Related_COX_Deficiency.html	MONDO:DisMech
MONDO:0033650	https://dismech.monarchinitiative.org/pages/disorders/COX8A-Related_COX_Deficiency.html	MONDO:DisMech
MONDO:0033651	https://dismech.monarchinitiative.org/pages/disorders/COX4I1-Related_COX_Deficiency.html	MONDO:DisMech
MONDO:0033652	https://dismech.monarchinitiative.org/pages/disorders/COA8-Related_COX_Deficiency.html	MONDO:DisMech
MONDO:0033653	https://dismech.monarchinitiative.org/pages/disorders/COX6A2-Related_COX_Deficiency.html	MONDO:DisMech
MONDO:0033654	https://dismech.monarchinitiative.org/pages/disorders/PET117-Related_COX_Deficiency.html	MONDO:DisMech
MONDO:0033655	https://dismech.monarchinitiative.org/pages/disorders/COX5A-Related_COX_Deficiency.html	MONDO:DisMech
MONDO:0033656	https://dismech.monarchinitiative.org/pages/disorders/COXFA4-Related_COX_Deficiency.html	MONDO:DisMech
MONDO:0033664	https://dismech.monarchinitiative.org/pages/disorders/Kilquist_Syndrome.html	MONDO:DisMech
MONDO:0033667	https://dismech.monarchinitiative.org/pages/disorders/Delpire-McNeill_Syndrome.html	MONDO:DisMech
MONDO:0034145	https://dismech.monarchinitiative.org/pages/disorders/Oculocerebrodental_Syndrome.html	MONDO:DisMech
MONDO:0035423	https://dismech.monarchinitiative.org/pages/disorders/Primary_Triglyceride_Deposit_Cardiomyovasculopathy.html	MONDO:DisMech
MONDO:0035540	https://dismech.monarchinitiative.org/pages/disorders/Pacak-Zhuang_syndrome.html	MONDO:DisMech
MONDO:0035540	https://dismech.monarchinitiative.org/pages/disorders/Pheochromocytoma_Paraganglioma.html	MONDO:DisMech
MONDO:0035605	https://dismech.monarchinitiative.org/pages/disorders/B-Lymphoblastic_Leukemia_Lymphoma_With_Recurrent_Genetic_Abnormality.html	MONDO:DisMech
MONDO:0035663	https://dismech.monarchinitiative.org/pages/disorders/Neuromyelitis_Optica_Spectrum_Disorder_with_Anti-AQP4_Antibodies.html	MONDO:DisMech
MONDO:0036189	https://dismech.monarchinitiative.org/pages/disorders/Oculogastrointestinal-Neurodevelopmental_Syndrome.html	MONDO:DisMech
MONDO:0037251	https://dismech.monarchinitiative.org/pages/disorders/Congestive_Splenomegaly.html	MONDO:DisMech
MONDO:0040679	https://dismech.monarchinitiative.org/pages/disorders/FGFR_Altered_Urothelial_Carcinoma.html	MONDO:DisMech
MONDO:0041996	https://dismech.monarchinitiative.org/pages/disorders/Thallium_Poisoning.html	MONDO:DisMech
MONDO:0042495	https://dismech.monarchinitiative.org/pages/disorders/Arteriosclerotic_Retinopathy.html	MONDO:DisMech
MONDO:0043267	https://dismech.monarchinitiative.org/pages/disorders/Rheumatoid_Vasculitis.html	MONDO:DisMech
MONDO:0043339	https://dismech.monarchinitiative.org/pages/disorders/Lathyrism.html	MONDO:DisMech
MONDO:0043512	https://dismech.monarchinitiative.org/pages/disorders/Chronic_Traumatic_Encephalopathy.html	MONDO:DisMech
MONDO:0043523	https://dismech.monarchinitiative.org/pages/disorders/Cadmium_Poisoning.html	MONDO:DisMech
MONDO:0043693	https://dismech.monarchinitiative.org/pages/disorders/Alcoholic_Liver_Disease.html	MONDO:DisMech
MONDO:0044092	https://dismech.monarchinitiative.org/pages/disorders/Collagenous_Sprue.html	MONDO:DisMech
MONDO:0044205	https://dismech.monarchinitiative.org/pages/disorders/EFL1-related_Shwachman-Diamond_syndrome.html	MONDO:DisMech
MONDO:0044315	https://dismech.monarchinitiative.org/pages/disorders/SMAD6-related_Craniosynostosis.html	MONDO:DisMech
MONDO:0044329	https://dismech.monarchinitiative.org/pages/disorders/Osteogenesis_Imperfecta_Type_XVIII.html	MONDO:DisMech
MONDO:0044705	https://dismech.monarchinitiative.org/pages/disorders/Paranasal_Sinus_Squamous_Cell_Carcinoma.html	MONDO:DisMech
MONDO:0044739	https://dismech.monarchinitiative.org/pages/disorders/Allopurinol_Induced_SJS_TEN.html	MONDO:DisMech
MONDO:0044776	https://dismech.monarchinitiative.org/pages/disorders/MCM8-related_gametogenic_failure.html	MONDO:DisMech
MONDO:0044884	https://dismech.monarchinitiative.org/pages/disorders/Primary_Tonsillar_Lymphoma.html	MONDO:DisMech
MONDO:0044923	https://dismech.monarchinitiative.org/pages/disorders/NPM1_Mutant_AML.html	MONDO:DisMech
MONDO:0044926	https://dismech.monarchinitiative.org/pages/disorders/HPV_Positive_Head_and_Neck_Cancer.html	MONDO:DisMech
MONDO:0045047	https://dismech.monarchinitiative.org/pages/disorders/Neurosarcoidosis.html	MONDO:DisMech
MONDO:0049223	https://dismech.monarchinitiative.org/pages/disorders/Osteogenesis_Imperfecta_Type_XIX.html	MONDO:DisMech
MONDO:0054591	https://dismech.monarchinitiative.org/pages/disorders/Stankiewicz_Isidor_syndrome.html	MONDO:DisMech
MONDO:0054601	https://dismech.monarchinitiative.org/pages/disorders/CDH23-associated_pituitary_adenoma_5.html	MONDO:DisMech
MONDO:0060562	https://dismech.monarchinitiative.org/pages/disorders/NELABA.html	MONDO:DisMech
MONDO:0060568	https://dismech.monarchinitiative.org/pages/disorders/Pilarowski-Bjornsson_syndrome.html	MONDO:DisMech
MONDO:0060650	https://dismech.monarchinitiative.org/pages/disorders/Leber_Congenital_Amaurosis_with_Early-Onset_Deafness.html	MONDO:DisMech
MONDO:0100014	https://dismech.monarchinitiative.org/pages/disorders/Autoimmune_Retinopathy.html	MONDO:DisMech
MONDO:0100038	https://dismech.monarchinitiative.org/pages/disorders/BLOC1S1-related_Complex_Neurodevelopmental_Disorder_with_Leukodystrophy.html	MONDO:DisMech
MONDO:0100040	https://dismech.monarchinitiative.org/pages/disorders/FOXG1_Disorder.html	MONDO:DisMech
MONDO:0100091	https://dismech.monarchinitiative.org/pages/disorders/Pseudoxanthoma_Elasticum.html	MONDO:DisMech
MONDO:0100094	https://dismech.monarchinitiative.org/pages/disorders/Cannabis_Hyperemesis_Syndrome.html	MONDO:DisMech
MONDO:0100096	https://dismech.monarchinitiative.org/pages/disorders/COVID-19.html	MONDO:DisMech
MONDO:0100099	https://dismech.monarchinitiative.org/pages/disorders/Retrograde_Cricopharyngeus_Dysfunction.html	MONDO:DisMech
MONDO:0100115	https://dismech.monarchinitiative.org/pages/disorders/Acute_Flaccid_Myelitis.html	MONDO:DisMech
MONDO:0100116	https://dismech.monarchinitiative.org/pages/disorders/Middle_East_Respiratory_Syndrome.html	MONDO:DisMech
MONDO:0100126	https://dismech.monarchinitiative.org/pages/disorders/ALDH18A1_De_Barsy_Spectrum.html	MONDO:DisMech
MONDO:0100135	https://dismech.monarchinitiative.org/pages/disorders/Dravet_syndrome.html	MONDO:DisMech
MONDO:0100154	https://dismech.monarchinitiative.org/pages/disorders/TUBB3-related_Tubulinopathy.html	MONDO:DisMech
MONDO:0100162	https://dismech.monarchinitiative.org/pages/disorders/IKBKG_Ectodermal_Dysplasia_with_Immunodeficiency.html	MONDO:DisMech
MONDO:0100163	https://dismech.monarchinitiative.org/pages/disorders/Multisystem_Inflammatory_Syndrome_in_Children_MIS-C.html	MONDO:DisMech
MONDO:0100197	https://dismech.monarchinitiative.org/pages/disorders/Parainfluenza_Virus_Infection.html	MONDO:DisMech
MONDO:0100233	https://dismech.monarchinitiative.org/pages/disorders/Long_COVID.html	MONDO:DisMech
MONDO:0100234	https://dismech.monarchinitiative.org/pages/disorders/Paroxysmal_Familial_Ventricular_Fibrillation.html	MONDO:DisMech
MONDO:0100249	https://dismech.monarchinitiative.org/pages/disorders/46_XX_Testicular_DSD.html	MONDO:DisMech
MONDO:0100254	https://dismech.monarchinitiative.org/pages/disorders/CACNA1A_Related_Disorder.html	MONDO:DisMech
MONDO:0100255	https://dismech.monarchinitiative.org/pages/disorders/Adenosine_Kinase_Deficiency.html	MONDO:DisMech
MONDO:0100280	https://dismech.monarchinitiative.org/pages/disorders/Waldenstrom_Macroglobulinemia.html	MONDO:DisMech
MONDO:0100313	https://dismech.monarchinitiative.org/pages/disorders/Focal_Segmental_Glomerulosclerosis.html	MONDO:DisMech
MONDO:0100339	https://dismech.monarchinitiative.org/pages/disorders/Friedreich_Ataxia.html	MONDO:DisMech
MONDO:0100371	https://dismech.monarchinitiative.org/pages/disorders/Acute_Hepatitis_C_Virus_Infection.html	MONDO:DisMech
MONDO:0100415	https://dismech.monarchinitiative.org/pages/disorders/FLT3_Mutant_AML.html	MONDO:DisMech
MONDO:0100437	https://dismech.monarchinitiative.org/pages/disorders/RPGR-Related_Retinopathy.html	MONDO:DisMech
MONDO:0100453	https://dismech.monarchinitiative.org/pages/disorders/GUCY2D-Related_Retinopathy.html	MONDO:DisMech
MONDO:0100494	https://dismech.monarchinitiative.org/pages/disorders/TTN_Related_Myopathy_Dominant_Negative_TTNsv.html	MONDO:DisMech
MONDO:0100595	https://dismech.monarchinitiative.org/pages/disorders/Furunculosis.html	MONDO:DisMech
MONDO:0400000	https://dismech.monarchinitiative.org/pages/disorders/Small_Intestinal_Bacterial_Overgrowth.html	MONDO:DisMech
MONDO:0400005	https://dismech.monarchinitiative.org/pages/disorders/Refeeding_Syndrome.html	MONDO:DisMech
MONDO:0700215	https://dismech.monarchinitiative.org/pages/disorders/NTRK_Fusion_Positive_Cancer.html	MONDO:DisMech
MONDO:0700238	https://dismech.monarchinitiative.org/pages/disorders/BEST1-Related_Dominant_Retinopathy.html	MONDO:DisMech
MONDO:0700250	https://dismech.monarchinitiative.org/pages/disorders/SURF1-Related_Leigh_Syndrome.html	MONDO:DisMech
MONDO:0700354	https://dismech.monarchinitiative.org/pages/disorders/Brachyphalangy_Polydactyly_Tibial_Aplasia_Syndrome.html	MONDO:DisMech
MONDO:0700374	https://dismech.monarchinitiative.org/pages/disorders/CFAP418-related_Retinal_Ciliopathy.html	MONDO:DisMech
MONDO:0700380	https://dismech.monarchinitiative.org/pages/disorders/RHO-Related_Retinopathy.html	MONDO:DisMech
MONDO:0700393	https://dismech.monarchinitiative.org/pages/disorders/Idiopathic_Triglyceride_Deposit_Cardiomyovasculopathy.html	MONDO:DisMech
MONDO:0800027	https://dismech.monarchinitiative.org/pages/disorders/Hereditary_Diffuse_Leukoencephalopathy_with_Spheroids.html	MONDO:DisMech
MONDO:0800124	https://dismech.monarchinitiative.org/pages/disorders/Lane_Hamilton_Syndrome.html	MONDO:DisMech
MONDO:0800448	https://dismech.monarchinitiative.org/pages/disorders/Leukoencephalopathy_With_Vanishing_White_Matter.html	MONDO:DisMech
MONDO:0800504	https://dismech.monarchinitiative.org/pages/disorders/Idiopathic_Pulmonary_Fibrosis.html	MONDO:DisMech
MONDO:0850058	https://dismech.monarchinitiative.org/pages/disorders/Chronic_Neurovisceral_Acid_Sphingomyelinase_Deficiency.html	MONDO:DisMech
MONDO:0850110	https://dismech.monarchinitiative.org/pages/disorders/Melanoma_in_Congenital_Melanocytic_Nevus.html	MONDO:DisMech
MONDO:0850196	https://dismech.monarchinitiative.org/pages/disorders/Medulloblastoma_WNT_Activated.html	MONDO:DisMech
MONDO:0850197	https://dismech.monarchinitiative.org/pages/disorders/Medulloblastoma_SHH_Activated.html	MONDO:DisMech
MONDO:0850335	https://dismech.monarchinitiative.org/pages/disorders/Glioblastoma_IDH_Wildtype.html	MONDO:DisMech
MONDO:0859160	https://dismech.monarchinitiative.org/pages/disorders/COX16-Related_COX_Deficiency.html	MONDO:DisMech
MONDO:0859220	https://dismech.monarchinitiative.org/pages/disorders/Ferguson-Bonni_Neurodevelopmental_Syndrome.html	MONDO:DisMech
MONDO:0859249	https://dismech.monarchinitiative.org/pages/disorders/Parenti-Mignot_Neurodevelopmental_Syndrome.html	MONDO:DisMech
MONDO:0859251	https://dismech.monarchinitiative.org/pages/disorders/Dentici-Novelli_neurodevelopmental_syndrome.html	MONDO:DisMech
MONDO:0859520	https://dismech.monarchinitiative.org/pages/disorders/COX11-Related_COX_Deficiency.html	MONDO:DisMech
MONDO:0859592	https://dismech.monarchinitiative.org/pages/disorders/IDH_Mutant_Oligodendroglioma.html	MONDO:DisMech
MONDO:0956994	https://dismech.monarchinitiative.org/pages/disorders/IDH_Mutant_Astrocytoma.html	MONDO:DisMech
MONDO:0957452	https://dismech.monarchinitiative.org/pages/disorders/Segmental_Arterial_Mediolysis.html	MONDO:DisMech
MONDO:0957524	https://dismech.monarchinitiative.org/pages/disorders/Reversible_Infantile_Cytochrome_c_Oxidase_Deficiency.html	MONDO:DisMech
MONDO:0957553	https://dismech.monarchinitiative.org/pages/disorders/Houge-Janssens_Syndrome.html	MONDO:DisMech
MONDO:0957988	https://dismech.monarchinitiative.org/pages/disorders/Osteogenesis_Imperfecta_Type_XXIII.html	MONDO:DisMech
MONDO:0958174	https://dismech.monarchinitiative.org/pages/disorders/PTCH1-related_Nevoid_Basal_Cell_Carcinoma_Syndrome.html	MONDO:DisMech
MONDO:0958189	https://dismech.monarchinitiative.org/pages/disorders/SUFU-related_Nevoid_Basal_Cell_Carcinoma_Syndrome.html	MONDO:DisMech
MONDO:0971031	https://dismech.monarchinitiative.org/pages/disorders/Auto-Brewery_Syndrome.html	MONDO:DisMech
MONDO:0971063	https://dismech.monarchinitiative.org/pages/disorders/Autosomal_Dominant_Dopa_Responsive_Dystonia.html	MONDO:DisMech
MONDO:0971174	https://dismech.monarchinitiative.org/pages/disorders/Multiple_Mitochondrial_Dysfunctions_Syndrome_9B.html	MONDO:DisMech
MONDO:0971176	https://dismech.monarchinitiative.org/pages/disorders/HROB-related_gametogenic_failure.html	MONDO:DisMech
MONDO:0979258	https://dismech.monarchinitiative.org/pages/disorders/Cerebral_Proliferative_Angiopathy.html	MONDO:DisMech
MONDO:0979323	https://dismech.monarchinitiative.org/pages/disorders/Carotid_Web.html	MONDO:DisMech
MONDO:0979871	https://dismech.monarchinitiative.org/pages/disorders/Alsahan-Harris_Syndrome.html	MONDO:DisMech
MONDO:0980755	https://dismech.monarchinitiative.org/pages/disorders/FASTKD5-Related_COX_Deficiency.html	MONDO:DisMech
MONDO:0980940	https://dismech.monarchinitiative.org/pages/disorders/UNC13A_Congenital_NDD_with_Epilepsy.html	MONDO:DisMech
MONDO:0980941	https://dismech.monarchinitiative.org/pages/disorders/UNC13A_NDD_with_Seizures_and_Movement_Disorder.html	MONDO:DisMech
MONDO:0980970	https://dismech.monarchinitiative.org/pages/disorders/COX18-Related_COX_Deficiency.html	MONDO:DisMech
MONDO:1010182	https://dismech.monarchinitiative.org/pages/disorders/Premenstrual_Dysphoric_Disorder.html	MONDO:DisMech
MONDO:1040001	https://dismech.monarchinitiative.org/pages/disorders/TP63_Ectodermal_Dysplasia_Spectrum.html	MONDO:DisMech
MONDO:1040024	https://dismech.monarchinitiative.org/pages/disorders/MOGAD.html	MONDO:DisMech
MONDO:1040055	https://dismech.monarchinitiative.org/pages/disorders/PRPH2-Related_Retinopathy.html	MONDO:DisMech
MONDO:1060134	https://dismech.monarchinitiative.org/pages/disorders/Coronary_Artery_Disease.html	MONDO:DisMech
MONDO:1060148	https://dismech.monarchinitiative.org/pages/disorders/Empty_Nose_Syndrome.html	MONDO:DisMech
MONDO:1060166	https://dismech.monarchinitiative.org/pages/disorders/Giant_Cell_Hepatitis_With_Autoimmune_Hemolytic_Anemia.html	MONDO:DisMech
MONDO:1060171	https://dismech.monarchinitiative.org/pages/disorders/H3_K27_Altered_Diffuse_Midline_Glioma.html	MONDO:DisMech
MONDO:1060194	https://dismech.monarchinitiative.org/pages/disorders/FAS-related_Autoimmune_Lymphoproliferative_Syndrome.html	MONDO:DisMech
MONDO:1060198	https://dismech.monarchinitiative.org/pages/disorders/Ischemic_Stroke.html	MONDO:DisMech
MONDO:1060211	https://dismech.monarchinitiative.org/pages/disorders/NR5A1_Related_Sex_Development_Disorder.html	MONDO:DisMech
MONDO:1060214	https://dismech.monarchinitiative.org/pages/disorders/SYCE1_Related_Gametogenic_Failure.html	MONDO:DisMech
MONDO:1060223	https://dismech.monarchinitiative.org/pages/disorders/RNU12-related_Minor_Spliceopathy.html	MONDO:DisMech
MONDO:8000010	https://dismech.monarchinitiative.org/pages/disorders/Antiphospholipid_Syndrome.html	MONDO:DisMech
