subject_id	subject_label	predicate_id	object_id	object_label	mapping_justification	mapping_tool	confidence	subject_match_field	object_match_field	match_string	comment
MONDO:0000241	Keshan disease	skos:closeMatch	icd11.foundation:1736124057	Congestive cardiomyopathy due to selenium deficiency	semapv:LexicalMatching	oaklib	0.5	oio:hasRelatedSynonym	oio:hasExactSynonym	congestive cardiomyopathy due to selenium deficiency	LEXMATCH
MONDO:0000241	Keshan disease	skos:closeMatch	icd11.foundation:1736124057	Congestive cardiomyopathy due to selenium deficiency	semapv:LexicalMatching	oaklib	0.5	oio:hasRelatedSynonym	rdfs:label	congestive cardiomyopathy due to selenium deficiency	LEXMATCH
MONDO:0000253	piedra	skos:closeMatch	icd11.foundation:1042823388	Corticosteroid-modified dermatophytosis	semapv:LexicalMatching	oaklib	0.5	oio:hasNarrowSynonym	oio:hasExactSynonym	steroid-modified tinea infection	LEXMATCH
MONDO:0000261	adenoiditis	skos:closeMatch	icd11.foundation:1952300555	Chronic adenoiditis	semapv:LexicalMatching	oaklib	0.5	oio:hasNarrowSynonym	oio:hasExactSynonym	chronic adenoiditis	LEXMATCH
MONDO:0000261	adenoiditis	skos:closeMatch	icd11.foundation:1952300555	Chronic adenoiditis	semapv:LexicalMatching	oaklib	0.5	oio:hasNarrowSynonym	rdfs:label	chronic adenoiditis	LEXMATCH
MONDO:0000367	taeniasis	skos:closeMatch	icd11.foundation:1689945769	Taeniasis due to Taenia saginata	semapv:LexicalMatching	oaklib	0.5	oio:hasRelatedSynonym	oio:hasExactSynonym	infection by taenia saginata	LEXMATCH
MONDO:0000367	taeniasis	skos:closeMatch	icd11.foundation:1689945769	Taeniasis due to Taenia saginata	semapv:LexicalMatching	oaklib	0.5	oio:hasRelatedSynonym	oio:hasExactSynonym	unarmed tapeworm infection	LEXMATCH
MONDO:0000376	respiratory system cancer	skos:closeMatch	icd11.foundation:401100796	Malignant neoplasms of the respiratory system	semapv:LexicalMatching	oaklib	0.5	rdf:ID	oio:hasDbXref-INVERSE	mondo:0000376	LEXMATCH
MONDO:0000376	respiratory system cancer	skos:closeMatch	icd11.foundation:401100796	Malignant neoplasms of the respiratory system	semapv:LexicalMatching	oaklib	0.5	rdf:ID	skos:narrowMatch-INVERSE	mondo:0000376	LEXMATCH
MONDO:0000455	cone dystrophy	skos:closeMatch	icd11.foundation:952706927	Progressive cone dystrophy	semapv:LexicalMatching	oaklib	0.5	oio:hasNarrowSynonym	oio:hasExactSynonym	progressive cone dystrophy	LEXMATCH
MONDO:0000455	cone dystrophy	skos:closeMatch	icd11.foundation:952706927	Progressive cone dystrophy	semapv:LexicalMatching	oaklib	0.5	oio:hasNarrowSynonym	rdfs:label	progressive cone dystrophy	LEXMATCH
MONDO:0000596	paraphilic disorder	skos:closeMatch	icd11.foundation:2110604642	Paraphilic disorders	semapv:LexicalMatching	oaklib	0.5	oio:hasRelatedSynonym	oio:hasExactSynonym	paraphilias	LEXMATCH
MONDO:0000686	alexia without agraphia	skos:closeMatch	icd11.foundation:449003271	Visual verbal agnosia	semapv:LexicalMatching	oaklib	0.5	oio:hasRelatedSynonym	oio:hasExactSynonym	visual verbal agnosia	LEXMATCH
MONDO:0000686	alexia without agraphia	skos:closeMatch	icd11.foundation:449003271	Visual verbal agnosia	semapv:LexicalMatching	oaklib	0.5	oio:hasRelatedSynonym	rdfs:label	visual verbal agnosia	LEXMATCH
MONDO:0000903	myoclonus-dystonia syndrome	skos:closeMatch	icd11.foundation:1047919249	Myoclonus-dystonia	semapv:LexicalMatching	oaklib	0.5	oio:hasRelatedSynonym	oio:hasExactSynonym	myoclonus-dystonia	LEXMATCH
MONDO:0000903	myoclonus-dystonia syndrome	skos:closeMatch	icd11.foundation:1047919249	Myoclonus-dystonia	semapv:LexicalMatching	oaklib	0.5	oio:hasRelatedSynonym	rdfs:label	myoclonus-dystonia	LEXMATCH
MONDO:0000936	syphilitic meningitis	skos:closeMatch	icd11.foundation:44646083	Meningitis due to Treponema pallidum	semapv:LexicalMatching	oaklib	0.5	oio:hasRelatedSynonym	oio:hasExactSynonym	meningeal syphilis	LEXMATCH
MONDO:0000945	venous insufficiency	skos:closeMatch	icd11.foundation:2057222152	Chronic peripheral venous insufficiency of lower extremities	semapv:LexicalMatching	oaklib	0.5	oio:hasNarrowSynonym	oio:hasExactSynonym	peripheral venous insufficiency	LEXMATCH
MONDO:0001024	pneumonic plague	skos:closeMatch	icd11.foundation:773419791	Secondary pneumonic plague	semapv:LexicalMatching	oaklib	0.5	oio:hasNarrowSynonym	oio:hasExactSynonym	secondary pneumonic plague	LEXMATCH
MONDO:0001024	pneumonic plague	skos:closeMatch	icd11.foundation:773419791	Secondary pneumonic plague	semapv:LexicalMatching	oaklib	0.5	oio:hasNarrowSynonym	rdfs:label	secondary pneumonic plague	LEXMATCH
MONDO:0001147	meningocele	skos:closeMatch	icd11.foundation:766441237	Congenital meningocele	semapv:LexicalMatching	oaklib	0.5	oio:hasNarrowSynonym	oio:hasExactSynonym	spinal meningocele	LEXMATCH
MONDO:0001221	esophageal varices	skos:closeMatch	icd11.foundation:949012083	Oesophageal varices with bleeding	semapv:LexicalMatching	oaklib	0.5	oio:hasNarrowSynonym	oio:hasExactSynonym	bleeding oesophageal varices	LEXMATCH
MONDO:0001294	Horner syndrome	skos:closeMatch	icd11.foundation:1159758008	Horner syndrome, acquired	semapv:LexicalMatching	oaklib	0.5	oio:hasRelatedSynonym	oio:hasExactSynonym	bernard-horner syndrome	LEXMATCH
MONDO:0001564	binocular vision disease	skos:closeMatch	icd11.foundation:1689572958	Simultaneous visual perception without fusion	semapv:LexicalMatching	oaklib	0.5	oio:hasNarrowSynonym	oio:hasExactSynonym	simultaneous visual perception without fusion	LEXMATCH
MONDO:0001564	binocular vision disease	skos:closeMatch	icd11.foundation:1689572958	Simultaneous visual perception without fusion	semapv:LexicalMatching	oaklib	0.5	oio:hasNarrowSynonym	rdfs:label	simultaneous visual perception without fusion	LEXMATCH
MONDO:0001586	mucopolysaccharidosis type 1	skos:closeMatch	icd11.foundation:1925191093	Mucopolysaccharidosis type 1H	semapv:LexicalMatching	oaklib	0.5	oio:hasNarrowSynonym	oio:hasExactSynonym	hurler syndrome	LEXMATCH
MONDO:0001713	inherited aplastic anemia	skos:closeMatch	icd11.foundation:350719523	Congenital aplastic anaemia	semapv:LexicalMatching	oaklib	0.5	oio:hasRelatedSynonym	oio:hasExactSynonym	congenital aplastic anaemia	LEXMATCH
MONDO:0001713	inherited aplastic anemia	skos:closeMatch	icd11.foundation:350719523	Congenital aplastic anaemia	semapv:LexicalMatching	oaklib	0.5	oio:hasRelatedSynonym	rdfs:label	congenital aplastic anaemia	LEXMATCH
MONDO:0001713	inherited aplastic anemia	skos:closeMatch	icd11.foundation:557764336	Congenital hypoplastic anaemia	semapv:LexicalMatching	oaklib	0.5	oio:hasRelatedSynonym	oio:hasExactSynonym	congenital hypoplastic anaemia	LEXMATCH
MONDO:0001713	inherited aplastic anemia	skos:closeMatch	icd11.foundation:557764336	Congenital hypoplastic anaemia	semapv:LexicalMatching	oaklib	0.5	oio:hasRelatedSynonym	rdfs:label	congenital hypoplastic anaemia	LEXMATCH
MONDO:0001714	bejel	skos:closeMatch	icd11.foundation:1186214944	Endemic non-venereal syphilis	semapv:LexicalMatching	oaklib	0.5	oio:hasRelatedSynonym	oio:hasExactSynonym	dichuchwa	LEXMATCH
MONDO:0001714	bejel	skos:closeMatch	icd11.foundation:1186214944	Endemic non-venereal syphilis	semapv:LexicalMatching	oaklib	0.5	oio:hasRelatedSynonym	oio:hasExactSynonym	endemic syphilis	LEXMATCH
MONDO:0001714	bejel	skos:closeMatch	icd11.foundation:1186214944	Endemic non-venereal syphilis	semapv:LexicalMatching	oaklib	0.5	oio:hasRelatedSynonym	oio:hasExactSynonym	frenga	LEXMATCH
MONDO:0001858	Tietze syndrome	skos:closeMatch	icd11.foundation:830290763	Costochondritis	semapv:LexicalMatching	oaklib	0.5	oio:hasRelatedSynonym	oio:hasExactSynonym	chondropathia tuberosa	LEXMATCH
MONDO:0002025	psychiatric disorder	skos:closeMatch	icd11.foundation:334423054	Mental, behavioural or neurodevelopmental disorders	semapv:LexicalMatching	oaklib	0.5	oio:hasNarrowSynonym	oio:hasExactSynonym	mental illness	LEXMATCH
MONDO:0002052	lymphadenitis	skos:closeMatch	icd11.foundation:1085750085	Chronic lymphadenitis	semapv:LexicalMatching	oaklib	0.5	oio:hasNarrowSynonym	oio:hasExactSynonym	chronic adenitis	LEXMATCH
MONDO:0002052	lymphadenitis	skos:closeMatch	icd11.foundation:1085750085	Chronic lymphadenitis	semapv:LexicalMatching	oaklib	0.5	oio:hasNarrowSynonym	oio:hasExactSynonym	chronic lymphadenitis	LEXMATCH
MONDO:0002052	lymphadenitis	skos:closeMatch	icd11.foundation:1085750085	Chronic lymphadenitis	semapv:LexicalMatching	oaklib	0.5	oio:hasNarrowSynonym	rdfs:label	chronic lymphadenitis	LEXMATCH
MONDO:0002052	lymphadenitis	skos:closeMatch	icd11.foundation:1542124704	Acute lymphadenitis	semapv:LexicalMatching	oaklib	0.5	oio:hasNarrowSynonym	oio:hasExactSynonym	acute lymphadenitis	LEXMATCH
MONDO:0002052	lymphadenitis	skos:closeMatch	icd11.foundation:1542124704	Acute lymphadenitis	semapv:LexicalMatching	oaklib	0.5	oio:hasNarrowSynonym	rdfs:label	acute lymphadenitis	LEXMATCH
MONDO:0002104	conversion disorder	skos:closeMatch	icd11.foundation:667331774	Functional movement disorder	semapv:LexicalMatching	oaklib	0.5	oio:hasRelatedSynonym	oio:hasExactSynonym	functional movement disorder	LEXMATCH
MONDO:0002104	conversion disorder	skos:closeMatch	icd11.foundation:667331774	Functional movement disorder	semapv:LexicalMatching	oaklib	0.5	oio:hasRelatedSynonym	rdfs:label	functional movement disorder	LEXMATCH
MONDO:0002155	cholecystitis	skos:closeMatch	icd11.foundation:507077490	Chronic cholecystitis	semapv:LexicalMatching	oaklib	0.5	oio:hasNarrowSynonym	oio:hasExactSynonym	chronic cholecystitis	LEXMATCH
MONDO:0002155	cholecystitis	skos:closeMatch	icd11.foundation:507077490	Chronic cholecystitis	semapv:LexicalMatching	oaklib	0.5	oio:hasNarrowSynonym	rdfs:label	chronic cholecystitis	LEXMATCH
MONDO:0002155	cholecystitis	skos:closeMatch	icd11.foundation:542292436	Acute on chronic cholecystitis	semapv:LexicalMatching	oaklib	0.5	oio:hasNarrowSynonym	oio:hasExactSynonym	acute on chronic cholecystitis	LEXMATCH
MONDO:0002155	cholecystitis	skos:closeMatch	icd11.foundation:542292436	Acute on chronic cholecystitis	semapv:LexicalMatching	oaklib	0.5	oio:hasNarrowSynonym	rdfs:label	acute on chronic cholecystitis	LEXMATCH
MONDO:0002181	exostosis	skos:closeMatch	icd11.foundation:1204993220	Swimmer's exostosis	semapv:LexicalMatching	oaklib	0.5	oio:hasNarrowSynonym	oio:hasExactSynonym	swimmers exostosis	LEXMATCH
MONDO:0002181	exostosis	skos:closeMatch	icd11.foundation:1204993220	Swimmer's exostosis	semapv:LexicalMatching	oaklib	0.5	oio:hasNarrowSynonym	rdfs:label	swimmers exostosis	LEXMATCH
MONDO:0002181	exostosis	skos:closeMatch	icd11.foundation:1336044953	Exostosis of orbit	semapv:LexicalMatching	oaklib	0.5	oio:hasNarrowSynonym	oio:hasExactSynonym	orbital exostosis	LEXMATCH
MONDO:0002203	constipation disorder	skos:closeMatch	icd11.foundation:1981595639	Slow transit constipation	semapv:LexicalMatching	oaklib	0.5	oio:hasRelatedSynonym	oio:hasExactSynonym	colonic inertia	LEXMATCH
MONDO:0002209	heel spur	skos:closeMatch	icd11.foundation:1529210716	Calcaneal spur	semapv:LexicalMatching	oaklib	0.5	oio:hasRelatedSynonym	oio:hasExactSynonym	calcaneal spur	LEXMATCH
MONDO:0002209	heel spur	skos:closeMatch	icd11.foundation:1529210716	Calcaneal spur	semapv:LexicalMatching	oaklib	0.5	oio:hasRelatedSynonym	rdfs:label	calcaneal spur	LEXMATCH
MONDO:0002258	pharyngitis	skos:closeMatch	icd11.foundation:1101977204	Chronic pharyngitis	semapv:LexicalMatching	oaklib	0.5	oio:hasNarrowSynonym	oio:hasExactSynonym	chronic pharyngitis	LEXMATCH
MONDO:0002258	pharyngitis	skos:closeMatch	icd11.foundation:1101977204	Chronic pharyngitis	semapv:LexicalMatching	oaklib	0.5	oio:hasNarrowSynonym	oio:hasExactSynonym	chronic sore throat	LEXMATCH
MONDO:0002258	pharyngitis	skos:closeMatch	icd11.foundation:1101977204	Chronic pharyngitis	semapv:LexicalMatching	oaklib	0.5	oio:hasNarrowSynonym	oio:hasExactSynonym	persistent sore throat	LEXMATCH
MONDO:0002258	pharyngitis	skos:closeMatch	icd11.foundation:1101977204	Chronic pharyngitis	semapv:LexicalMatching	oaklib	0.5	oio:hasNarrowSynonym	rdfs:label	chronic pharyngitis	LEXMATCH
MONDO:0002263	female reproductive system disorder	skos:closeMatch	icd11.foundation:585064432	Diseases of the female genital system	semapv:LexicalMatching	oaklib	0.5	oio:hasRelatedSynonym	oio:hasExactSynonym	gynaecological disorder	LEXMATCH
MONDO:0002263	female reproductive system disorder	skos:closeMatch	icd11.foundation:585064432	Diseases of the female genital system	semapv:LexicalMatching	oaklib	0.5	oio:hasRelatedSynonym	oio:hasExactSynonym	gynaecological disorder	LEXMATCH
MONDO:0002266	malt worker's lung	skos:closeMatch	icd11.foundation:553164358	Malt worker lung	semapv:LexicalMatching	oaklib	0.5	oio:hasNarrowSynonym	oio:hasExactSynonym	alveolitis due to aspergillus clavatus	LEXMATCH
MONDO:0002467	inner ear disorder	skos:closeMatch	icd11.foundation:794468052	Disorders of vestibular function	semapv:LexicalMatching	oaklib	0.5	oio:hasNarrowSynonym	oio:hasExactSynonym	vestibular disorder	LEXMATCH
MONDO:0002471	bursitis	skos:closeMatch	icd11.foundation:855105308	Adhesive capsulitis of shoulder	semapv:LexicalMatching	oaklib	0.5	oio:hasRelatedSynonym	oio:hasExactSynonym	frozen shoulder	LEXMATCH
MONDO:0002508	gingivitis	skos:closeMatch	icd11.foundation:1050843630	Acute gingivitis	semapv:LexicalMatching	oaklib	0.5	oio:hasNarrowSynonym	oio:hasExactSynonym	acute gingivitis	LEXMATCH
MONDO:0002508	gingivitis	skos:closeMatch	icd11.foundation:1050843630	Acute gingivitis	semapv:LexicalMatching	oaklib	0.5	oio:hasNarrowSynonym	rdfs:label	acute gingivitis	LEXMATCH
MONDO:0002687	superior mesenteric artery syndrome	skos:closeMatch	icd11.foundation:879898051	Acute dilatation of stomach	semapv:LexicalMatching	oaklib	0.5	oio:hasRelatedSynonym	oio:hasExactSynonym	cast syndrome	LEXMATCH
MONDO:0002965	parovarian cyst	skos:closeMatch	icd11.foundation:322142805	Cyst of fallopian tube, not elsewhere classified	semapv:LexicalMatching	oaklib	0.5	oio:hasRelatedSynonym	oio:hasExactSynonym	paratubal cyst	LEXMATCH
MONDO:0003111	gastric neuroendocrine neoplasm	skos:closeMatch	icd11.foundation:166659419	Neuroendocrine tumour of stomach	semapv:LexicalMatching	oaklib	0.5	oio:hasRelatedSynonym	oio:hasExactSynonym	neuroendocrine tumour of stomach	LEXMATCH
MONDO:0003111	gastric neuroendocrine neoplasm	skos:closeMatch	icd11.foundation:166659419	Neuroendocrine tumour of stomach	semapv:LexicalMatching	oaklib	0.5	oio:hasRelatedSynonym	rdfs:label	neuroendocrine tumour of stomach	LEXMATCH
MONDO:0003308	pleural mesothelioma	skos:closeMatch	icd11.foundation:291292488	Benign neoplasm of mesothelial tissue of pleura	semapv:LexicalMatching	oaklib	0.5	oio:hasNarrowSynonym	oio:hasExactSynonym	benign pleural mesothelioma	LEXMATCH
MONDO:0003319	scrotum neoplasm	skos:closeMatch	icd11.foundation:5747278	Malignant neoplasms of scrotum	semapv:LexicalMatching	oaklib	0.5	oio:hasNarrowSynonym	oio:hasExactSynonym	malignant tumour of scrotum	LEXMATCH
MONDO:0003406	sleep-wake disorder	skos:closeMatch	icd11.foundation:274880002	Sleep-wake disorders	semapv:LexicalMatching	oaklib	0.5	oio:hasRelatedSynonym	oio:hasExactSynonym	sleep disorders	LEXMATCH
MONDO:0003441	dystonic disorder	skos:closeMatch	icd11.foundation:1257505996	Dystonia	semapv:LexicalMatching	oaklib	0.5	oio:hasRelatedSynonym	oio:hasExactSynonym	dystonia disorder	LEXMATCH
MONDO:0003504	anal canal neuroendocrine neoplasm	skos:closeMatch	icd11.foundation:1961674648	Anal endocrine tumour	semapv:LexicalMatching	oaklib	0.5	oio:hasRelatedSynonym	oio:hasExactSynonym	anal neuroendocrine tumour	LEXMATCH
MONDO:0003646	rectum neuroendocrine neoplasm	skos:closeMatch	icd11.foundation:1609550585	Neuroendocrine tumour of rectum	semapv:LexicalMatching	oaklib	0.5	oio:hasRelatedSynonym	oio:hasExactSynonym	neuroendocrine tumour of rectum	LEXMATCH
MONDO:0003646	rectum neuroendocrine neoplasm	skos:closeMatch	icd11.foundation:1609550585	Neuroendocrine tumour of rectum	semapv:LexicalMatching	oaklib	0.5	oio:hasRelatedSynonym	rdfs:label	neuroendocrine tumour of rectum	LEXMATCH
MONDO:0003767	mitral valve disorder	skos:closeMatch	icd11.foundation:1659232486	Mitral valve disease, unspecified	semapv:LexicalMatching	oaklib	0.5	oio:hasNarrowSynonym	oio:hasExactSynonym	rheumatic disorder of mitral valve	LEXMATCH
MONDO:0003767	mitral valve disorder	skos:closeMatch	icd11.foundation:1659232486	Mitral valve disease, unspecified	semapv:LexicalMatching	oaklib	0.5	oio:hasNarrowSynonym	oio:hasExactSynonym	rheumatic mitral valve changes	LEXMATCH
MONDO:0003767	mitral valve disorder	skos:closeMatch	icd11.foundation:1818388016	Rheumatic mitral valve insufficiency	semapv:LexicalMatching	oaklib	0.5	oio:hasNarrowSynonym	oio:hasExactSynonym	rheumatic mitral valve incompetence	LEXMATCH
MONDO:0003767	mitral valve disorder	skos:closeMatch	icd11.foundation:1818388016	Rheumatic mitral valve insufficiency	semapv:LexicalMatching	oaklib	0.5	oio:hasNarrowSynonym	oio:hasExactSynonym	rheumatic mitral valve regurgitation	LEXMATCH
MONDO:0003781	bronchitis	skos:closeMatch	icd11.foundation:727572936	Acute bronchitis	semapv:LexicalMatching	oaklib	0.5	oio:hasNarrowSynonym	oio:hasExactSynonym	acute bronchitis	LEXMATCH
MONDO:0003781	bronchitis	skos:closeMatch	icd11.foundation:727572936	Acute bronchitis	semapv:LexicalMatching	oaklib	0.5	oio:hasNarrowSynonym	rdfs:label	acute bronchitis	LEXMATCH
MONDO:0003924	adrenal cortex adenoma	skos:closeMatch	icd11.foundation:1739480922	Adrenal incidentaloma	semapv:LexicalMatching	oaklib	0.5	oio:hasRelatedSynonym	oio:hasExactSynonym	adrenal incidentaloma	LEXMATCH
MONDO:0003924	adrenal cortex adenoma	skos:closeMatch	icd11.foundation:1739480922	Adrenal incidentaloma	semapv:LexicalMatching	oaklib	0.5	oio:hasRelatedSynonym	rdfs:label	adrenal incidentaloma	LEXMATCH
MONDO:0003962	Froelich syndrome	skos:closeMatch	icd11.foundation:2042355544	Adiposogenital dystrophy	semapv:LexicalMatching	oaklib	0.5	oio:hasRelatedSynonym	oio:hasExactSynonym	adiposogenital dystrophy	LEXMATCH
MONDO:0003962	Froelich syndrome	skos:closeMatch	icd11.foundation:2042355544	Adiposogenital dystrophy	semapv:LexicalMatching	oaklib	0.5	oio:hasRelatedSynonym	rdfs:label	adiposogenital dystrophy	LEXMATCH
MONDO:0003996	basal ganglia disorder	skos:closeMatch	icd11.foundation:384289569	Movement disorders	semapv:LexicalMatching	oaklib	0.5	oio:hasRelatedSynonym	oio:hasExactSynonym	disorder of basal ganglia	LEXMATCH
MONDO:0004574	pyridoxine deficiency anemia	skos:closeMatch	icd11.foundation:952576129	Vitamin B6 deficiency	semapv:LexicalMatching	oaklib	0.5	oio:hasRelatedSynonym	oio:hasExactSynonym	pyridoxine deficiency	LEXMATCH
MONDO:0004574	pyridoxine deficiency anemia	skos:closeMatch	icd11.foundation:952576129	Vitamin B6 deficiency	semapv:LexicalMatching	oaklib	0.5	oio:hasRelatedSynonym	oio:hasExactSynonym	vitamin b6 deficiency	LEXMATCH
MONDO:0004574	pyridoxine deficiency anemia	skos:closeMatch	icd11.foundation:952576129	Vitamin B6 deficiency	semapv:LexicalMatching	oaklib	0.5	oio:hasRelatedSynonym	rdfs:label	vitamin b6 deficiency	LEXMATCH
MONDO:0004613	acute intestinal ischemia	skos:closeMatch	icd11.foundation:1859139099	Acute vascular disorders of intestine	semapv:LexicalMatching	oaklib	0.5	oio:hasNarrowSynonym	oio:hasExactSynonym	acute intestinal vascular insufficiency	LEXMATCH
MONDO:0004619	measles	skos:closeMatch	icd11.foundation:1503293914	Measles without complication	semapv:LexicalMatching	oaklib	0.5	oio:hasRelatedSynonym	oio:hasExactSynonym	rubeola	LEXMATCH
MONDO:0004631	tongue cancer	skos:closeMatch	icd11.foundation:63666460	Malignant neoplasms of other or unspecified parts of tongue	semapv:LexicalMatching	oaklib	0.5	oio:hasNarrowSynonym	oio:hasExactSynonym	malignant neoplasm of mobile part of tongue nos	LEXMATCH
MONDO:0004631	tongue cancer	skos:closeMatch	icd11.foundation:63666460	Malignant neoplasms of other or unspecified parts of tongue	semapv:LexicalMatching	oaklib	0.5	oio:hasNarrowSynonym	oio:hasExactSynonym	malignant neoplasm of tongue nos	LEXMATCH
MONDO:0004693	squamous carcinoma in situ	skos:closeMatch	icd11.foundation:1072810807	Carcinoma in situ of cervix uteri	semapv:LexicalMatching	oaklib	0.5	oio:hasNarrowSynonym	oio:hasExactSynonym	carcinoma in situ of cervix	LEXMATCH
MONDO:0004737	homocystinuria	skos:closeMatch	icd11.foundation:1480749127	Classical homocystinuria	semapv:LexicalMatching	oaklib	0.5	oio:hasNarrowSynonym	oio:hasExactSynonym	cystathionine synthase deficiency	LEXMATCH
MONDO:0004745	priapism	skos:closeMatch	icd11.foundation:842663091	Low-flow priapism	semapv:LexicalMatching	oaklib	0.5	oio:hasNarrowSynonym	oio:hasExactSynonym	low-flow priapism	LEXMATCH
MONDO:0004745	priapism	skos:closeMatch	icd11.foundation:842663091	Low-flow priapism	semapv:LexicalMatching	oaklib	0.5	oio:hasNarrowSynonym	rdfs:label	low-flow priapism	LEXMATCH
MONDO:0004949	neoplasm of mature B-cells	skos:closeMatch	icd11.foundation:1174774181	Mature B-cell neoplasms	semapv:LexicalMatching	oaklib	0.5	oio:hasRelatedSynonym	oio:hasExactSynonym	mature b-cell neoplasms	LEXMATCH
MONDO:0004949	neoplasm of mature B-cells	skos:closeMatch	icd11.foundation:1174774181	Mature B-cell neoplasms	semapv:LexicalMatching	oaklib	0.5	oio:hasRelatedSynonym	rdfs:label	mature b-cell neoplasms	LEXMATCH
MONDO:0004971	adenoid cystic carcinoma	skos:closeMatch	icd11.foundation:1565330461	Cylindroma	semapv:LexicalMatching	oaklib	0.5	oio:hasRelatedSynonym	oio:hasExactSynonym	cylindroma	LEXMATCH
MONDO:0004971	adenoid cystic carcinoma	skos:closeMatch	icd11.foundation:1565330461	Cylindroma	semapv:LexicalMatching	oaklib	0.5	oio:hasRelatedSynonym	rdfs:label	cylindroma	LEXMATCH
MONDO:0004979	asthma	skos:closeMatch	icd11.foundation:1206211557	Chronic obstructive asthma	semapv:LexicalMatching	oaklib	0.5	oio:hasNarrowSynonym	oio:hasExactSynonym	chronic obstructive asthma	LEXMATCH
MONDO:0004979	asthma	skos:closeMatch	icd11.foundation:1206211557	Chronic obstructive asthma	semapv:LexicalMatching	oaklib	0.5	oio:hasNarrowSynonym	rdfs:label	chronic obstructive asthma	LEXMATCH
MONDO:0005059	leukemia	skos:closeMatch	icd11.foundation:1385484871	Leukaemia, unspecified	semapv:LexicalMatching	oaklib	0.5	oio:hasRelatedSynonym	oio:hasExactSynonym	leukaemia nos	LEXMATCH
MONDO:0005076	periodontitis	skos:closeMatch	icd11.foundation:186614187	Other periodontosis	semapv:LexicalMatching	oaklib	0.5	oio:hasRelatedSynonym	oio:hasBroadSynonym	periodontosis	LEXMATCH
MONDO:0005076	periodontitis	skos:closeMatch	icd11.foundation:971070085	Periodontosis	semapv:LexicalMatching	oaklib	0.5	oio:hasRelatedSynonym	oio:hasExactSynonym	periodontosis	LEXMATCH
MONDO:0005076	periodontitis	skos:closeMatch	icd11.foundation:971070085	Periodontosis	semapv:LexicalMatching	oaklib	0.5	oio:hasRelatedSynonym	rdfs:label	periodontosis	LEXMATCH
MONDO:0005100	systemic sclerosis	skos:closeMatch	icd11.foundation:816172167	Myelinoclastic diffuse sclerosis	semapv:LexicalMatching	oaklib	0.5	oio:hasNarrowSynonym	oio:hasExactSynonym	diffuse sclerosis	LEXMATCH
MONDO:0005146	post-traumatic stress disorder	skos:closeMatch	icd11.foundation:1174526603	Combat neurosis	semapv:LexicalMatching	oaklib	0.5	oio:hasNarrowSynonym	oio:hasExactSynonym	combat neurosis	LEXMATCH
MONDO:0005146	post-traumatic stress disorder	skos:closeMatch	icd11.foundation:1174526603	Combat neurosis	semapv:LexicalMatching	oaklib	0.5	oio:hasNarrowSynonym	rdfs:label	combat neurosis	LEXMATCH
MONDO:0005159	prostate carcinoma	skos:closeMatch	icd11.foundation:1552457716	Malignant neoplasms of prostate	semapv:LexicalMatching	oaklib	0.5	oio:hasNarrowSynonym	oio:hasExactSynonym	cancer of prostate	LEXMATCH
MONDO:0005159	prostate carcinoma	skos:closeMatch	icd11.foundation:1552457716	Malignant neoplasms of prostate	semapv:LexicalMatching	oaklib	0.5	oio:hasNarrowSynonym	oio:hasExactSynonym	prostate cancer	LEXMATCH
MONDO:0005210	uterine corpus sarcoma	skos:closeMatch	icd11.foundation:1319990901	Sarcoma, not elsewhere classified of uterus	semapv:LexicalMatching	oaklib	0.5	oio:hasRelatedSynonym	oio:hasExactSynonym	uterine sarcoma	LEXMATCH
MONDO:0005310	atrial flutter	skos:closeMatch	icd11.foundation:1034471684	Cavotricuspid isthmus dependent macroreentry tachycardia	semapv:LexicalMatching	oaklib	0.5	rdf:ID	oio:hasDbXref-INVERSE	mondo:0005310	LEXMATCH
MONDO:0005310	atrial flutter	skos:closeMatch	icd11.foundation:1034471684	Cavotricuspid isthmus dependent macroreentry tachycardia	semapv:LexicalMatching	oaklib	0.5	rdf:ID	skos:narrowMatch-INVERSE	mondo:0005310	LEXMATCH
MONDO:0005362	erectile dysfunction	skos:closeMatch	icd11.foundation:661862390	Failure of erection	semapv:LexicalMatching	oaklib	0.5	oio:hasRelatedSynonym	oio:hasExactSynonym	impotence	LEXMATCH
MONDO:0005364	Graves disease	skos:closeMatch	icd11.foundation:713028385	Thyrotoxicosis with diffuse goitre	semapv:LexicalMatching	oaklib	0.5	oio:hasRelatedSynonym	oio:hasExactSynonym	basedow disorder	LEXMATCH
MONDO:0005364	Graves disease	skos:closeMatch	icd11.foundation:713028385	Thyrotoxicosis with diffuse goitre	semapv:LexicalMatching	oaklib	0.5	oio:hasRelatedSynonym	oio:hasExactSynonym	parry disorder	LEXMATCH
MONDO:0005365	hearing loss disorder	skos:closeMatch	icd11.foundation:947280473	Deafness not otherwise specified	semapv:LexicalMatching	oaklib	0.5	oio:hasRelatedSynonym	oio:hasExactSynonym	hearing impairment	LEXMATCH
MONDO:0005373	meningococcal infection	skos:closeMatch	icd11.foundation:1664016479	Meningococcal disease	semapv:LexicalMatching	oaklib	0.5	oio:hasRelatedSynonym	oio:hasExactSynonym	meningococcal disorder	LEXMATCH
MONDO:0005373	meningococcal infection	skos:closeMatch	icd11.foundation:1664016479	Meningococcal disease	semapv:LexicalMatching	oaklib	0.5	oio:hasRelatedSynonym	rdfs:label	meningococcal disorder	LEXMATCH
MONDO:0005387	primary ovarian failure	skos:closeMatch	icd11.foundation:756899519	Premature ovarian failure	semapv:LexicalMatching	oaklib	0.5	oio:hasRelatedSynonym	oio:hasExactSynonym	premature ovarian failure	LEXMATCH
MONDO:0005387	primary ovarian failure	skos:closeMatch	icd11.foundation:756899519	Premature ovarian failure	semapv:LexicalMatching	oaklib	0.5	oio:hasRelatedSynonym	rdfs:label	premature ovarian failure	LEXMATCH
MONDO:0005623	autoimmune thyroid disease	skos:closeMatch	icd11.foundation:1599407074	Autoimmune thyroiditis	semapv:LexicalMatching	oaklib	0.5	oio:hasRelatedSynonym	oio:hasExactSynonym	autoimmune thyroiditis	LEXMATCH
MONDO:0005623	autoimmune thyroid disease	skos:closeMatch	icd11.foundation:1599407074	Autoimmune thyroiditis	semapv:LexicalMatching	oaklib	0.5	oio:hasRelatedSynonym	rdfs:label	autoimmune thyroiditis	LEXMATCH
MONDO:0005631	actinomycosis	skos:closeMatch	icd11.foundation:678655279	Canaliculitis	semapv:LexicalMatching	oaklib	0.5	oio:hasRelatedSynonym	oio:hasExactSynonym	canaliculitis	LEXMATCH
MONDO:0005631	actinomycosis	skos:closeMatch	icd11.foundation:678655279	Canaliculitis	semapv:LexicalMatching	oaklib	0.5	oio:hasRelatedSynonym	rdfs:label	canaliculitis	LEXMATCH
MONDO:0005638	agnosia	skos:closeMatch	icd11.foundation:724140102	Dyslexia and alexia	semapv:LexicalMatching	oaklib	0.5	oio:hasNarrowSynonym	oio:hasExactSynonym	visual amnesia	LEXMATCH
MONDO:0005649	appendicitis	skos:closeMatch	icd11.foundation:40398753	Acute appendicitis	semapv:LexicalMatching	oaklib	0.5	oio:hasNarrowSynonym	oio:hasExactSynonym	acute appendicitis	LEXMATCH
MONDO:0005649	appendicitis	skos:closeMatch	icd11.foundation:40398753	Acute appendicitis	semapv:LexicalMatching	oaklib	0.5	oio:hasNarrowSynonym	rdfs:label	acute appendicitis	LEXMATCH
MONDO:0005649	appendicitis	skos:closeMatch	icd11.foundation:527065560	Acute appendicitis with generalised peritonitis	semapv:LexicalMatching	oaklib	0.5	oio:hasNarrowSynonym	oio:hasExactSynonym	acute appendicitis with generalised peritonitis	LEXMATCH
MONDO:0005649	appendicitis	skos:closeMatch	icd11.foundation:527065560	Acute appendicitis with generalised peritonitis	semapv:LexicalMatching	oaklib	0.5	oio:hasNarrowSynonym	rdfs:label	acute appendicitis with generalised peritonitis	LEXMATCH
MONDO:0005683	brucellosis	skos:closeMatch	icd11.foundation:1716687275	Brucellosis due to Brucella melitensis	semapv:LexicalMatching	oaklib	0.5	oio:hasRelatedSynonym	oio:hasExactSynonym	cyprus fever	LEXMATCH
MONDO:0005744	yolk sac tumor	skos:closeMatch	icd11.foundation:1619396020	Embryonal carcinoma of testis	semapv:LexicalMatching	oaklib	0.5	oio:hasNarrowSynonym	oio:hasExactSynonym	infantile embryonal carcinoma	LEXMATCH
MONDO:0005761	filarial elephantiasis	skos:closeMatch	icd11.foundation:1592269710	Filariasis due to Wuchereria bancrofti	semapv:LexicalMatching	oaklib	0.5	oio:hasRelatedSynonym	oio:hasExactSynonym	bancroftian filariasis	LEXMATCH
MONDO:0005792	herpes simplex virus gingivostomatitis	skos:closeMatch	icd11.foundation:1086416908	Herpes simplex gingivostomatitis	semapv:LexicalMatching	oaklib	0.5	oio:hasRelatedSynonym	oio:hasExactSynonym	herpetic gingivostomatitis	LEXMATCH
MONDO:0005792	herpes simplex virus gingivostomatitis	skos:closeMatch	icd11.foundation:1086416908	Herpes simplex gingivostomatitis	semapv:LexicalMatching	oaklib	0.5	oio:hasRelatedSynonym	oio:hasExactSynonym	herpetic stomatitis	LEXMATCH
MONDO:0005815	pancreatic neuroendocrine neoplasm	skos:closeMatch	icd11.foundation:170957983	Benign neoplasm of endocrine pancreas	semapv:LexicalMatching	oaklib	0.5	oio:hasNarrowSynonym	oio:hasExactSynonym	islet cell neoplasm	LEXMATCH
MONDO:0005815	pancreatic neuroendocrine neoplasm	skos:closeMatch	icd11.foundation:170957983	Benign neoplasm of endocrine pancreas	semapv:LexicalMatching	oaklib	0.5	oio:hasNarrowSynonym	oio:hasExactSynonym	islet cell tumour	LEXMATCH
MONDO:0005825	leptospirosis	skos:closeMatch	icd11.foundation:1554792661	Leptospira infection of liver	semapv:LexicalMatching	oaklib	0.5	oio:hasRelatedSynonym	oio:hasExactSynonym	weil disorder	LEXMATCH
MONDO:0005833	lymphatic system disorder	skos:closeMatch	icd11.foundation:1564691570	Enlarged lymph nodes	semapv:LexicalMatching	oaklib	0.5	oio:hasNarrowSynonym	oio:hasExactSynonym	lymphadenopathy	LEXMATCH
MONDO:0005850	milker's nodule	skos:closeMatch	icd11.foundation:1404858629	Paravaccinia	semapv:LexicalMatching	oaklib	0.5	oio:hasRelatedSynonym	oio:hasExactSynonym	pseudocowpox	LEXMATCH
MONDO:0005894	paracoccidioidomycosis	skos:closeMatch	icd11.foundation:1567183496	Mucocutaneous paracoccidioidomycosis	semapv:LexicalMatching	oaklib	0.5	oio:hasRelatedSynonym	oio:hasExactSynonym	paracoccidioidal granuloma	LEXMATCH
MONDO:0005916	placenta accreta	skos:closeMatch	icd11.foundation:1343787319	Placenta percreta	semapv:LexicalMatching	oaklib	0.5	oio:hasRelatedSynonym	oio:hasExactSynonym	placenta percreta	LEXMATCH
MONDO:0005916	placenta accreta	skos:closeMatch	icd11.foundation:1343787319	Placenta percreta	semapv:LexicalMatching	oaklib	0.5	oio:hasRelatedSynonym	rdfs:label	placenta percreta	LEXMATCH
MONDO:0005960	silicosis	skos:closeMatch	icd11.foundation:49848756	Silicosis with tuberculosis	semapv:LexicalMatching	oaklib	0.5	oio:hasNarrowSynonym	oio:hasExactSynonym	silicotuberculosis	LEXMATCH
MONDO:0006450	therapy-related myeloid neoplasm	skos:closeMatch	icd11.foundation:1738843761	Therapy-related myeloid neoplasms	semapv:LexicalMatching	oaklib	0.5	oio:hasRelatedSynonym	oio:hasExactSynonym	therapy-related myeloid neoplasms	LEXMATCH
MONDO:0006450	therapy-related myeloid neoplasm	skos:closeMatch	icd11.foundation:1738843761	Therapy-related myeloid neoplasms	semapv:LexicalMatching	oaklib	0.5	oio:hasRelatedSynonym	rdfs:label	therapy-related myeloid neoplasms	LEXMATCH
MONDO:0006553	Fox-Fordyce disease	skos:closeMatch	icd11.foundation:1194009771	Apocrine miliaria	semapv:LexicalMatching	oaklib	0.5	oio:hasRelatedSynonym	oio:hasExactSynonym	apocrine miliaria	LEXMATCH
MONDO:0006553	Fox-Fordyce disease	skos:closeMatch	icd11.foundation:1194009771	Apocrine miliaria	semapv:LexicalMatching	oaklib	0.5	oio:hasRelatedSynonym	rdfs:label	apocrine miliaria	LEXMATCH
MONDO:0006642	alcohol withdrawal delirium	skos:closeMatch	icd11.foundation:1217486356	Alcohol-induced delirium	semapv:LexicalMatching	oaklib	0.5	oio:hasRelatedSynonym	oio:hasExactSynonym	alcohol withdrawal induced delirium tremens	LEXMATCH
MONDO:0006642	alcohol withdrawal delirium	skos:closeMatch	icd11.foundation:1217486356	Alcohol-induced delirium	semapv:LexicalMatching	oaklib	0.5	oio:hasRelatedSynonym	oio:hasExactSynonym	delirium tremens	LEXMATCH
MONDO:0006751	Erysipelothrix infectious disease	skos:closeMatch	icd11.foundation:1233304838	Erysipeloid	semapv:LexicalMatching	oaklib	0.5	oio:hasRelatedSynonym	oio:hasExactSynonym	erysipelothrix infection	LEXMATCH
MONDO:0006836	Listeria meningitis	skos:closeMatch	icd11.foundation:268154767	Listerial meningitis or meningoencephalitis	semapv:LexicalMatching	oaklib	0.5	oio:hasRelatedSynonym	oio:hasExactSynonym	listeria monocytogenes meningitis	LEXMATCH
MONDO:0006840	lymphangiectasis	skos:closeMatch	icd11.foundation:1288921750	Lymphangiectasia	semapv:LexicalMatching	oaklib	0.5	oio:hasRelatedSynonym	oio:hasExactSynonym	lymphangiectasia	LEXMATCH
MONDO:0006840	lymphangiectasis	skos:closeMatch	icd11.foundation:1288921750	Lymphangiectasia	semapv:LexicalMatching	oaklib	0.5	oio:hasRelatedSynonym	rdfs:label	lymphangiectasia	LEXMATCH
MONDO:0006879	optic papillitis	skos:closeMatch	icd11.foundation:816212034	Retinal oedema	semapv:LexicalMatching	oaklib	0.5	oio:hasRelatedSynonym	oio:hasExactSynonym	retinal oedema	LEXMATCH
MONDO:0006879	optic papillitis	skos:closeMatch	icd11.foundation:816212034	Retinal oedema	semapv:LexicalMatching	oaklib	0.5	oio:hasRelatedSynonym	rdfs:label	retinal oedema	LEXMATCH
MONDO:0006939	pyelonephritis	skos:closeMatch	icd11.foundation:1296160722	Infection of uterus	semapv:LexicalMatching	oaklib	0.5	oio:hasRelatedSynonym	oio:hasExactSynonym	pyometrium	LEXMATCH
MONDO:0007000	Treponema infectious disease	skos:closeMatch	icd11.foundation:1186214944	Endemic non-venereal syphilis	semapv:LexicalMatching	oaklib	0.5	oio:hasNarrowSynonym	oio:hasExactSynonym	bejel	LEXMATCH
MONDO:0007033	abducens nerve palsy	skos:closeMatch	icd11.foundation:1939779411	Sixth nerve palsy	semapv:LexicalMatching	oaklib	0.5	oio:hasRelatedSynonym	oio:hasExactSynonym	6th nerve palsy	LEXMATCH
MONDO:0007080	glucocorticoid-remediable aldosteronism	skos:closeMatch	icd11.foundation:1994802431	Familial hyperaldosteronism type 1	semapv:LexicalMatching	oaklib	0.5	oio:hasRelatedSynonym	oio:hasExactSynonym	dexamethasone sensitive hypertension	LEXMATCH
MONDO:0007080	glucocorticoid-remediable aldosteronism	skos:closeMatch	icd11.foundation:1994802431	Familial hyperaldosteronism type 1	semapv:LexicalMatching	oaklib	0.5	oio:hasRelatedSynonym	oio:hasExactSynonym	glucocorticoid sensitive hypertension	LEXMATCH
MONDO:0007095	ameloonychohypohidrotic syndrome	skos:closeMatch	icd11.foundation:1700210133	Amelo-onycho-hypohidrotic syndrome	semapv:LexicalMatching	oaklib	0.5	oio:hasRelatedSynonym	oio:hasExactSynonym	amelo-onycho-hypohidrotic syndrome	LEXMATCH
MONDO:0007095	ameloonychohypohidrotic syndrome	skos:closeMatch	icd11.foundation:1700210133	Amelo-onycho-hypohidrotic syndrome	semapv:LexicalMatching	oaklib	0.5	oio:hasRelatedSynonym	rdfs:label	amelo-onycho-hypohidrotic syndrome	LEXMATCH
MONDO:0007177	auriculoosteodysplasia	skos:closeMatch	icd11.foundation:1153492135	Auriculo-osteodysplasia	semapv:LexicalMatching	oaklib	0.5	oio:hasRelatedSynonym	oio:hasExactSynonym	auriculo-osteodysplasia	LEXMATCH
MONDO:0007177	auriculoosteodysplasia	skos:closeMatch	icd11.foundation:1153492135	Auriculo-osteodysplasia	semapv:LexicalMatching	oaklib	0.5	oio:hasRelatedSynonym	rdfs:label	auriculo-osteodysplasia	LEXMATCH
MONDO:0007238	amastia	skos:closeMatch	icd11.foundation:574759375	Absent nipple	semapv:LexicalMatching	oaklib	0.5	oio:hasRelatedSynonym	oio:hasExactSynonym	athelia	LEXMATCH
MONDO:0007352	renal coloboma syndrome	skos:closeMatch	icd11.foundation:419164361	Papillorenal syndrome	semapv:LexicalMatching	oaklib	0.5	oio:hasRelatedSynonym	oio:hasExactSynonym	papillorenal syndrome	LEXMATCH
MONDO:0007352	renal coloboma syndrome	skos:closeMatch	icd11.foundation:419164361	Papillorenal syndrome	semapv:LexicalMatching	oaklib	0.5	oio:hasRelatedSynonym	rdfs:label	papillorenal syndrome	LEXMATCH
MONDO:0007361	C1 inhibitor deficiency	skos:closeMatch	icd11.foundation:330898059	Idiopathic angioedema	semapv:LexicalMatching	oaklib	0.5	oio:hasRelatedSynonym	oio:hasExactSynonym	quincke oedema	LEXMATCH
MONDO:0007441	dentinogenesis imperfecta type 2	skos:closeMatch	icd11.foundation:1665867595	Dentinogenesis imperfecta type 1	semapv:LexicalMatching	oaklib	0.5	oio:hasRelatedSynonym	oio:hasExactSynonym	dentinogenesis imperfecta type 1	LEXMATCH
MONDO:0007441	dentinogenesis imperfecta type 2	skos:closeMatch	icd11.foundation:1665867595	Dentinogenesis imperfecta type 1	semapv:LexicalMatching	oaklib	0.5	oio:hasRelatedSynonym	rdfs:label	dentinogenesis imperfecta type 1	LEXMATCH
MONDO:0007477	3-M syndrome	skos:closeMatch	icd11.foundation:1926529492	3M syndrome	semapv:LexicalMatching	oaklib	0.5	oio:hasRelatedSynonym	oio:hasExactSynonym	3m syndrome	LEXMATCH
MONDO:0007477	3-M syndrome	skos:closeMatch	icd11.foundation:1926529492	3M syndrome	semapv:LexicalMatching	oaklib	0.5	oio:hasRelatedSynonym	rdfs:label	3m syndrome	LEXMATCH
MONDO:0007485	dyskeratosis congenita, autosomal dominant 1	skos:closeMatch	icd11.foundation:788242257	Autosomal dominant dyskeratosis congenita	semapv:LexicalMatching	oaklib	0.5	oio:hasRelatedSynonym	oio:hasExactSynonym	autosomal dominant dyskeratosis congenita	LEXMATCH
MONDO:0007485	dyskeratosis congenita, autosomal dominant 1	skos:closeMatch	icd11.foundation:788242257	Autosomal dominant dyskeratosis congenita	semapv:LexicalMatching	oaklib	0.5	oio:hasRelatedSynonym	rdfs:label	autosomal dominant dyskeratosis congenita	LEXMATCH
MONDO:0007522	Ehlers-Danlos syndrome, classic type	skos:closeMatch	icd11.foundation:1973837258	Ehlers-Danlos syndrome type 2	semapv:LexicalMatching	oaklib	0.5	oio:hasRelatedSynonym	oio:hasExactSynonym	ehlers-danlos syndrome type 2	LEXMATCH
MONDO:0007522	Ehlers-Danlos syndrome, classic type	skos:closeMatch	icd11.foundation:1973837258	Ehlers-Danlos syndrome type 2	semapv:LexicalMatching	oaklib	0.5	oio:hasRelatedSynonym	rdfs:label	ehlers-danlos syndrome type 2	LEXMATCH
MONDO:0007549	generalized dominant dystrophic epidermolysis bullosa	skos:closeMatch	icd11.foundation:1235671891	Dominant dystrophic epidermolysis bullosa, generalised	semapv:LexicalMatching	oaklib	0.5	oio:hasRelatedSynonym	oio:hasExactSynonym	dominant dystrophic epidermolysis bullosa, generalised	LEXMATCH
MONDO:0007549	generalized dominant dystrophic epidermolysis bullosa	skos:closeMatch	icd11.foundation:1235671891	Dominant dystrophic epidermolysis bullosa, generalised	semapv:LexicalMatching	oaklib	0.5	oio:hasRelatedSynonym	rdfs:label	dominant dystrophic epidermolysis bullosa, generalised	LEXMATCH
MONDO:0007550	epidermolysis bullosa simplex 1A, generalized severe	skos:closeMatch	icd11.foundation:1908011031	Epidermolysis bullosa simplex, generalised severe	semapv:LexicalMatching	oaklib	0.5	oio:hasRelatedSynonym	oio:hasExactSynonym	epidermolysis bullosa simplex, generalised severe	LEXMATCH
MONDO:0007550	epidermolysis bullosa simplex 1A, generalized severe	skos:closeMatch	icd11.foundation:1908011031	Epidermolysis bullosa simplex, generalised severe	semapv:LexicalMatching	oaklib	0.5	oio:hasRelatedSynonym	rdfs:label	epidermolysis bullosa simplex, generalised severe	LEXMATCH
MONDO:0007551	epidermolysis bullosa simplex 1C, localized	skos:closeMatch	icd11.foundation:786158619	Epidermolysis bullosa simplex, localised	semapv:LexicalMatching	oaklib	0.5	oio:hasRelatedSynonym	oio:hasExactSynonym	epidermolysis bullosa simplex, localised	LEXMATCH
MONDO:0007551	epidermolysis bullosa simplex 1C, localized	skos:closeMatch	icd11.foundation:786158619	Epidermolysis bullosa simplex, localised	semapv:LexicalMatching	oaklib	0.5	oio:hasRelatedSynonym	rdfs:label	epidermolysis bullosa simplex, localised	LEXMATCH
MONDO:0007554	epidermolysis bullosa simplex 1B, generalized intermediate	skos:closeMatch	icd11.foundation:1216728802	Epidermolysis bullosa simplex, generalised intermediate	semapv:LexicalMatching	oaklib	0.5	oio:hasRelatedSynonym	oio:hasExactSynonym	epidermolysis bullosa simplex, generalised intermediate	LEXMATCH
MONDO:0007554	epidermolysis bullosa simplex 1B, generalized intermediate	skos:closeMatch	icd11.foundation:1216728802	Epidermolysis bullosa simplex, generalised intermediate	semapv:LexicalMatching	oaklib	0.5	oio:hasRelatedSynonym	rdfs:label	epidermolysis bullosa simplex, generalised intermediate	LEXMATCH
MONDO:0007655	fissured tongue	skos:closeMatch	icd11.foundation:581605998	Erythema migrans	semapv:LexicalMatching	oaklib	0.5	oio:hasRelatedSynonym	oio:hasExactSynonym	erythema migrans	LEXMATCH
MONDO:0007655	fissured tongue	skos:closeMatch	icd11.foundation:581605998	Erythema migrans	semapv:LexicalMatching	oaklib	0.5	oio:hasRelatedSynonym	rdfs:label	erythema migrans	LEXMATCH
MONDO:0007762	hyperlipoproteinemia type V	skos:closeMatch	icd11.foundation:405028062	Mixed hyperlipidaemia	semapv:LexicalMatching	oaklib	0.5	oio:hasRelatedSynonym	oio:hasExactSynonym	mixed hyperlipemia	LEXMATCH
MONDO:0007790	Charcot-Marie-Tooth disease type 3	skos:closeMatch	icd11.foundation:418660830	Dejerine-Sottas syndrome	semapv:LexicalMatching	oaklib	0.5	oio:hasRelatedSynonym	oio:hasExactSynonym	hypertrophic neuropathy of infancy	LEXMATCH
MONDO:0007856	palmoplantar keratoderma-esophageal carcinoma syndrome	skos:closeMatch	icd11.foundation:457036041	Palmoplantar keratoderma   oral leukokeratosis   oesophageal carcinoma	semapv:LexicalMatching	oaklib	0.5	oio:hasRelatedSynonym	oio:hasExactSynonym	howel-evans syndrome	LEXMATCH
MONDO:0007861	isolated cloverleaf skull syndrome	skos:closeMatch	icd11.foundation:1665700933	Cloverleaf skull syndrome	semapv:LexicalMatching	oaklib	0.5	oio:hasRelatedSynonym	oio:hasExactSynonym	cloverleaf skull syndrome	LEXMATCH
MONDO:0007861	isolated cloverleaf skull syndrome	skos:closeMatch	icd11.foundation:1665700933	Cloverleaf skull syndrome	semapv:LexicalMatching	oaklib	0.5	oio:hasRelatedSynonym	rdfs:label	cloverleaf skull syndrome	LEXMATCH
MONDO:0007867	nonsyndromic congenital nail disorder 2	skos:closeMatch	icd11.foundation:507868634	Hereditary koilonychia	semapv:LexicalMatching	oaklib	0.5	oio:hasRelatedSynonym	oio:hasExactSynonym	congenital koilonychia	LEXMATCH
MONDO:0007867	nonsyndromic congenital nail disorder 2	skos:closeMatch	icd11.foundation:507868634	Hereditary koilonychia	semapv:LexicalMatching	oaklib	0.5	oio:hasRelatedSynonym	oio:hasExactSynonym	hereditary koilonychia	LEXMATCH
MONDO:0007867	nonsyndromic congenital nail disorder 2	skos:closeMatch	icd11.foundation:507868634	Hereditary koilonychia	semapv:LexicalMatching	oaklib	0.5	oio:hasRelatedSynonym	rdfs:label	hereditary koilonychia	LEXMATCH
MONDO:0007886	uterine corpus leiomyoma	skos:closeMatch	icd11.foundation:455734276	Leiomyoma of uterus	semapv:LexicalMatching	oaklib	0.5	oio:hasRelatedSynonym	oio:hasExactSynonym	uterine leiomyoma	LEXMATCH
MONDO:0007899	lichen sclerosus et atrophicus	skos:closeMatch	icd11.foundation:2076834974	Lichen sclerosus	semapv:LexicalMatching	oaklib	0.5	oio:hasRelatedSynonym	oio:hasExactSynonym	lichen sclerosus	LEXMATCH
MONDO:0007899	lichen sclerosus et atrophicus	skos:closeMatch	icd11.foundation:2076834974	Lichen sclerosus	semapv:LexicalMatching	oaklib	0.5	oio:hasRelatedSynonym	rdfs:label	lichen sclerosus	LEXMATCH
MONDO:0007908	multiple symmetric lipomatosis	skos:closeMatch	icd11.foundation:201235221	Benign symmetrical lipomatosis	semapv:LexicalMatching	oaklib	0.5	oio:hasRelatedSynonym	oio:hasExactSynonym	benign symmetrical lipomatosis	LEXMATCH
MONDO:0007908	multiple symmetric lipomatosis	skos:closeMatch	icd11.foundation:201235221	Benign symmetrical lipomatosis	semapv:LexicalMatching	oaklib	0.5	oio:hasRelatedSynonym	rdfs:label	benign symmetrical lipomatosis	LEXMATCH
MONDO:0007969	Melkersson-Rosenthal syndrome	skos:closeMatch	icd11.foundation:1850329222	Granulomatous cheilitis	semapv:LexicalMatching	oaklib	0.5	oio:hasRelatedSynonym	oio:hasExactSynonym	cheilitis granulomatosa	LEXMATCH
MONDO:0008054	juvenile dermatomyositis	skos:closeMatch	icd11.foundation:1993984811	Juvenile myositis	semapv:LexicalMatching	oaklib	0.5	oio:hasRelatedSynonym	oio:hasExactSynonym	juvenile myositis	LEXMATCH
MONDO:0008054	juvenile dermatomyositis	skos:closeMatch	icd11.foundation:1993984811	Juvenile myositis	semapv:LexicalMatching	oaklib	0.5	oio:hasRelatedSynonym	rdfs:label	juvenile myositis	LEXMATCH
MONDO:0008060	nonsyndromic congenital nail disorder 1	skos:closeMatch	icd11.foundation:141061651	Trachyonychia	semapv:LexicalMatching	oaklib	0.5	oio:hasRelatedSynonym	oio:hasExactSynonym	trachyonychia	LEXMATCH
MONDO:0008060	nonsyndromic congenital nail disorder 1	skos:closeMatch	icd11.foundation:141061651	Trachyonychia	semapv:LexicalMatching	oaklib	0.5	oio:hasRelatedSynonym	rdfs:label	trachyonychia	LEXMATCH
MONDO:0008060	nonsyndromic congenital nail disorder 1	skos:closeMatch	icd11.foundation:778448276	Hereditary trachyonychia	semapv:LexicalMatching	oaklib	0.5	oio:hasRelatedSynonym	oio:hasExactSynonym	twenty nail dystrophy	LEXMATCH
MONDO:0008097	linear nevus sebaceous syndrome	skos:closeMatch	icd11.foundation:1218683179	Organoid naevus syndrome	semapv:LexicalMatching	oaklib	0.5	oio:hasRelatedSynonym	oio:hasExactSynonym	schimmelpenning-feuerstein-mims syndrome	LEXMATCH
MONDO:0008108	oculocerebrocutaneous syndrome	skos:closeMatch	icd11.foundation:417997287	Oculo-cerebro-cutaneous syndrome	semapv:LexicalMatching	oaklib	0.5	oio:hasRelatedSynonym	oio:hasExactSynonym	oculo-cerebro-cutaneous syndrome	LEXMATCH
MONDO:0008108	oculocerebrocutaneous syndrome	skos:closeMatch	icd11.foundation:417997287	Oculo-cerebro-cutaneous syndrome	semapv:LexicalMatching	oaklib	0.5	oio:hasRelatedSynonym	rdfs:label	oculo-cerebro-cutaneous syndrome	LEXMATCH
MONDO:0008137	orofaciodigital syndrome X	skos:closeMatch	icd11.foundation:1818984465	Oral-facial-digital syndrome type 10	semapv:LexicalMatching	oaklib	0.5	oio:hasRelatedSynonym	oio:hasExactSynonym	oral-facial-digital syndrome type 10	LEXMATCH
MONDO:0008137	orofaciodigital syndrome X	skos:closeMatch	icd11.foundation:1818984465	Oral-facial-digital syndrome type 10	semapv:LexicalMatching	oaklib	0.5	oio:hasRelatedSynonym	rdfs:label	oral-facial-digital syndrome type 10	LEXMATCH
MONDO:0008145	Ollier disease	skos:closeMatch	icd11.foundation:1341485804	Enchondromatosis	semapv:LexicalMatching	oaklib	0.5	oio:hasRelatedSynonym	oio:hasExactSynonym	enchondromatosis	LEXMATCH
MONDO:0008145	Ollier disease	skos:closeMatch	icd11.foundation:1341485804	Enchondromatosis	semapv:LexicalMatching	oaklib	0.5	oio:hasRelatedSynonym	oio:hasExactSynonym	multiple enchondromatosis	LEXMATCH
MONDO:0008145	Ollier disease	skos:closeMatch	icd11.foundation:1341485804	Enchondromatosis	semapv:LexicalMatching	oaklib	0.5	oio:hasRelatedSynonym	rdfs:label	enchondromatosis	LEXMATCH
MONDO:0008215	adult-onset autosomal dominant demyelinating leukodystrophy	skos:closeMatch	icd11.foundation:704130	Adult-onset autosomal dominant leukodystrophy	semapv:LexicalMatching	oaklib	0.5	oio:hasRelatedSynonym	oio:hasExactSynonym	multiple sclerosis-like disorder	LEXMATCH
MONDO:0008225	normokalemic periodic paralysis	skos:closeMatch	icd11.foundation:1646349940	Periodic paralysis 3	semapv:LexicalMatching	oaklib	0.5	oio:hasRelatedSynonym	oio:hasExactSynonym	periodic paralysis type 3	LEXMATCH
MONDO:0008225	normokalemic periodic paralysis	skos:closeMatch	icd11.foundation:1646349940	Periodic paralysis 3	semapv:LexicalMatching	oaklib	0.5	oio:hasRelatedSynonym	rdfs:label	periodic paralysis type 3	LEXMATCH
MONDO:0008248	pigmented purpuric eruption	skos:closeMatch	icd11.foundation:1163684025	Capillaritis, Schamberg	semapv:LexicalMatching	oaklib	0.5	oio:hasRelatedSynonym	oio:hasExactSynonym	schamberg disorder	LEXMATCH
MONDO:0008248	pigmented purpuric eruption	skos:closeMatch	icd11.foundation:280360139	Capillaritis	semapv:LexicalMatching	oaklib	0.5	oio:hasRelatedSynonym	oio:hasExactSynonym	pigmented purpura	LEXMATCH
MONDO:0008248	pigmented purpuric eruption	skos:closeMatch	icd11.foundation:280360139	Capillaritis	semapv:LexicalMatching	oaklib	0.5	oio:hasRelatedSynonym	oio:hasExactSynonym	pigmented purpuric dermatosis	LEXMATCH
MONDO:0008248	pigmented purpuric eruption	skos:closeMatch	icd11.foundation:280360139	Capillaritis	semapv:LexicalMatching	oaklib	0.5	oio:hasRelatedSynonym	oio:hasExactSynonym	progressive pigmented purpura	LEXMATCH
MONDO:0008259	familial spontaneous pneumothorax	skos:closeMatch	icd11.foundation:2003193382	Other spontaneous pneumothorax	semapv:LexicalMatching	oaklib	0.5	oio:hasRelatedSynonym	oio:hasBroadSynonym	spontaneous pneumothorax	LEXMATCH
MONDO:0008267	orofaciodigital syndrome V	skos:closeMatch	icd11.foundation:1559005665	Oral-facial-digital syndrome type 5	semapv:LexicalMatching	oaklib	0.5	oio:hasRelatedSynonym	oio:hasExactSynonym	oral-facial-digital syndrome type 5	LEXMATCH
MONDO:0008267	orofaciodigital syndrome V	skos:closeMatch	icd11.foundation:1559005665	Oral-facial-digital syndrome type 5	semapv:LexicalMatching	oaklib	0.5	oio:hasRelatedSynonym	rdfs:label	oral-facial-digital syndrome type 5	LEXMATCH
MONDO:0008323	Liddle syndrome	skos:closeMatch	icd11.foundation:2066369573	Pseudohyperaldosteronism type 1	semapv:LexicalMatching	oaklib	0.5	oio:hasNarrowSynonym	oio:hasExactSynonym	pseudohyperaldosteronism type 1	LEXMATCH
MONDO:0008323	Liddle syndrome	skos:closeMatch	icd11.foundation:2066369573	Pseudohyperaldosteronism type 1	semapv:LexicalMatching	oaklib	0.5	oio:hasNarrowSynonym	rdfs:label	pseudohyperaldosteronism type 1	LEXMATCH
MONDO:0008329	autosomal dominant pseudohypoaldosteronism type 1	skos:closeMatch	icd11.foundation:1829275943	Renal pseudohypoaldosteronism type 1	semapv:LexicalMatching	oaklib	0.5	oio:hasRelatedSynonym	oio:hasExactSynonym	renal pseudohypoaldosteronism type 1	LEXMATCH
MONDO:0008329	autosomal dominant pseudohypoaldosteronism type 1	skos:closeMatch	icd11.foundation:1829275943	Renal pseudohypoaldosteronism type 1	semapv:LexicalMatching	oaklib	0.5	oio:hasRelatedSynonym	rdfs:label	renal pseudohypoaldosteronism type 1	LEXMATCH
MONDO:0008346	pulmonary hemosiderosis	skos:closeMatch	icd11.foundation:1514276050	Obesity hypoventilation syndrome	semapv:LexicalMatching	oaklib	0.5	oio:hasRelatedSynonym	oio:hasExactSynonym	alveolar hypoventilation syndrome	LEXMATCH
MONDO:0008425	omphalocele syndrome, Shprintzen-Goldberg type	skos:closeMatch	icd11.foundation:1570235082	Shprintzen-Goldberg omphalocele syndrome	semapv:LexicalMatching	oaklib	0.5	oio:hasRelatedSynonym	oio:hasExactSynonym	shprintzen-goldberg omphalocele syndrome	LEXMATCH
MONDO:0008425	omphalocele syndrome, Shprintzen-Goldberg type	skos:closeMatch	icd11.foundation:1570235082	Shprintzen-Goldberg omphalocele syndrome	semapv:LexicalMatching	oaklib	0.5	oio:hasRelatedSynonym	rdfs:label	shprintzen-goldberg omphalocele syndrome	LEXMATCH
MONDO:0008440	spastic paraplegia-nephritis-deafness syndrome	skos:closeMatch	icd11.foundation:1364971507	Spastic paraplegia - nephritis - deafness	semapv:LexicalMatching	oaklib	0.5	oio:hasRelatedSynonym	oio:hasExactSynonym	spastic paraplegia - nephritis - deafness	LEXMATCH
MONDO:0008440	spastic paraplegia-nephritis-deafness syndrome	skos:closeMatch	icd11.foundation:1364971507	Spastic paraplegia - nephritis - deafness	semapv:LexicalMatching	oaklib	0.5	oio:hasRelatedSynonym	rdfs:label	spastic paraplegia - nephritis - deafness	LEXMATCH
MONDO:0008471	spondyloepiphyseal dysplasia congenita	skos:closeMatch	icd11.foundation:621109310	Congenital spondyloepiphyseal dysplasia	semapv:LexicalMatching	oaklib	0.5	oio:hasRelatedSynonym	oio:hasExactSynonym	congenital spondyloepiphyseal dysplasia	LEXMATCH
MONDO:0008471	spondyloepiphyseal dysplasia congenita	skos:closeMatch	icd11.foundation:621109310	Congenital spondyloepiphyseal dysplasia	semapv:LexicalMatching	oaklib	0.5	oio:hasRelatedSynonym	rdfs:label	congenital spondyloepiphyseal dysplasia	LEXMATCH
MONDO:0008546	thanatophoric dysplasia type 1	skos:closeMatch	icd11.foundation:1743293343	Thanatophoric dysplasia type I	semapv:LexicalMatching	oaklib	0.5	oio:hasRelatedSynonym	oio:hasExactSynonym	thanatophoric dwarfism type 1	LEXMATCH
MONDO:0008546	thanatophoric dysplasia type 1	skos:closeMatch	icd11.foundation:1743293343	Thanatophoric dysplasia type I	semapv:LexicalMatching	oaklib	0.5	oio:hasRelatedSynonym	oio:hasExactSynonym	thanatophoric dysplasia type i	LEXMATCH
MONDO:0008546	thanatophoric dysplasia type 1	skos:closeMatch	icd11.foundation:1743293343	Thanatophoric dysplasia type I	semapv:LexicalMatching	oaklib	0.5	oio:hasRelatedSynonym	rdfs:label	thanatophoric dysplasia type i	LEXMATCH
MONDO:0008547	thanatophoric dysplasia type 2	skos:closeMatch	icd11.foundation:986127718	Thanatophoric dysplasia type II	semapv:LexicalMatching	oaklib	0.5	oio:hasRelatedSynonym	oio:hasExactSynonym	thanatophoric dysplasia type ii	LEXMATCH
MONDO:0008547	thanatophoric dysplasia type 2	skos:closeMatch	icd11.foundation:986127718	Thanatophoric dysplasia type II	semapv:LexicalMatching	oaklib	0.5	oio:hasRelatedSynonym	rdfs:label	thanatophoric dysplasia type ii	LEXMATCH
MONDO:0008557	Paris-Trousseau thrombocytopenia	skos:closeMatch	icd11.foundation:187198290	Paris-Trousseau syndrome	semapv:LexicalMatching	oaklib	0.5	oio:hasRelatedSynonym	oio:hasExactSynonym	paris-trousseau syndrome	LEXMATCH
MONDO:0008557	Paris-Trousseau thrombocytopenia	skos:closeMatch	icd11.foundation:187198290	Paris-Trousseau syndrome	semapv:LexicalMatching	oaklib	0.5	oio:hasRelatedSynonym	rdfs:label	paris-trousseau syndrome	LEXMATCH
MONDO:0008575	nicotine dependence	skos:closeMatch	icd11.foundation:299901355	Harmful pattern of use of nicotine	semapv:LexicalMatching	oaklib	0.5	oio:hasRelatedSynonym	oio:hasExactSynonym	tobacco use disorder	LEXMATCH
MONDO:0008586	esophageal atresia/tracheoesophageal fistula	skos:closeMatch	icd11.foundation:43431231	Oesophagotracheal fistula	semapv:LexicalMatching	oaklib	0.5	oio:hasRelatedSynonym	oio:hasExactSynonym	tracheoesophageal fistula	LEXMATCH
MONDO:0008632	urticaria, aquagenic	skos:closeMatch	icd11.foundation:1752791851	Aquagenic urticaria	semapv:LexicalMatching	oaklib	0.5	oio:hasRelatedSynonym	oio:hasExactSynonym	aquagenic urticaria	LEXMATCH
MONDO:0008632	urticaria, aquagenic	skos:closeMatch	icd11.foundation:1752791851	Aquagenic urticaria	semapv:LexicalMatching	oaklib	0.5	oio:hasRelatedSynonym	rdfs:label	aquagenic urticaria	LEXMATCH
MONDO:0008641	retinal vasculopathy with cerebral leukoencephalopathy and systemic manifestations	skos:closeMatch	icd11.foundation:59898211	Cerebroretinal vasculopathy	semapv:LexicalMatching	oaklib	0.5	oio:hasRelatedSynonym	oio:hasExactSynonym	cerebroretinal vasculopathy	LEXMATCH
MONDO:0008641	retinal vasculopathy with cerebral leukoencephalopathy and systemic manifestations	skos:closeMatch	icd11.foundation:59898211	Cerebroretinal vasculopathy	semapv:LexicalMatching	oaklib	0.5	oio:hasRelatedSynonym	rdfs:label	cerebroretinal vasculopathy	LEXMATCH
MONDO:0008728	classic congenital adrenal hyperplasia due to 21-hydroxylase deficiency	skos:closeMatch	icd11.foundation:1469259578	Congenital adrenal hyperplasia due to 21-hydroxylase deficiency	semapv:LexicalMatching	oaklib	0.5	oio:hasRelatedSynonym	oio:hasExactSynonym	congenital adrenal hyperplasia due to type 21-hydroxylase deficiency	LEXMATCH
MONDO:0008728	classic congenital adrenal hyperplasia due to 21-hydroxylase deficiency	skos:closeMatch	icd11.foundation:1469259578	Congenital adrenal hyperplasia due to 21-hydroxylase deficiency	semapv:LexicalMatching	oaklib	0.5	oio:hasRelatedSynonym	rdfs:label	congenital adrenal hyperplasia due to type 21-hydroxylase deficiency	LEXMATCH
MONDO:0008746	oculocutaneous albinism type 2	skos:closeMatch	icd11.foundation:735894380	Tyrosinase-positive oculocutaneous albinism	semapv:LexicalMatching	oaklib	0.5	oio:hasRelatedSynonym	oio:hasExactSynonym	tyrosinase-positive oculocutaneous albinism	LEXMATCH
MONDO:0008746	oculocutaneous albinism type 2	skos:closeMatch	icd11.foundation:735894380	Tyrosinase-positive oculocutaneous albinism	semapv:LexicalMatching	oaklib	0.5	oio:hasRelatedSynonym	rdfs:label	tyrosinase-positive oculocutaneous albinism	LEXMATCH
MONDO:0008783	Tangier disease	skos:closeMatch	icd11.foundation:1796662502	Analphalipoproteinaemia	semapv:LexicalMatching	oaklib	0.5	oio:hasRelatedSynonym	oio:hasExactSynonym	cholesterol thesaurismosis	LEXMATCH
MONDO:0008832	right atrial isomerism	skos:closeMatch	icd11.foundation:1576694141	Right isomerism	semapv:LexicalMatching	oaklib	0.5	oio:hasRelatedSynonym	oio:hasExactSynonym	asplenia syndrome	LEXMATCH
MONDO:0008832	right atrial isomerism	skos:closeMatch	icd11.foundation:1576694141	Right isomerism	semapv:LexicalMatching	oaklib	0.5	oio:hasRelatedSynonym	oio:hasExactSynonym	splenic agenesis syndrome	LEXMATCH
MONDO:0008849	atrophoderma vermiculata	skos:closeMatch	icd11.foundation:1075050916	Atrophoderma vermiculatum	semapv:LexicalMatching	oaklib	0.5	oio:hasRelatedSynonym	oio:hasExactSynonym	atrophoderma vermiculatum	LEXMATCH
MONDO:0008849	atrophoderma vermiculata	skos:closeMatch	icd11.foundation:1075050916	Atrophoderma vermiculatum	semapv:LexicalMatching	oaklib	0.5	oio:hasRelatedSynonym	rdfs:label	atrophoderma vermiculatum	LEXMATCH
MONDO:0008861	3-methylcrotonyl-CoA carboxylase 1 deficiency	skos:closeMatch	icd11.foundation:769681951	3-methylcrotonylglycinuria	semapv:LexicalMatching	oaklib	0.5	oio:hasRelatedSynonym	oio:hasExactSynonym	3-methylcrotonylglycinuria	LEXMATCH
MONDO:0008861	3-methylcrotonyl-CoA carboxylase 1 deficiency	skos:closeMatch	icd11.foundation:769681951	3-methylcrotonylglycinuria	semapv:LexicalMatching	oaklib	0.5	oio:hasRelatedSynonym	rdfs:label	3-methylcrotonylglycinuria	LEXMATCH
MONDO:0008872	microcephalic osteodysplastic primordial dwarfism type II	skos:closeMatch	icd11.foundation:64477889	Microcephalic osteodysplastic primordial dwarfism type 2	semapv:LexicalMatching	oaklib	0.5	oio:hasRelatedSynonym	oio:hasExactSynonym	microcephalic osteodysplastic primordial dwarfism type 2	LEXMATCH
MONDO:0008872	microcephalic osteodysplastic primordial dwarfism type II	skos:closeMatch	icd11.foundation:64477889	Microcephalic osteodysplastic primordial dwarfism type 2	semapv:LexicalMatching	oaklib	0.5	oio:hasRelatedSynonym	rdfs:label	microcephalic osteodysplastic primordial dwarfism type 2	LEXMATCH
MONDO:0008885	Elsahy-Waters syndrome	skos:closeMatch	icd11.foundation:1707825158	Branchio-skeleto-genital syndrome	semapv:LexicalMatching	oaklib	0.5	oio:hasRelatedSynonym	oio:hasExactSynonym	branchio-skeleto-genital syndrome	LEXMATCH
MONDO:0008885	Elsahy-Waters syndrome	skos:closeMatch	icd11.foundation:1707825158	Branchio-skeleto-genital syndrome	semapv:LexicalMatching	oaklib	0.5	oio:hasRelatedSynonym	rdfs:label	branchio-skeleto-genital syndrome	LEXMATCH
MONDO:0008934	cerebellar ataxia-ectodermal dysplasia syndrome	skos:closeMatch	icd11.foundation:2062907441	Cerebellar ataxia - ectodermal dysplasia	semapv:LexicalMatching	oaklib	0.5	oio:hasRelatedSynonym	oio:hasExactSynonym	cerebellar ataxia - ectodermal dysplasia	LEXMATCH
MONDO:0008934	cerebellar ataxia-ectodermal dysplasia syndrome	skos:closeMatch	icd11.foundation:2062907441	Cerebellar ataxia - ectodermal dysplasia	semapv:LexicalMatching	oaklib	0.5	oio:hasRelatedSynonym	rdfs:label	cerebellar ataxia - ectodermal dysplasia	LEXMATCH
MONDO:0008945	myoclonic cerebellar dyssynergia	skos:closeMatch	icd11.foundation:289119932	Ramsay Hunt cerebellar syndrome	semapv:LexicalMatching	oaklib	0.5	oio:hasRelatedSynonym	oio:hasExactSynonym	ramsay hunt cerebellar syndrome	LEXMATCH
MONDO:0008945	myoclonic cerebellar dyssynergia	skos:closeMatch	icd11.foundation:289119932	Ramsay Hunt cerebellar syndrome	semapv:LexicalMatching	oaklib	0.5	oio:hasRelatedSynonym	rdfs:label	ramsay hunt cerebellar syndrome	LEXMATCH
MONDO:0008947	bilateral striopallidodentate calcinosis	skos:closeMatch	icd11.foundation:1852939860	Familial idiopathic basal ganglia calcification	semapv:LexicalMatching	oaklib	0.5	oio:hasNarrowSynonym	oio:hasExactSynonym	fahr disorder	LEXMATCH
MONDO:0008964	congenital secretory chloride diarrhea 1	skos:closeMatch	icd11.foundation:606816226	Congenital chloride diarrhoea	semapv:LexicalMatching	oaklib	0.5	oio:hasRelatedSynonym	oio:hasExactSynonym	congenital chloride diarrhoea	LEXMATCH
MONDO:0008964	congenital secretory chloride diarrhea 1	skos:closeMatch	icd11.foundation:606816226	Congenital chloride diarrhoea	semapv:LexicalMatching	oaklib	0.5	oio:hasRelatedSynonym	rdfs:label	congenital chloride diarrhoea	LEXMATCH
MONDO:0009126	duodenal atresia	skos:closeMatch	icd11.foundation:1974608193	Stenosis of duodenum	semapv:LexicalMatching	oaklib	0.5	oio:hasRelatedSynonym	oio:hasExactSynonym	duodenal stenosis	LEXMATCH
MONDO:0009136	dyskeratosis congenita, autosomal recessive 1	skos:closeMatch	icd11.foundation:1891479790	Autosomal recessive dyskeratosis congenita	semapv:LexicalMatching	oaklib	0.5	oio:hasRelatedSynonym	oio:hasExactSynonym	autosomal recessive dyskeratosis congenita	LEXMATCH
MONDO:0009136	dyskeratosis congenita, autosomal recessive 1	skos:closeMatch	icd11.foundation:1891479790	Autosomal recessive dyskeratosis congenita	semapv:LexicalMatching	oaklib	0.5	oio:hasRelatedSynonym	rdfs:label	autosomal recessive dyskeratosis congenita	LEXMATCH
MONDO:0009140	Silverman-Handmaker type dyssegmental dysplasia	skos:closeMatch	icd11.foundation:1486595955	Dyssegmental dysplasia, Silverman-Handmaker type	semapv:LexicalMatching	oaklib	0.5	oio:hasRelatedSynonym	oio:hasExactSynonym	dyssegmental dysplasia, silverman-handmaker type	LEXMATCH
MONDO:0009140	Silverman-Handmaker type dyssegmental dysplasia	skos:closeMatch	icd11.foundation:1486595955	Dyssegmental dysplasia, Silverman-Handmaker type	semapv:LexicalMatching	oaklib	0.5	oio:hasRelatedSynonym	rdfs:label	dyssegmental dysplasia, silverman-handmaker type	LEXMATCH
MONDO:0009150	hypohidrotic ectodermal dysplasia-hypothyroidism-ciliary dyskinesia syndrome	skos:closeMatch	icd11.foundation:931852195	Hypohidrotic ectodermal dysplasia - hypothyroidism - ciliary dyskinesia	semapv:LexicalMatching	oaklib	0.5	oio:hasRelatedSynonym	oio:hasExactSynonym	hypohidrotic ectodermal dysplasia - hypothyroidism - ciliary dyskinesia	LEXMATCH
MONDO:0009150	hypohidrotic ectodermal dysplasia-hypothyroidism-ciliary dyskinesia syndrome	skos:closeMatch	icd11.foundation:931852195	Hypohidrotic ectodermal dysplasia - hypothyroidism - ciliary dyskinesia	semapv:LexicalMatching	oaklib	0.5	oio:hasRelatedSynonym	rdfs:label	hypohidrotic ectodermal dysplasia - hypothyroidism - ciliary dyskinesia	LEXMATCH
MONDO:0009182	junctional epidermolysis bullosa Herlitz type	skos:closeMatch	icd11.foundation:1267734927	Junctional epidermolysis bullosa, generalised severe	semapv:LexicalMatching	oaklib	0.5	oio:hasRelatedSynonym	oio:hasExactSynonym	junctional epidermolysis bullosa, generalised severe	LEXMATCH
MONDO:0009182	junctional epidermolysis bullosa Herlitz type	skos:closeMatch	icd11.foundation:1267734927	Junctional epidermolysis bullosa, generalised severe	semapv:LexicalMatching	oaklib	0.5	oio:hasRelatedSynonym	rdfs:label	junctional epidermolysis bullosa, generalised severe	LEXMATCH
MONDO:0009215	Fanconi anemia complementation group A	skos:closeMatch	icd11.foundation:1500851497	Fanconi anaemia	semapv:LexicalMatching	oaklib	0.5	oio:hasRelatedSynonym	oio:hasExactSynonym	fanconi anaemia	LEXMATCH
MONDO:0009215	Fanconi anemia complementation group A	skos:closeMatch	icd11.foundation:1500851497	Fanconi anaemia	semapv:LexicalMatching	oaklib	0.5	oio:hasRelatedSynonym	rdfs:label	fanconi anaemia	LEXMATCH
MONDO:0009230	fibrosclerosis, multifocal	skos:closeMatch	icd11.foundation:278355233	Multifocal fibrosclerosis	semapv:LexicalMatching	oaklib	0.5	oio:hasRelatedSynonym	oio:hasExactSynonym	multifocal fibrosclerosis	LEXMATCH
MONDO:0009230	fibrosclerosis, multifocal	skos:closeMatch	icd11.foundation:278355233	Multifocal fibrosclerosis	semapv:LexicalMatching	oaklib	0.5	oio:hasRelatedSynonym	rdfs:label	multifocal fibrosclerosis	LEXMATCH
MONDO:0009268	Gaucher disease-ophthalmoplegia-cardiovascular calcification syndrome	skos:closeMatch	icd11.foundation:511928730	Gaucher disease - ophthalmoplegia - cardiovascular calcification	semapv:LexicalMatching	oaklib	0.5	oio:hasRelatedSynonym	oio:hasExactSynonym	gaucher disorder - ophthalmoplegia - cardiovascular calcification	LEXMATCH
MONDO:0009268	Gaucher disease-ophthalmoplegia-cardiovascular calcification syndrome	skos:closeMatch	icd11.foundation:511928730	Gaucher disease - ophthalmoplegia - cardiovascular calcification	semapv:LexicalMatching	oaklib	0.5	oio:hasRelatedSynonym	rdfs:label	gaucher disorder - ophthalmoplegia - cardiovascular calcification	LEXMATCH
MONDO:0009275	neonatal hemochromatosis	skos:closeMatch	icd11.foundation:1833564931	Fetal or neonatal idiopathic hepatitis	semapv:LexicalMatching	oaklib	0.5	oio:hasRelatedSynonym	oio:hasExactSynonym	neonatal hepatitis	LEXMATCH
MONDO:0009279	triple-A syndrome	skos:closeMatch	icd11.foundation:180128195	Triple A syndrome	semapv:LexicalMatching	oaklib	0.5	oio:hasRelatedSynonym	oio:hasExactSynonym	triple a syndrome	LEXMATCH
MONDO:0009279	triple-A syndrome	skos:closeMatch	icd11.foundation:180128195	Triple A syndrome	semapv:LexicalMatching	oaklib	0.5	oio:hasRelatedSynonym	rdfs:label	triple a syndrome	LEXMATCH
MONDO:0009287	glycogen storage disease due to glucose-6-phosphatase deficiency type IA	skos:closeMatch	icd11.foundation:377675277	Glycogen storage disease due to glucose-6-phosphatase deficiency	semapv:LexicalMatching	oaklib	0.5	oio:hasRelatedSynonym	oio:hasExactSynonym	glycogen storage disorder type 1a	LEXMATCH
MONDO:0009294	glycogen storage disease VI	skos:closeMatch	icd11.foundation:1656693213	Glycogen storage disease due to liver glycogen phosphorylase deficiency	semapv:LexicalMatching	oaklib	0.5	oio:hasRelatedSynonym	oio:hasExactSynonym	glycogen storage disorder type 6	LEXMATCH
MONDO:0009297	familial renal glucosuria	skos:closeMatch	icd11.foundation:1486280298	Renal glycosuria	semapv:LexicalMatching	oaklib	0.5	oio:hasRelatedSynonym	oio:hasExactSynonym	renal glycosuria	LEXMATCH
MONDO:0009297	familial renal glucosuria	skos:closeMatch	icd11.foundation:1486280298	Renal glycosuria	semapv:LexicalMatching	oaklib	0.5	oio:hasRelatedSynonym	rdfs:label	renal glycosuria	LEXMATCH
MONDO:0009367	McKusick-Kaufman syndrome	skos:closeMatch	icd11.foundation:1068723140	McKusick Kaufman syndrome	semapv:LexicalMatching	oaklib	0.5	oio:hasRelatedSynonym	oio:hasExactSynonym	mckusick kaufman syndrome	LEXMATCH
MONDO:0009367	McKusick-Kaufman syndrome	skos:closeMatch	icd11.foundation:1068723140	McKusick Kaufman syndrome	semapv:LexicalMatching	oaklib	0.5	oio:hasRelatedSynonym	rdfs:label	mckusick kaufman syndrome	LEXMATCH
MONDO:0009377	hyperammonemia due to N-acetylglutamate synthase deficiency	skos:closeMatch	icd11.foundation:1096683428	N-acetylglutamate synthase deficiency	semapv:LexicalMatching	oaklib	0.5	oio:hasRelatedSynonym	oio:hasExactSynonym	n-acetylglutamate synthase deficiency	LEXMATCH
MONDO:0009377	hyperammonemia due to N-acetylglutamate synthase deficiency	skos:closeMatch	icd11.foundation:1096683428	N-acetylglutamate synthase deficiency	semapv:LexicalMatching	oaklib	0.5	oio:hasRelatedSynonym	rdfs:label	n-acetylglutamate synthase deficiency	LEXMATCH
MONDO:0009387	familial lipoprotein lipase deficiency	skos:closeMatch	icd11.foundation:2104488268	Hyperlipoproteinaemia type 1	semapv:LexicalMatching	oaklib	0.5	oio:hasRelatedSynonym	oio:hasExactSynonym	endogenous hypertriglyceridaemia	LEXMATCH
MONDO:0009406	hypertrichotic osteochondrodysplasia Cantu type	skos:closeMatch	icd11.foundation:926534390	Hypertrichotic osteochondrodysplasia	semapv:LexicalMatching	oaklib	0.5	oio:hasRelatedSynonym	oio:hasExactSynonym	hypertrichotic osteochondrodysplasia	LEXMATCH
MONDO:0009406	hypertrichotic osteochondrodysplasia Cantu type	skos:closeMatch	icd11.foundation:926534390	Hypertrichotic osteochondrodysplasia	semapv:LexicalMatching	oaklib	0.5	oio:hasRelatedSynonym	rdfs:label	hypertrichotic osteochondrodysplasia	LEXMATCH
MONDO:0009591	metachromatic leukodystrophy, juvenile form	skos:closeMatch	icd11.foundation:465423711	Arylsulfatase A deficiency	semapv:LexicalMatching	oaklib	0.5	oio:hasRelatedSynonym	oio:hasExactSynonym	arylsulfatase a deficiency	LEXMATCH
MONDO:0009591	metachromatic leukodystrophy, juvenile form	skos:closeMatch	icd11.foundation:465423711	Arylsulfatase A deficiency	semapv:LexicalMatching	oaklib	0.5	oio:hasRelatedSynonym	oio:hasExactSynonym	cerebroside sulfatase deficiency	LEXMATCH
MONDO:0009591	metachromatic leukodystrophy, juvenile form	skos:closeMatch	icd11.foundation:465423711	Arylsulfatase A deficiency	semapv:LexicalMatching	oaklib	0.5	oio:hasRelatedSynonym	rdfs:label	arylsulfatase a deficiency	LEXMATCH
MONDO:0009603	3-hydroxyisobutyryl-CoA hydrolase deficiency	skos:closeMatch	icd11.foundation:1094336651	Neurodegeneration due to 3-hydroxyisobutyryl-CoA hydrolase deficiency	semapv:LexicalMatching	oaklib	0.5	oio:hasRelatedSynonym	oio:hasExactSynonym	beta-hydroxyisobutyryl-coa deacylase deficiency	LEXMATCH
MONDO:0009627	Galloway-Mowat syndrome	skos:closeMatch	icd11.foundation:1140537618	Galloway Mowat syndrome	semapv:LexicalMatching	oaklib	0.5	oio:hasRelatedSynonym	oio:hasExactSynonym	galloway mowat syndrome	LEXMATCH
MONDO:0009627	Galloway-Mowat syndrome	skos:closeMatch	icd11.foundation:1140537618	Galloway Mowat syndrome	semapv:LexicalMatching	oaklib	0.5	oio:hasRelatedSynonym	rdfs:label	galloway mowat syndrome	LEXMATCH
MONDO:0009643	sulfite oxidase deficiency due to molybdenum cofactor deficiency type A	skos:closeMatch	icd11.foundation:490508412	Molybdenum cofactor deficiency, complementation group A	semapv:LexicalMatching	oaklib	0.5	oio:hasRelatedSynonym	oio:hasExactSynonym	molybdenum cofactor deficiency, complementation group a	LEXMATCH
MONDO:0009643	sulfite oxidase deficiency due to molybdenum cofactor deficiency type A	skos:closeMatch	icd11.foundation:490508412	Molybdenum cofactor deficiency, complementation group A	semapv:LexicalMatching	oaklib	0.5	oio:hasRelatedSynonym	rdfs:label	molybdenum cofactor deficiency, complementation group a	LEXMATCH
MONDO:0009644	sulfite oxidase deficiency due to molybdenum cofactor deficiency type B1	skos:closeMatch	icd11.foundation:344434559	Molybdenum cofactor deficiency, complementation group B	semapv:LexicalMatching	oaklib	0.5	oio:hasRelatedSynonym	oio:hasExactSynonym	molybdenum cofactor deficiency, complementation group b	LEXMATCH
MONDO:0009644	sulfite oxidase deficiency due to molybdenum cofactor deficiency type B1	skos:closeMatch	icd11.foundation:344434559	Molybdenum cofactor deficiency, complementation group B	semapv:LexicalMatching	oaklib	0.5	oio:hasRelatedSynonym	rdfs:label	molybdenum cofactor deficiency, complementation group b	LEXMATCH
MONDO:0009650	mucolipidosis type II	skos:closeMatch	icd11.foundation:1130629620	Mucolipidosis type 2	semapv:LexicalMatching	oaklib	0.5	oio:hasRelatedSynonym	oio:hasExactSynonym	inclusion cell disorder	LEXMATCH
MONDO:0009665	biotinidase deficiency	skos:closeMatch	icd11.foundation:1726732000	Biotin deficiency	semapv:LexicalMatching	oaklib	0.5	oio:hasRelatedSynonym	oio:hasExactSynonym	biotin deficiency	LEXMATCH
MONDO:0009665	biotinidase deficiency	skos:closeMatch	icd11.foundation:1726732000	Biotin deficiency	semapv:LexicalMatching	oaklib	0.5	oio:hasRelatedSynonym	rdfs:label	biotin deficiency	LEXMATCH
MONDO:0009692	primary myelofibrosis	skos:closeMatch	icd11.foundation:1527893257	Myeloid metaplasia	semapv:LexicalMatching	oaklib	0.5	oio:hasRelatedSynonym	oio:hasExactSynonym	myeloid metaplasia	LEXMATCH
MONDO:0009692	primary myelofibrosis	skos:closeMatch	icd11.foundation:1527893257	Myeloid metaplasia	semapv:LexicalMatching	oaklib	0.5	oio:hasRelatedSynonym	rdfs:label	myeloid metaplasia	LEXMATCH
MONDO:0009711	congenital fiber-type disproportion myopathy	skos:closeMatch	icd11.foundation:311083557	Congenital fibre type disproportion	semapv:LexicalMatching	oaklib	0.5	oio:hasRelatedSynonym	oio:hasExactSynonym	congenital fibre type disproportion	LEXMATCH
MONDO:0009711	congenital fiber-type disproportion myopathy	skos:closeMatch	icd11.foundation:311083557	Congenital fibre type disproportion	semapv:LexicalMatching	oaklib	0.5	oio:hasRelatedSynonym	rdfs:label	congenital fibre type disproportion	LEXMATCH
MONDO:0009729	nephropathy - deafness - hyperparathyroidism syndrome	skos:closeMatch	icd11.foundation:1751642374	Nephropathy - deafness - hyperparathyroidism	semapv:LexicalMatching	oaklib	0.5	oio:hasRelatedSynonym	oio:hasExactSynonym	nephropathy - deafness - hyperparathyroidism	LEXMATCH
MONDO:0009729	nephropathy - deafness - hyperparathyroidism syndrome	skos:closeMatch	icd11.foundation:1751642374	Nephropathy - deafness - hyperparathyroidism	semapv:LexicalMatching	oaklib	0.5	oio:hasRelatedSynonym	rdfs:label	nephropathy - deafness - hyperparathyroidism	LEXMATCH
MONDO:0009733	nephrotic syndrome, type 4	skos:closeMatch	icd11.foundation:84161233	Diffuse mesangial sclerosis	semapv:LexicalMatching	oaklib	0.5	oio:hasRelatedSynonym	oio:hasExactSynonym	diffuse mesangial sclerosis	LEXMATCH
MONDO:0009733	nephrotic syndrome, type 4	skos:closeMatch	icd11.foundation:84161233	Diffuse mesangial sclerosis	semapv:LexicalMatching	oaklib	0.5	oio:hasRelatedSynonym	rdfs:label	diffuse mesangial sclerosis	LEXMATCH
MONDO:0009809	multicentric osteolysis, nodulosis, and arthropathy	skos:closeMatch	icd11.foundation:1076780824	Torg-Winchester syndrome	semapv:LexicalMatching	oaklib	0.5	oio:hasRelatedSynonym	oio:hasExactSynonym	torg-winchester syndrome	LEXMATCH
MONDO:0009809	multicentric osteolysis, nodulosis, and arthropathy	skos:closeMatch	icd11.foundation:1076780824	Torg-Winchester syndrome	semapv:LexicalMatching	oaklib	0.5	oio:hasRelatedSynonym	rdfs:label	torg-winchester syndrome	LEXMATCH
MONDO:0009822	otoonychoperoneal syndrome	skos:closeMatch	icd11.foundation:1729559276	Oto-onycho-peroneal syndrome	semapv:LexicalMatching	oaklib	0.5	oio:hasRelatedSynonym	oio:hasExactSynonym	oto-onycho-peroneal syndrome	LEXMATCH
MONDO:0009822	otoonychoperoneal syndrome	skos:closeMatch	icd11.foundation:1729559276	Oto-onycho-peroneal syndrome	semapv:LexicalMatching	oaklib	0.5	oio:hasRelatedSynonym	rdfs:label	oto-onycho-peroneal syndrome	LEXMATCH
MONDO:0009855	d-bifunctional protein deficiency	skos:closeMatch	icd11.foundation:996981847	Peroxisomal D-bifunctional enzyme deficiency	semapv:LexicalMatching	oaklib	0.5	oio:hasRelatedSynonym	oio:hasExactSynonym	bifunctional enzyme deficiency	LEXMATCH
MONDO:0009864	phosphoenolpyruvate carboxykinase deficiency, mitochondrial	skos:closeMatch	icd11.foundation:1882770987	Phosphoenolpyruvate carboxykinase 2 deficiency	semapv:LexicalMatching	oaklib	0.5	oio:hasRelatedSynonym	oio:hasExactSynonym	phosphoenolpyruvate carboxykinase type 2 deficiency	LEXMATCH
MONDO:0009864	phosphoenolpyruvate carboxykinase deficiency, mitochondrial	skos:closeMatch	icd11.foundation:1882770987	Phosphoenolpyruvate carboxykinase 2 deficiency	semapv:LexicalMatching	oaklib	0.5	oio:hasRelatedSynonym	rdfs:label	phosphoenolpyruvate carboxykinase type 2 deficiency	LEXMATCH
MONDO:0009948	pyropoikilocytosis, hereditary	skos:closeMatch	icd11.foundation:947237366	Hereditary pyropoikilocytosis	semapv:LexicalMatching	oaklib	0.5	oio:hasRelatedSynonym	oio:hasExactSynonym	hereditary pyropoikilocytosis	LEXMATCH
MONDO:0009948	pyropoikilocytosis, hereditary	skos:closeMatch	icd11.foundation:947237366	Hereditary pyropoikilocytosis	semapv:LexicalMatching	oaklib	0.5	oio:hasRelatedSynonym	rdfs:label	hereditary pyropoikilocytosis	LEXMATCH
MONDO:0009958	adult Refsum disease	skos:closeMatch	icd11.foundation:1055252392	Refsum disease	semapv:LexicalMatching	oaklib	0.5	oio:hasNarrowSynonym	oio:hasExactSynonym	phytanic acid oxidase deficiency	LEXMATCH
MONDO:0009968	renal tubular acidosis, distal, 2, with progressive sensorineural hearing loss	skos:closeMatch	icd11.foundation:127398748	Renal tubular acidosis - deafness	semapv:LexicalMatching	oaklib	0.5	oio:hasRelatedSynonym	oio:hasExactSynonym	autosomal recessive distal renal tubular acidosis with deafness	LEXMATCH
MONDO:0009971	respiratory distress syndrome in premature infants	skos:closeMatch	icd11.foundation:1406980855	Hyaline membrane disease	semapv:LexicalMatching	oaklib	0.5	oio:hasRelatedSynonym	oio:hasExactSynonym	hyaline membrane disorder	LEXMATCH
MONDO:0009971	respiratory distress syndrome in premature infants	skos:closeMatch	icd11.foundation:1406980855	Hyaline membrane disease	semapv:LexicalMatching	oaklib	0.5	oio:hasRelatedSynonym	rdfs:label	hyaline membrane disorder	LEXMATCH
MONDO:0010052	spermatogenic failure 4	skos:closeMatch	icd11.foundation:1681590394	Arrest of spermatogenesis	semapv:LexicalMatching	oaklib	0.5	oio:hasRelatedSynonym	oio:hasExactSynonym	arrest of spermatogenesis	LEXMATCH
MONDO:0010052	spermatogenic failure 4	skos:closeMatch	icd11.foundation:1681590394	Arrest of spermatogenesis	semapv:LexicalMatching	oaklib	0.5	oio:hasRelatedSynonym	rdfs:label	arrest of spermatogenesis	LEXMATCH
MONDO:0010060	mitochondrial DNA depletion syndrome 7 (hepatocerebral type)	skos:closeMatch	icd11.foundation:1262541689	Infantile onset spinocerebellar ataxia	semapv:LexicalMatching	oaklib	0.5	oio:hasRelatedSynonym	oio:hasExactSynonym	ophthalmoplegia - hypotonia - ataxia - hypoacusis - athetosis	LEXMATCH
MONDO:0010077	spondyloepimetaphyseal dysplasia-short limb-abnormal calcification syndrome	skos:closeMatch	icd11.foundation:1186213561	Spondyloepimetaphyseal dysplasia - short limb - abnormal calcification	semapv:LexicalMatching	oaklib	0.5	oio:hasRelatedSynonym	oio:hasExactSynonym	spondyloepimetaphyseal dysplasia - short limb - abnormal calcification	LEXMATCH
MONDO:0010077	spondyloepimetaphyseal dysplasia-short limb-abnormal calcification syndrome	skos:closeMatch	icd11.foundation:1186213561	Spondyloepimetaphyseal dysplasia - short limb - abnormal calcification	semapv:LexicalMatching	oaklib	0.5	oio:hasRelatedSynonym	rdfs:label	spondyloepimetaphyseal dysplasia - short limb - abnormal calcification	LEXMATCH
MONDO:0010108	testicular germ cell tumor	skos:closeMatch	icd11.foundation:336775967	Endodermal sinus tumour, unspecified site, male	semapv:LexicalMatching	oaklib	0.5	oio:hasRelatedSynonym	oio:hasExactSynonym	endodermal sinus tumour	LEXMATCH
MONDO:0010131	thyroid hormone resistance, generalized, autosomal recessive	skos:closeMatch	icd11.foundation:1074212276	Generalised resistance to thyroid hormone	semapv:LexicalMatching	oaklib	0.5	oio:hasRelatedSynonym	oio:hasExactSynonym	refetoff syndrome	LEXMATCH
MONDO:0010179	isolated right ventricular hypoplasia	skos:closeMatch	icd11.foundation:2088837187	Right ventricular hypoplasia	semapv:LexicalMatching	oaklib	0.5	oio:hasRelatedSynonym	oio:hasExactSynonym	right ventricular hypoplasia	LEXMATCH
MONDO:0010179	isolated right ventricular hypoplasia	skos:closeMatch	icd11.foundation:2088837187	Right ventricular hypoplasia	semapv:LexicalMatching	oaklib	0.5	oio:hasRelatedSynonym	rdfs:label	right ventricular hypoplasia	LEXMATCH
MONDO:0010188	familial isolated deficiency of vitamin E	skos:closeMatch	icd11.foundation:1011034743	Friedreich-like ataxia with selective vitamin E deficiency	semapv:LexicalMatching	oaklib	0.5	oio:hasRelatedSynonym	oio:hasExactSynonym	friedreich-like ataxia with selective vitamin e deficiency	LEXMATCH
MONDO:0010188	familial isolated deficiency of vitamin E	skos:closeMatch	icd11.foundation:1011034743	Friedreich-like ataxia with selective vitamin E deficiency	semapv:LexicalMatching	oaklib	0.5	oio:hasRelatedSynonym	rdfs:label	friedreich-like ataxia with selective vitamin e deficiency	LEXMATCH
MONDO:0010261	microphthalmia, syndromic 2	skos:closeMatch	icd11.foundation:558977413	Oculo-facio-cardio-dental syndrome	semapv:LexicalMatching	oaklib	0.5	oio:hasRelatedSynonym	oio:hasExactSynonym	syndromic microphthalmia type 2	LEXMATCH
MONDO:0010305	creatine transporter deficiency	skos:closeMatch	icd11.foundation:1208619155	X-linked creatine transporter deficiency	semapv:LexicalMatching	oaklib	0.5	oio:hasRelatedSynonym	oio:hasExactSynonym	x-linked creatine deficiency syndrome	LEXMATCH
MONDO:0010310	osteopathia striata with cranial sclerosis	skos:closeMatch	icd11.foundation:182245528	Osteopathia striata - cranial sclerosis	semapv:LexicalMatching	oaklib	0.5	oio:hasRelatedSynonym	oio:hasExactSynonym	osteopathia striata - cranial sclerosis	LEXMATCH
MONDO:0010310	osteopathia striata with cranial sclerosis	skos:closeMatch	icd11.foundation:182245528	Osteopathia striata - cranial sclerosis	semapv:LexicalMatching	oaklib	0.5	oio:hasRelatedSynonym	rdfs:label	osteopathia striata - cranial sclerosis	LEXMATCH
MONDO:0010315	T-B+ severe combined immunodeficiency due to gamma chain deficiency	skos:closeMatch	icd11.foundation:893971384	Severe combined immunodeficiency T- B+ due to gamma chain deficiency	semapv:LexicalMatching	oaklib	0.5	oio:hasRelatedSynonym	oio:hasExactSynonym	severe combined immunodeficiency t- b+ due to gamma chain deficiency	LEXMATCH
MONDO:0010315	T-B+ severe combined immunodeficiency due to gamma chain deficiency	skos:closeMatch	icd11.foundation:893971384	Severe combined immunodeficiency T- B+ due to gamma chain deficiency	semapv:LexicalMatching	oaklib	0.5	oio:hasRelatedSynonym	oio:hasExactSynonym	severe combined immunodeficiency t- b+, x-linked	LEXMATCH
MONDO:0010315	T-B+ severe combined immunodeficiency due to gamma chain deficiency	skos:closeMatch	icd11.foundation:893971384	Severe combined immunodeficiency T- B+ due to gamma chain deficiency	semapv:LexicalMatching	oaklib	0.5	oio:hasRelatedSynonym	rdfs:label	severe combined immunodeficiency t- b+ due to gamma chain deficiency	LEXMATCH
MONDO:0010327	HSD10 mitochondrial disease	skos:closeMatch	icd11.foundation:1856599173	Short chain 3-hydroxyacyl-CoA dehydrogenase deficiency	semapv:LexicalMatching	oaklib	0.5	oio:hasRelatedSynonym	oio:hasExactSynonym	3-hydroxy-2-methylbutyryl-coa dehydrogenase deficiency	LEXMATCH
MONDO:0010378	X-linked hereditary sensory and autonomic neuropathy with hearing loss	skos:closeMatch	icd11.foundation:1671973438	X-linked hereditary sensory and autonomic neuropathy with deafness	semapv:LexicalMatching	oaklib	0.5	oio:hasNarrowSynonym	oio:hasExactSynonym	x-linked hereditary sensory and autonomic neuropathy with deafness	LEXMATCH
MONDO:0010378	X-linked hereditary sensory and autonomic neuropathy with hearing loss	skos:closeMatch	icd11.foundation:1671973438	X-linked hereditary sensory and autonomic neuropathy with deafness	semapv:LexicalMatching	oaklib	0.5	oio:hasNarrowSynonym	rdfs:label	x-linked hereditary sensory and autonomic neuropathy with deafness	LEXMATCH
MONDO:0010403	albinism-hearing loss syndrome	skos:closeMatch	icd11.foundation:1983697023	Albinism-deafness syndrome	semapv:LexicalMatching	oaklib	0.5	oio:hasNarrowSynonym	oio:hasExactSynonym	albinism-deafness syndrome	LEXMATCH
MONDO:0010403	albinism-hearing loss syndrome	skos:closeMatch	icd11.foundation:1983697023	Albinism-deafness syndrome	semapv:LexicalMatching	oaklib	0.5	oio:hasNarrowSynonym	rdfs:label	albinism-deafness syndrome	LEXMATCH
MONDO:0010437	severe X-linked mitochondrial encephalomyopathy	skos:closeMatch	icd11.foundation:438251472	Combined oxidative phosphorylation deficiency type 6	semapv:LexicalMatching	oaklib	0.5	oio:hasRelatedSynonym	oio:hasExactSynonym	combined oxidative phosphorylation deficiency type 6	LEXMATCH
MONDO:0010437	severe X-linked mitochondrial encephalomyopathy	skos:closeMatch	icd11.foundation:438251472	Combined oxidative phosphorylation deficiency type 6	semapv:LexicalMatching	oaklib	0.5	oio:hasRelatedSynonym	rdfs:label	combined oxidative phosphorylation deficiency type 6	LEXMATCH
MONDO:0010481	angioedema	skos:closeMatch	icd11.foundation:330898059	Idiopathic angioedema	semapv:LexicalMatching	oaklib	0.5	oio:hasNarrowSynonym	oio:hasExactSynonym	angioneurotic oedema	LEXMATCH
MONDO:0010556	X-linked chondrodysplasia punctata	skos:closeMatch	icd11.foundation:1162313566	Chondrodysplasia punctata, X-linked dominant	semapv:LexicalMatching	oaklib	0.5	oio:hasRelatedSynonym	oio:hasExactSynonym	chondrodysplasia punctata, x-linked dominant	LEXMATCH
MONDO:0010556	X-linked chondrodysplasia punctata	skos:closeMatch	icd11.foundation:1162313566	Chondrodysplasia punctata, X-linked dominant	semapv:LexicalMatching	oaklib	0.5	oio:hasRelatedSynonym	rdfs:label	chondrodysplasia punctata, x-linked dominant	LEXMATCH
MONDO:0010598	glycogen storage disease IXa1	skos:closeMatch	icd11.foundation:564605304	Glycogen storage disease due to liver glycogen phosphorylase kinase deficiency	semapv:LexicalMatching	oaklib	0.5	oio:hasRelatedSynonym	oio:hasExactSynonym	glycogen storage disorder type 8	LEXMATCH
MONDO:0010598	glycogen storage disease IXa1	skos:closeMatch	icd11.foundation:564605304	Glycogen storage disease due to liver glycogen phosphorylase kinase deficiency	semapv:LexicalMatching	oaklib	0.5	oio:hasRelatedSynonym	oio:hasExactSynonym	glycogenosis type 8	LEXMATCH
MONDO:0010598	glycogen storage disease IXa1	skos:closeMatch	icd11.foundation:564605304	Glycogen storage disease due to liver glycogen phosphorylase kinase deficiency	semapv:LexicalMatching	oaklib	0.5	oio:hasRelatedSynonym	oio:hasExactSynonym	hepatic phosphorylase kinase deficiency	LEXMATCH
MONDO:0010643	acute leukemia	skos:closeMatch	icd11.foundation:962107653	Acute leukaemia, not elsewhere classified	semapv:LexicalMatching	oaklib	0.5	oio:hasRelatedSynonym	oio:hasExactSynonym	stem cell leukaemia	LEXMATCH
MONDO:0010663	intellectual disability-hypotonic facies syndrome, X-linked, 1	skos:closeMatch	icd11.foundation:1481329092	Juberg-Marsidi syndrome	semapv:LexicalMatching	oaklib	0.5	oio:hasNarrowSynonym	oio:hasExactSynonym	juberg-marsidi syndrome	LEXMATCH
MONDO:0010663	intellectual disability-hypotonic facies syndrome, X-linked, 1	skos:closeMatch	icd11.foundation:1481329092	Juberg-Marsidi syndrome	semapv:LexicalMatching	oaklib	0.5	oio:hasNarrowSynonym	rdfs:label	juberg-marsidi syndrome	LEXMATCH
MONDO:0010732	spastic paraparesis-deafness syndrome	skos:closeMatch	icd11.foundation:1491138806	Spastic paraparesis - deafness	semapv:LexicalMatching	oaklib	0.5	oio:hasRelatedSynonym	oio:hasExactSynonym	spastic paraparesis - deafness	LEXMATCH
MONDO:0010732	spastic paraparesis-deafness syndrome	skos:closeMatch	icd11.foundation:1491138806	Spastic paraparesis - deafness	semapv:LexicalMatching	oaklib	0.5	oio:hasRelatedSynonym	rdfs:label	spastic paraparesis - deafness	LEXMATCH
MONDO:0010742	pentalogy of Cantrell	skos:closeMatch	icd11.foundation:1894530105	Cantrell pentalogy	semapv:LexicalMatching	oaklib	0.5	oio:hasRelatedSynonym	oio:hasExactSynonym	cantrell pentalogy	LEXMATCH
MONDO:0010742	pentalogy of Cantrell	skos:closeMatch	icd11.foundation:1894530105	Cantrell pentalogy	semapv:LexicalMatching	oaklib	0.5	oio:hasRelatedSynonym	rdfs:label	cantrell pentalogy	LEXMATCH
MONDO:0010765	46,XY complete gonadal dysgenesis	skos:closeMatch	icd11.foundation:1844256276	46,XY gonadal dysgenesis	semapv:LexicalMatching	oaklib	0.5	oio:hasRelatedSynonym	oio:hasExactSynonym	gonadal dysgenesis, xy female type	LEXMATCH
MONDO:0010779	mitochondrial non-syndromic sensorineural hearing loss	skos:closeMatch	icd11.foundation:1622069410	Non-syndromic mitochondrial sensorineural deafness	semapv:LexicalMatching	oaklib	0.5	oio:hasNarrowSynonym	oio:hasExactSynonym	isolated mitochondrial neurosensory deafness	LEXMATCH
MONDO:0010779	mitochondrial non-syndromic sensorineural hearing loss	skos:closeMatch	icd11.foundation:1622069410	Non-syndromic mitochondrial sensorineural deafness	semapv:LexicalMatching	oaklib	0.5	oio:hasNarrowSynonym	oio:hasExactSynonym	isolated mitochondrial sensorineural deafness	LEXMATCH
MONDO:0010844	epiphyseal dysplasia, multiple, 2	skos:closeMatch	icd11.foundation:769495215	Multiple epiphyseal dysplasia type 2	semapv:LexicalMatching	oaklib	0.5	oio:hasRelatedSynonym	oio:hasExactSynonym	multiple epiphyseal dysplasia type 2	LEXMATCH
MONDO:0010844	epiphyseal dysplasia, multiple, 2	skos:closeMatch	icd11.foundation:769495215	Multiple epiphyseal dysplasia type 2	semapv:LexicalMatching	oaklib	0.5	oio:hasRelatedSynonym	rdfs:label	multiple epiphyseal dysplasia type 2	LEXMATCH
MONDO:0010886	2q37 microdeletion syndrome	skos:closeMatch	icd11.foundation:1167208445	2q37 deletion	semapv:LexicalMatching	oaklib	0.5	oio:hasRelatedSynonym	oio:hasExactSynonym	2q37 deletion syndrome	LEXMATCH
MONDO:0010896	pigment dispersion syndrome	skos:closeMatch	icd11.foundation:52858449	Pigment-dispersion syndrome	semapv:LexicalMatching	oaklib	0.5	oio:hasRelatedSynonym	oio:hasExactSynonym	pigment-dispersion syndrome	LEXMATCH
MONDO:0010896	pigment dispersion syndrome	skos:closeMatch	icd11.foundation:52858449	Pigment-dispersion syndrome	semapv:LexicalMatching	oaklib	0.5	oio:hasRelatedSynonym	rdfs:label	pigment-dispersion syndrome	LEXMATCH
MONDO:0010964	epiphyseal dysplasia, multiple, 3	skos:closeMatch	icd11.foundation:1814680344	Multiple epiphyseal dysplasia type 3	semapv:LexicalMatching	oaklib	0.5	oio:hasRelatedSynonym	oio:hasExactSynonym	multiple epiphyseal dysplasia type 3	LEXMATCH
MONDO:0010964	epiphyseal dysplasia, multiple, 3	skos:closeMatch	icd11.foundation:1814680344	Multiple epiphyseal dysplasia type 3	semapv:LexicalMatching	oaklib	0.5	oio:hasRelatedSynonym	rdfs:label	multiple epiphyseal dysplasia type 3	LEXMATCH
MONDO:0011057	cerebrovascular disorder	skos:closeMatch	icd11.foundation:1442995018	Stroke not known if ischaemic or haemorrhagic	semapv:LexicalMatching	oaklib	0.5	oio:hasNarrowSynonym	oio:hasExactSynonym	cerebrovascular accident	LEXMATCH
MONDO:0011057	cerebrovascular disorder	skos:closeMatch	icd11.foundation:1442995018	Stroke not known if ischaemic or haemorrhagic	semapv:LexicalMatching	oaklib	0.5	oio:hasNarrowSynonym	oio:hasExactSynonym	stroke	LEXMATCH
MONDO:0011071	hereditary thrombocytopenia and hematologic cancer predisposition syndrome	skos:closeMatch	icd11.foundation:1358627656	Familial platelet syndrome with predisposition to acute myelogenous leukaemia	semapv:LexicalMatching	oaklib	0.5	oio:hasRelatedSynonym	oio:hasExactSynonym	familial platelet syndrome with predisposition to acute myelogenous leukaemia	LEXMATCH
MONDO:0011071	hereditary thrombocytopenia and hematologic cancer predisposition syndrome	skos:closeMatch	icd11.foundation:1358627656	Familial platelet syndrome with predisposition to acute myelogenous leukaemia	semapv:LexicalMatching	oaklib	0.5	oio:hasRelatedSynonym	rdfs:label	familial platelet syndrome with predisposition to acute myelogenous leukaemia	LEXMATCH
MONDO:0011114	familial multiple trichoepithelioma	skos:closeMatch	icd11.foundation:480444747	Multiple familial trichoepithelioma	semapv:LexicalMatching	oaklib	0.5	oio:hasRelatedSynonym	oio:hasExactSynonym	epithelioma adenoides cysticum	LEXMATCH
MONDO:0011114	familial multiple trichoepithelioma	skos:closeMatch	icd11.foundation:480444747	Multiple familial trichoepithelioma	semapv:LexicalMatching	oaklib	0.5	oio:hasRelatedSynonym	oio:hasExactSynonym	multiple familial trichoepithelioma	LEXMATCH
MONDO:0011114	familial multiple trichoepithelioma	skos:closeMatch	icd11.foundation:480444747	Multiple familial trichoepithelioma	semapv:LexicalMatching	oaklib	0.5	oio:hasRelatedSynonym	rdfs:label	multiple familial trichoepithelioma	LEXMATCH
MONDO:0011232	migraine, familial hemiplegic, 2	skos:closeMatch	icd11.foundation:2011725312	Familial hemiplegic migraine 2	semapv:LexicalMatching	oaklib	0.5	oio:hasRelatedSynonym	oio:hasExactSynonym	familial hemiplegic migraine type 2	LEXMATCH
MONDO:0011232	migraine, familial hemiplegic, 2	skos:closeMatch	icd11.foundation:2011725312	Familial hemiplegic migraine 2	semapv:LexicalMatching	oaklib	0.5	oio:hasRelatedSynonym	rdfs:label	familial hemiplegic migraine type 2	LEXMATCH
MONDO:0011346	xanthinuria type II	skos:closeMatch	icd11.foundation:1675893580	Xanthinuria type 2	semapv:LexicalMatching	oaklib	0.5	oio:hasRelatedSynonym	oio:hasExactSynonym	xanthinuria type 2	LEXMATCH
MONDO:0011346	xanthinuria type II	skos:closeMatch	icd11.foundation:1675893580	Xanthinuria type 2	semapv:LexicalMatching	oaklib	0.5	oio:hasRelatedSynonym	rdfs:label	xanthinuria type 2	LEXMATCH
MONDO:0011382	sickle cell disease	skos:closeMatch	icd11.foundation:1711513381	Sickle cell disease without crisis	semapv:LexicalMatching	oaklib	0.5	oio:hasRelatedSynonym	oio:hasExactSynonym	haemoglobin s disorder	LEXMATCH
MONDO:0011448	PPARG-related familial partial lipodystrophy	skos:closeMatch	icd11.foundation:2042807932	Familial partial lipodystrophy associated with PPARG mutations	semapv:LexicalMatching	oaklib	0.5	oio:hasRelatedSynonym	oio:hasExactSynonym	familial partial lipodystrophy associated with pparg mutations	LEXMATCH
MONDO:0011448	PPARG-related familial partial lipodystrophy	skos:closeMatch	icd11.foundation:2042807932	Familial partial lipodystrophy associated with PPARG mutations	semapv:LexicalMatching	oaklib	0.5	oio:hasRelatedSynonym	rdfs:label	familial partial lipodystrophy associated with pparg mutations	LEXMATCH
MONDO:0011466	distal myopathy, Welander type	skos:closeMatch	icd11.foundation:1107278535	Welander distal myopathy	semapv:LexicalMatching	oaklib	0.5	oio:hasRelatedSynonym	oio:hasExactSynonym	welander distal myopathy	LEXMATCH
MONDO:0011466	distal myopathy, Welander type	skos:closeMatch	icd11.foundation:1107278535	Welander distal myopathy	semapv:LexicalMatching	oaklib	0.5	oio:hasRelatedSynonym	rdfs:label	welander distal myopathy	LEXMATCH
MONDO:0011472	epidermolysis bullosa simplex due to plakophilin deficiency	skos:closeMatch	icd11.foundation:1711575115	Ectodermal dysplasia  skin fragility syndrome	semapv:LexicalMatching	oaklib	0.5	oio:hasRelatedSynonym	oio:hasExactSynonym	ectodermal dysplasia skin fragility syndrome	LEXMATCH
MONDO:0011472	epidermolysis bullosa simplex due to plakophilin deficiency	skos:closeMatch	icd11.foundation:1711575115	Ectodermal dysplasia  skin fragility syndrome	semapv:LexicalMatching	oaklib	0.5	oio:hasRelatedSynonym	rdfs:label	ectodermal dysplasia skin fragility syndrome	LEXMATCH
MONDO:0011579	late-onset retinal degeneration	skos:closeMatch	icd11.foundation:1034171240	Pigmentary degeneration of retina	semapv:LexicalMatching	oaklib	0.5	oio:hasRelatedSynonym	oio:hasExactSynonym	pigmentary retinopathy	LEXMATCH
MONDO:0011633	Charcot-Marie-Tooth disease axonal type 2C	skos:closeMatch	icd11.foundation:2074400987	Charcot-Marie-Tooth disease type 2C	semapv:LexicalMatching	oaklib	0.5	oio:hasRelatedSynonym	oio:hasExactSynonym	charcot-marie-tooth disorder type 2c	LEXMATCH
MONDO:0011633	Charcot-Marie-Tooth disease axonal type 2C	skos:closeMatch	icd11.foundation:2074400987	Charcot-Marie-Tooth disease type 2C	semapv:LexicalMatching	oaklib	0.5	oio:hasRelatedSynonym	rdfs:label	charcot-marie-tooth disorder type 2c	LEXMATCH
MONDO:0011652	Phelan-McDermid syndrome	skos:closeMatch	icd11.foundation:1667492731	22q13 deletion	semapv:LexicalMatching	oaklib	0.5	oio:hasNarrowSynonym	oio:hasExactSynonym	22q13 deletion	LEXMATCH
MONDO:0011652	Phelan-McDermid syndrome	skos:closeMatch	icd11.foundation:1667492731	22q13 deletion	semapv:LexicalMatching	oaklib	0.5	oio:hasNarrowSynonym	rdfs:label	22q13 deletion	LEXMATCH
MONDO:0011687	Charcot-Marie-Tooth disease axonal type 2F	skos:closeMatch	icd11.foundation:1970894933	Charcot-Marie-Tooth disease type 2F	semapv:LexicalMatching	oaklib	0.5	oio:hasRelatedSynonym	oio:hasExactSynonym	charcot-marie-tooth disorder type 2f	LEXMATCH
MONDO:0011687	Charcot-Marie-Tooth disease axonal type 2F	skos:closeMatch	icd11.foundation:1970894933	Charcot-Marie-Tooth disease type 2F	semapv:LexicalMatching	oaklib	0.5	oio:hasRelatedSynonym	rdfs:label	charcot-marie-tooth disorder type 2f	LEXMATCH
MONDO:0011694	spinocerebellar ataxia type 15/16	skos:closeMatch	icd11.foundation:2143388945	Spinocerebellar ataxia type 16	semapv:LexicalMatching	oaklib	0.5	oio:hasRelatedSynonym	oio:hasExactSynonym	spinocerebellar ataxia type 16	LEXMATCH
MONDO:0011694	spinocerebellar ataxia type 15/16	skos:closeMatch	icd11.foundation:2143388945	Spinocerebellar ataxia type 16	semapv:LexicalMatching	oaklib	0.5	oio:hasRelatedSynonym	rdfs:label	spinocerebellar ataxia type 16	LEXMATCH
MONDO:0011694	spinocerebellar ataxia type 15/16	skos:closeMatch	icd11.foundation:465613478	Spinocerebellar ataxia type 15	semapv:LexicalMatching	oaklib	0.5	oio:hasRelatedSynonym	oio:hasExactSynonym	spinocerebellar ataxia type 15	LEXMATCH
MONDO:0011694	spinocerebellar ataxia type 15/16	skos:closeMatch	icd11.foundation:465613478	Spinocerebellar ataxia type 15	semapv:LexicalMatching	oaklib	0.5	oio:hasRelatedSynonym	rdfs:label	spinocerebellar ataxia type 15	LEXMATCH
MONDO:0011786	allergic rhinitis	skos:closeMatch	icd11.foundation:1565925107	Allergic rhinitis due to other seasonal allergens	semapv:LexicalMatching	oaklib	0.5	oio:hasNarrowSynonym	oio:hasBroadSynonym	seasonal allergic rhinitis	LEXMATCH
MONDO:0011790	Amish lethal microcephaly	skos:closeMatch	icd11.foundation:1453409967	Microcephaly, Amish type	semapv:LexicalMatching	oaklib	0.5	oio:hasRelatedSynonym	oio:hasExactSynonym	microcephaly, amish type	LEXMATCH
MONDO:0011790	Amish lethal microcephaly	skos:closeMatch	icd11.foundation:1453409967	Microcephaly, Amish type	semapv:LexicalMatching	oaklib	0.5	oio:hasRelatedSynonym	rdfs:label	microcephaly, amish type	LEXMATCH
MONDO:0011818	isolated focal cortical dysplasia type II	skos:closeMatch	icd11.foundation:876348049	Focal cortical dysplasia type II	semapv:LexicalMatching	oaklib	0.5	oio:hasRelatedSynonym	oio:hasExactSynonym	focal cortical dysplasia type ii	LEXMATCH
MONDO:0011818	isolated focal cortical dysplasia type II	skos:closeMatch	icd11.foundation:876348049	Focal cortical dysplasia type II	semapv:LexicalMatching	oaklib	0.5	oio:hasRelatedSynonym	rdfs:label	focal cortical dysplasia type ii	LEXMATCH
MONDO:0011819	spinocerebellar ataxia type 19/22	skos:closeMatch	icd11.foundation:1792112140	Spinocerebellar ataxia type 19	semapv:LexicalMatching	oaklib	0.5	oio:hasRelatedSynonym	oio:hasExactSynonym	spinocerebellar ataxia type 19	LEXMATCH
MONDO:0011819	spinocerebellar ataxia type 19/22	skos:closeMatch	icd11.foundation:1792112140	Spinocerebellar ataxia type 19	semapv:LexicalMatching	oaklib	0.5	oio:hasRelatedSynonym	rdfs:label	spinocerebellar ataxia type 19	LEXMATCH
MONDO:0011855	granular corneal dystrophy type II	skos:closeMatch	icd11.foundation:1002682456	Corneal dystrophy, Avellino type	semapv:LexicalMatching	oaklib	0.5	oio:hasRelatedSynonym	oio:hasExactSynonym	corneal dystrophy, avellino type	LEXMATCH
MONDO:0011855	granular corneal dystrophy type II	skos:closeMatch	icd11.foundation:1002682456	Corneal dystrophy, Avellino type	semapv:LexicalMatching	oaklib	0.5	oio:hasRelatedSynonym	rdfs:label	corneal dystrophy, avellino type	LEXMATCH
MONDO:0011882	skin fragility-woolly hair-palmoplantar keratoderma syndrome	skos:closeMatch	icd11.foundation:300709759	Skin fragility-woolly hair syndrome	semapv:LexicalMatching	oaklib	0.5	oio:hasRelatedSynonym	oio:hasExactSynonym	skin fragility-woolly hair syndrome	LEXMATCH
MONDO:0011882	skin fragility-woolly hair-palmoplantar keratoderma syndrome	skos:closeMatch	icd11.foundation:300709759	Skin fragility-woolly hair syndrome	semapv:LexicalMatching	oaklib	0.5	oio:hasRelatedSynonym	rdfs:label	skin fragility-woolly hair syndrome	LEXMATCH
MONDO:0011899	Noonan syndrome-like disorder with loose anagen hair	skos:closeMatch	icd11.foundation:390867420	Noonan-like syndrome with loose anagen hair	semapv:LexicalMatching	oaklib	0.5	oio:hasRelatedSynonym	oio:hasExactSynonym	noonan-like syndrome with loose anagen hair	LEXMATCH
MONDO:0011899	Noonan syndrome-like disorder with loose anagen hair	skos:closeMatch	icd11.foundation:390867420	Noonan-like syndrome with loose anagen hair	semapv:LexicalMatching	oaklib	0.5	oio:hasRelatedSynonym	rdfs:label	noonan-like syndrome with loose anagen hair	LEXMATCH
MONDO:0011925	congenital merosin-deficient muscular dystrophy 1A	skos:closeMatch	icd11.foundation:1693850954	Merosin or laminin alpha 2 chain deficiency	semapv:LexicalMatching	oaklib	0.5	oio:hasRelatedSynonym	oio:hasExactSynonym	merosin-deficient congenital muscular dystrophy	LEXMATCH
MONDO:0011977	8q22.1 microdeletion syndrome	skos:closeMatch	icd11.foundation:115857702	8q22.1 deletion	semapv:LexicalMatching	oaklib	0.5	oio:hasRelatedSynonym	oio:hasExactSynonym	nablus mask-like facial syndrome	LEXMATCH
MONDO:0012016	capillary malformation-arteriovenous malformation syndrome	skos:closeMatch	icd11.foundation:709093020	Capillary malformation-arteriovenous malformation	semapv:LexicalMatching	oaklib	0.5	oio:hasRelatedSynonym	oio:hasExactSynonym	capillary malformation-arteriovenous malformation	LEXMATCH
MONDO:0012016	capillary malformation-arteriovenous malformation syndrome	skos:closeMatch	icd11.foundation:709093020	Capillary malformation-arteriovenous malformation	semapv:LexicalMatching	oaklib	0.5	oio:hasRelatedSynonym	rdfs:label	capillary malformation-arteriovenous malformation	LEXMATCH
MONDO:0012020	chromosome 22q11.2 microduplication syndrome	skos:closeMatch	icd11.foundation:1992622390	22q11.2 duplication	semapv:LexicalMatching	oaklib	0.5	oio:hasRelatedSynonym	oio:hasExactSynonym	22q11.2 duplication	LEXMATCH
MONDO:0012020	chromosome 22q11.2 microduplication syndrome	skos:closeMatch	icd11.foundation:1992622390	22q11.2 duplication	semapv:LexicalMatching	oaklib	0.5	oio:hasRelatedSynonym	rdfs:label	22q11.2 duplication	LEXMATCH
MONDO:0012020	chromosome 22q11.2 microduplication syndrome	skos:closeMatch	icd11.foundation:2061812554	22q11.2 duplication syndrome	semapv:LexicalMatching	oaklib	0.5	oio:hasRelatedSynonym	oio:hasExactSynonym	22q11.2 duplication syndrome	LEXMATCH
MONDO:0012020	chromosome 22q11.2 microduplication syndrome	skos:closeMatch	icd11.foundation:2061812554	22q11.2 duplication syndrome	semapv:LexicalMatching	oaklib	0.5	oio:hasRelatedSynonym	rdfs:label	22q11.2 duplication syndrome	LEXMATCH
MONDO:0012048	endogenous depression	skos:closeMatch	icd11.foundation:1669279433	Single episode depressive disorder, severe, without psychotic symptoms	semapv:LexicalMatching	oaklib	0.5	oio:hasRelatedSynonym	oio:hasExactSynonym	major depressive disorder	LEXMATCH
MONDO:0012096	Charcot-Marie-Tooth disease axonal type 2L	skos:closeMatch	icd11.foundation:1592118409	Charcot-Marie-Tooth disease type 2L	semapv:LexicalMatching	oaklib	0.5	oio:hasRelatedSynonym	oio:hasExactSynonym	charcot-marie-tooth disorder type 2l	LEXMATCH
MONDO:0012096	Charcot-Marie-Tooth disease axonal type 2L	skos:closeMatch	icd11.foundation:1592118409	Charcot-Marie-Tooth disease type 2L	semapv:LexicalMatching	oaklib	0.5	oio:hasRelatedSynonym	rdfs:label	charcot-marie-tooth disorder type 2l	LEXMATCH
MONDO:0012124	sudden infant death-dysgenesis of the testes syndrome	skos:closeMatch	icd11.foundation:755618559	Sudden infant death - dysgenesis of the testes	semapv:LexicalMatching	oaklib	0.5	oio:hasRelatedSynonym	oio:hasExactSynonym	sudden infant death - dysgenesis of the testes	LEXMATCH
MONDO:0012124	sudden infant death-dysgenesis of the testes syndrome	skos:closeMatch	icd11.foundation:755618559	Sudden infant death - dysgenesis of the testes	semapv:LexicalMatching	oaklib	0.5	oio:hasRelatedSynonym	rdfs:label	sudden infant death - dysgenesis of the testes	LEXMATCH
MONDO:0012191	hepatoencephalopathy due to combined oxidative phosphorylation defect type 1	skos:closeMatch	icd11.foundation:1373381208	Combined oxidative phosphorylation deficiency type 1	semapv:LexicalMatching	oaklib	0.5	oio:hasRelatedSynonym	oio:hasExactSynonym	combined oxidative phosphorylation deficiency type 1	LEXMATCH
MONDO:0012191	hepatoencephalopathy due to combined oxidative phosphorylation defect type 1	skos:closeMatch	icd11.foundation:1373381208	Combined oxidative phosphorylation deficiency type 1	semapv:LexicalMatching	oaklib	0.5	oio:hasRelatedSynonym	rdfs:label	combined oxidative phosphorylation deficiency type 1	LEXMATCH
MONDO:0012197	idiopathic aplastic anemia	skos:closeMatch	icd11.foundation:502834133	Aplastic anaemia	semapv:LexicalMatching	oaklib	0.5	oio:hasRelatedSynonym	oio:hasExactSynonym	aplastic anaemia	LEXMATCH
MONDO:0012197	idiopathic aplastic anemia	skos:closeMatch	icd11.foundation:502834133	Aplastic anaemia	semapv:LexicalMatching	oaklib	0.5	oio:hasRelatedSynonym	rdfs:label	aplastic anaemia	LEXMATCH
MONDO:0012269	chromosome 3q29 microdeletion syndrome	skos:closeMatch	icd11.foundation:1617588865	3q29 deletion	semapv:LexicalMatching	oaklib	0.5	oio:hasRelatedSynonym	oio:hasExactSynonym	3q29 deletion	LEXMATCH
MONDO:0012269	chromosome 3q29 microdeletion syndrome	skos:closeMatch	icd11.foundation:1617588865	3q29 deletion	semapv:LexicalMatching	oaklib	0.5	oio:hasRelatedSynonym	oio:hasExactSynonym	3q29 deletion syndrome	LEXMATCH
MONDO:0012269	chromosome 3q29 microdeletion syndrome	skos:closeMatch	icd11.foundation:1617588865	3q29 deletion	semapv:LexicalMatching	oaklib	0.5	oio:hasRelatedSynonym	rdfs:label	3q29 deletion	LEXMATCH
MONDO:0012342	7q11.23 microduplication syndrome	skos:closeMatch	icd11.foundation:1702349167	7q11.23 duplication	semapv:LexicalMatching	oaklib	0.5	oio:hasRelatedSynonym	oio:hasExactSynonym	7q11.23 duplication syndrome	LEXMATCH
MONDO:0012439	Alagille syndrome due to a NOTCH2 point mutation	skos:closeMatch	icd11.foundation:1811504873	Alagille syndrome type 2	semapv:LexicalMatching	oaklib	0.5	oio:hasRelatedSynonym	oio:hasExactSynonym	alagille syndrome type 2	LEXMATCH
MONDO:0012439	Alagille syndrome due to a NOTCH2 point mutation	skos:closeMatch	icd11.foundation:1811504873	Alagille syndrome type 2	semapv:LexicalMatching	oaklib	0.5	oio:hasRelatedSynonym	rdfs:label	alagille syndrome type 2	LEXMATCH
MONDO:0012496	Koolen-de Vries syndrome	skos:closeMatch	icd11.foundation:1225666773	17q21.31 deletion	semapv:LexicalMatching	oaklib	0.5	oio:hasRelatedSynonym	oio:hasExactSynonym	17q21.31 deletion syndrome	LEXMATCH
MONDO:0012510	combined oxidative phosphorylation defect type 2	skos:closeMatch	icd11.foundation:1576919076	Combined oxidative phosphorylation deficiency type 2	semapv:LexicalMatching	oaklib	0.5	oio:hasRelatedSynonym	oio:hasExactSynonym	combined oxidative phosphorylation deficiency type 2	LEXMATCH
MONDO:0012510	combined oxidative phosphorylation defect type 2	skos:closeMatch	icd11.foundation:1576919076	Combined oxidative phosphorylation deficiency type 2	semapv:LexicalMatching	oaklib	0.5	oio:hasRelatedSynonym	rdfs:label	combined oxidative phosphorylation deficiency type 2	LEXMATCH
MONDO:0012512	fatal mitochondrial disease due to combined oxidative phosphorylation defect type 3	skos:closeMatch	icd11.foundation:1235199648	Combined oxidative phosphorylation deficiency type 3	semapv:LexicalMatching	oaklib	0.5	oio:hasRelatedSynonym	oio:hasExactSynonym	combined oxidative phosphorylation deficiency type 3	LEXMATCH
MONDO:0012512	fatal mitochondrial disease due to combined oxidative phosphorylation defect type 3	skos:closeMatch	icd11.foundation:1235199648	Combined oxidative phosphorylation deficiency type 3	semapv:LexicalMatching	oaklib	0.5	oio:hasRelatedSynonym	rdfs:label	combined oxidative phosphorylation deficiency type 3	LEXMATCH
MONDO:0012534	combined oxidative phosphorylation defect type 4	skos:closeMatch	icd11.foundation:1170105564	Combined oxidative phosphorylation deficiency type 4	semapv:LexicalMatching	oaklib	0.5	oio:hasRelatedSynonym	oio:hasExactSynonym	combined oxidative phosphorylation deficiency type 4	LEXMATCH
MONDO:0012534	combined oxidative phosphorylation defect type 4	skos:closeMatch	icd11.foundation:1170105564	Combined oxidative phosphorylation deficiency type 4	semapv:LexicalMatching	oaklib	0.5	oio:hasRelatedSynonym	rdfs:label	combined oxidative phosphorylation deficiency type 4	LEXMATCH
MONDO:0012718	hypotonia with lactic acidemia and hyperammonemia	skos:closeMatch	icd11.foundation:373222828	Combined oxidative phosphorylation deficiency type 5	semapv:LexicalMatching	oaklib	0.5	oio:hasRelatedSynonym	oio:hasExactSynonym	combined oxidative phosphorylation deficiency type 5	LEXMATCH
MONDO:0012718	hypotonia with lactic acidemia and hyperammonemia	skos:closeMatch	icd11.foundation:373222828	Combined oxidative phosphorylation deficiency type 5	semapv:LexicalMatching	oaklib	0.5	oio:hasRelatedSynonym	rdfs:label	combined oxidative phosphorylation deficiency type 5	LEXMATCH
MONDO:0012756	proximal 16p11.2 microdeletion syndrome	skos:closeMatch	icd11.foundation:1398449020	16p11.2 deletion	semapv:LexicalMatching	oaklib	0.5	oio:hasRelatedSynonym	oio:hasExactSynonym	16p11.2 deletion syndrome	LEXMATCH
MONDO:0012756	proximal 16p11.2 microdeletion syndrome	skos:closeMatch	icd11.foundation:1398449020	16p11.2 deletion	semapv:LexicalMatching	oaklib	0.5	oio:hasRelatedSynonym	oio:hasExactSynonym	monosomy type 16p11.2	LEXMATCH
MONDO:0012960	intellectual disability, autosomal dominant 5	skos:closeMatch	icd11.foundation:1830660574	SYNGAP1 syndrome	semapv:LexicalMatching	oaklib	0.5	oio:hasRelatedSynonym	oio:hasExactSynonym	syngap1 syndrome	LEXMATCH
MONDO:0012960	intellectual disability, autosomal dominant 5	skos:closeMatch	icd11.foundation:1830660574	SYNGAP1 syndrome	semapv:LexicalMatching	oaklib	0.5	oio:hasRelatedSynonym	rdfs:label	syngap1 syndrome	LEXMATCH
MONDO:0013000	porphyria due to ALA dehydratase deficiency	skos:closeMatch	icd11.foundation:1158153414	ALAD porphyria	semapv:LexicalMatching	oaklib	0.5	oio:hasRelatedSynonym	oio:hasExactSynonym	aminolevulinate dehydratase deficiency porphyria	LEXMATCH
MONDO:0013166	GABA aminotransaminase deficiency	skos:closeMatch	icd11.foundation:1657261411	Gamma aminobutyric acid transaminase deficiency	semapv:LexicalMatching	oaklib	0.5	oio:hasRelatedSynonym	oio:hasExactSynonym	gamma aminobutyric acid transaminase deficiency	LEXMATCH
MONDO:0013166	GABA aminotransaminase deficiency	skos:closeMatch	icd11.foundation:1657261411	Gamma aminobutyric acid transaminase deficiency	semapv:LexicalMatching	oaklib	0.5	oio:hasRelatedSynonym	rdfs:label	gamma aminobutyric acid transaminase deficiency	LEXMATCH
MONDO:0013306	combined oxidative phosphorylation defect type 7	skos:closeMatch	icd11.foundation:1343260573	Combined oxidative phosphorylation deficiency type 7	semapv:LexicalMatching	oaklib	0.5	oio:hasRelatedSynonym	oio:hasExactSynonym	combined oxidative phosphorylation deficiency type 7	LEXMATCH
MONDO:0013306	combined oxidative phosphorylation defect type 7	skos:closeMatch	icd11.foundation:1343260573	Combined oxidative phosphorylation deficiency type 7	semapv:LexicalMatching	oaklib	0.5	oio:hasRelatedSynonym	rdfs:label	combined oxidative phosphorylation deficiency type 7	LEXMATCH
MONDO:0013426	aneurysm-osteoarthritis syndrome	skos:closeMatch	icd11.foundation:1510157060	Aneurysm - osteoarthritis syndrome	semapv:LexicalMatching	oaklib	0.5	oio:hasRelatedSynonym	oio:hasExactSynonym	aneurysm - osteoarthritis syndrome	LEXMATCH
MONDO:0013426	aneurysm-osteoarthritis syndrome	skos:closeMatch	icd11.foundation:1510157060	Aneurysm - osteoarthritis syndrome	semapv:LexicalMatching	oaklib	0.5	oio:hasRelatedSynonym	rdfs:label	aneurysm - osteoarthritis syndrome	LEXMATCH
MONDO:0013456	constitutional megaloblastic anemia with severe neurologic disease	skos:closeMatch	icd11.foundation:2085071306	Megaloblastic anaemia due to dihydrofolate reductase deficiency	semapv:LexicalMatching	oaklib	0.5	oio:hasRelatedSynonym	oio:hasExactSynonym	megaloblastic anaemia due to dihydrofolate reductase deficiency	LEXMATCH
MONDO:0013456	constitutional megaloblastic anemia with severe neurologic disease	skos:closeMatch	icd11.foundation:2085071306	Megaloblastic anaemia due to dihydrofolate reductase deficiency	semapv:LexicalMatching	oaklib	0.5	oio:hasRelatedSynonym	rdfs:label	megaloblastic anaemia due to dihydrofolate reductase deficiency	LEXMATCH
MONDO:0013478	PLIN1-related familial partial lipodystrophy	skos:closeMatch	icd11.foundation:98904071	Familial partial lipodystrophy associated with PLIN1 mutations	semapv:LexicalMatching	oaklib	0.5	oio:hasRelatedSynonym	oio:hasExactSynonym	familial partial lipodystrophy associated with plin1 mutations	LEXMATCH
MONDO:0013478	PLIN1-related familial partial lipodystrophy	skos:closeMatch	icd11.foundation:98904071	Familial partial lipodystrophy associated with PLIN1 mutations	semapv:LexicalMatching	oaklib	0.5	oio:hasRelatedSynonym	rdfs:label	familial partial lipodystrophy associated with plin1 mutations	LEXMATCH
MONDO:0013591	epiphyseal dysplasia, multiple, 6	skos:closeMatch	icd11.foundation:1668653846	Multiple epiphyseal dysplasia type 6	semapv:LexicalMatching	oaklib	0.5	oio:hasRelatedSynonym	oio:hasExactSynonym	multiple epiphyseal dysplasia type 6	LEXMATCH
MONDO:0013591	epiphyseal dysplasia, multiple, 6	skos:closeMatch	icd11.foundation:1668653846	Multiple epiphyseal dysplasia type 6	semapv:LexicalMatching	oaklib	0.5	oio:hasRelatedSynonym	rdfs:label	multiple epiphyseal dysplasia type 6	LEXMATCH
MONDO:0013598	myostatin-related muscle hypertrophy	skos:closeMatch	icd11.foundation:1634869468	Muscle hypertrophy	semapv:LexicalMatching	oaklib	0.5	oio:hasRelatedSynonym	oio:hasExactSynonym	muscle hypertrophy	LEXMATCH
MONDO:0013598	myostatin-related muscle hypertrophy	skos:closeMatch	icd11.foundation:1634869468	Muscle hypertrophy	semapv:LexicalMatching	oaklib	0.5	oio:hasRelatedSynonym	rdfs:label	muscle hypertrophy	LEXMATCH
MONDO:0013626	psoriasis 14, pustular	skos:closeMatch	icd11.foundation:632162554	Generalised pustular psoriasis	semapv:LexicalMatching	oaklib	0.5	oio:hasRelatedSynonym	oio:hasExactSynonym	generalised pustular psoriasis	LEXMATCH
MONDO:0013626	psoriasis 14, pustular	skos:closeMatch	icd11.foundation:632162554	Generalised pustular psoriasis	semapv:LexicalMatching	oaklib	0.5	oio:hasRelatedSynonym	rdfs:label	generalised pustular psoriasis	LEXMATCH
MONDO:0013753	Charcot-Marie-Tooth disease axonal type 2P	skos:closeMatch	icd11.foundation:1279608482	Charcot-Marie-Tooth disease type 2G	semapv:LexicalMatching	oaklib	0.5	oio:hasRelatedSynonym	oio:hasExactSynonym	charcot-marie-tooth disorder type 2g	LEXMATCH
MONDO:0013753	Charcot-Marie-Tooth disease axonal type 2P	skos:closeMatch	icd11.foundation:1279608482	Charcot-Marie-Tooth disease type 2G	semapv:LexicalMatching	oaklib	0.5	oio:hasRelatedSynonym	rdfs:label	charcot-marie-tooth disorder type 2g	LEXMATCH
MONDO:0013758	Charcot-Marie-Tooth disease dominant intermediate E	skos:closeMatch	icd11.foundation:523459972	Charcot-Marie-Tooth disease - nephropathy	semapv:LexicalMatching	oaklib	0.5	oio:hasRelatedSynonym	oio:hasExactSynonym	charcot-marie-tooth disorder - nephropathy	LEXMATCH
MONDO:0013758	Charcot-Marie-Tooth disease dominant intermediate E	skos:closeMatch	icd11.foundation:523459972	Charcot-Marie-Tooth disease - nephropathy	semapv:LexicalMatching	oaklib	0.5	oio:hasRelatedSynonym	rdfs:label	charcot-marie-tooth disorder - nephropathy	LEXMATCH
MONDO:0013796	chromosome 17q12 duplication syndrome	skos:closeMatch	icd11.foundation:1106913619	17q12 duplication	semapv:LexicalMatching	oaklib	0.5	oio:hasRelatedSynonym	oio:hasExactSynonym	17q12 duplication	LEXMATCH
MONDO:0013796	chromosome 17q12 duplication syndrome	skos:closeMatch	icd11.foundation:1106913619	17q12 duplication	semapv:LexicalMatching	oaklib	0.5	oio:hasRelatedSynonym	rdfs:label	17q12 duplication	LEXMATCH
MONDO:0013797	chromosome 17q12 deletion syndrome	skos:closeMatch	icd11.foundation:1286168240	17q12 deletion	semapv:LexicalMatching	oaklib	0.5	oio:hasRelatedSynonym	oio:hasExactSynonym	17q12 deletion syndrome	LEXMATCH
MONDO:0013847	chromosome 16p11.2 duplication syndrome	skos:closeMatch	icd11.foundation:1078819426	16p11.2 duplication	semapv:LexicalMatching	oaklib	0.5	oio:hasRelatedSynonym	oio:hasExactSynonym	16p11.2 duplication	LEXMATCH
MONDO:0013847	chromosome 16p11.2 duplication syndrome	skos:closeMatch	icd11.foundation:1078819426	16p11.2 duplication	semapv:LexicalMatching	oaklib	0.5	oio:hasRelatedSynonym	oio:hasExactSynonym	16p11.2 duplication syndrome	LEXMATCH
MONDO:0013847	chromosome 16p11.2 duplication syndrome	skos:closeMatch	icd11.foundation:1078819426	16p11.2 duplication	semapv:LexicalMatching	oaklib	0.5	oio:hasRelatedSynonym	rdfs:label	16p11.2 duplication	LEXMATCH
MONDO:0013968	PGM1-congenital disorder of glycosylation	skos:closeMatch	icd11.foundation:614045107	Glycogen storage disease due to phosphoglucomutase deficiency	semapv:LexicalMatching	oaklib	0.5	oio:hasRelatedSynonym	oio:hasExactSynonym	glycogen storage disorder due to phosphoglucomutase deficiency	LEXMATCH
MONDO:0013968	PGM1-congenital disorder of glycosylation	skos:closeMatch	icd11.foundation:614045107	Glycogen storage disease due to phosphoglucomutase deficiency	semapv:LexicalMatching	oaklib	0.5	oio:hasRelatedSynonym	rdfs:label	glycogen storage disorder due to phosphoglucomutase deficiency	LEXMATCH
MONDO:0014212	sulfite oxidase deficiency due to molybdenum cofactor deficiency type C	skos:closeMatch	icd11.foundation:1053685634	Molybdenum cofactor deficiency, complementation group C	semapv:LexicalMatching	oaklib	0.5	oio:hasRelatedSynonym	oio:hasExactSynonym	molybdenum cofactor deficiency, complementation group c	LEXMATCH
MONDO:0014212	sulfite oxidase deficiency due to molybdenum cofactor deficiency type C	skos:closeMatch	icd11.foundation:1053685634	Molybdenum cofactor deficiency, complementation group C	semapv:LexicalMatching	oaklib	0.5	oio:hasRelatedSynonym	rdfs:label	molybdenum cofactor deficiency, complementation group c	LEXMATCH
MONDO:0014220	myopathy due to myoadenylate deaminase deficiency	skos:closeMatch	icd11.foundation:1204172345	Myoadenylate deaminase deficiency	semapv:LexicalMatching	oaklib	0.5	oio:hasRelatedSynonym	oio:hasExactSynonym	myoadenylate deaminase deficiency	LEXMATCH
MONDO:0014220	myopathy due to myoadenylate deaminase deficiency	skos:closeMatch	icd11.foundation:1204172345	Myoadenylate deaminase deficiency	semapv:LexicalMatching	oaklib	0.5	oio:hasRelatedSynonym	rdfs:label	myoadenylate deaminase deficiency	LEXMATCH
MONDO:0014381	cholestasis, progressive familial intrahepatic, 4	skos:closeMatch	icd11.foundation:352753987	Congenital bile acid synthesis defect type 1	semapv:LexicalMatching	oaklib	0.5	oio:hasRelatedSynonym	oio:hasExactSynonym	progressive familial intrahepatic cholestasis type 4	LEXMATCH
MONDO:0015264	cryptogenic organizing pneumonia	skos:closeMatch	icd11.foundation:44684186	Constrictive bronchiolitis	semapv:LexicalMatching	oaklib	0.5	oio:hasRelatedSynonym	oio:hasExactSynonym	constrictive bronchiolitis	LEXMATCH
MONDO:0015264	cryptogenic organizing pneumonia	skos:closeMatch	icd11.foundation:44684186	Constrictive bronchiolitis	semapv:LexicalMatching	oaklib	0.5	oio:hasRelatedSynonym	rdfs:label	constrictive bronchiolitis	LEXMATCH
MONDO:0015265	bronchiolitis obliterans syndrome	skos:closeMatch	icd11.foundation:1790252522	Bronchiolitis fibrosa obliterans	semapv:LexicalMatching	oaklib	0.5	oio:hasRelatedSynonym	oio:hasExactSynonym	bronchiolitis obliterans	LEXMATCH
MONDO:0015270	butyrylcholinesterase deficiency	skos:closeMatch	icd11.foundation:1131395685	Deficiency of cholinesterase	semapv:LexicalMatching	oaklib	0.5	oio:hasRelatedSynonym	oio:hasExactSynonym	pseudocholinesterase deficiency	LEXMATCH
MONDO:0015280	cardiofaciocutaneous syndrome	skos:closeMatch	icd11.foundation:498160288	Cardio-facio-cutaneous syndrome	semapv:LexicalMatching	oaklib	0.5	oio:hasRelatedSynonym	oio:hasExactSynonym	cardio-facio-cutaneous syndrome	LEXMATCH
MONDO:0015280	cardiofaciocutaneous syndrome	skos:closeMatch	icd11.foundation:498160288	Cardio-facio-cutaneous syndrome	semapv:LexicalMatching	oaklib	0.5	oio:hasRelatedSynonym	rdfs:label	cardio-facio-cutaneous syndrome	LEXMATCH
MONDO:0015302	nodular cutaneous amyloidosis	skos:closeMatch	icd11.foundation:1377590506	Nodular amyloidosis	semapv:LexicalMatching	oaklib	0.5	oio:hasRelatedSynonym	oio:hasExactSynonym	amyloidosis cutis nodularis atrophicans	LEXMATCH
MONDO:0015421	orofaciodigital syndrome type 12	skos:closeMatch	icd11.foundation:631316217	Oral-facial-digital syndrome type 12	semapv:LexicalMatching	oaklib	0.5	oio:hasRelatedSynonym	oio:hasExactSynonym	oral-facial-digital syndrome type 12	LEXMATCH
MONDO:0015421	orofaciodigital syndrome type 12	skos:closeMatch	icd11.foundation:631316217	Oral-facial-digital syndrome type 12	semapv:LexicalMatching	oaklib	0.5	oio:hasRelatedSynonym	rdfs:label	oral-facial-digital syndrome type 12	LEXMATCH
MONDO:0015517	common variable immunodeficiency	skos:closeMatch	icd11.foundation:1915135976	Immunodeficiencies with severe reduction in at least two serum immunoglobulin isotypes with normal or low numbers of B cells	semapv:LexicalMatching	oaklib	0.5	oio:hasRelatedSynonym	oio:hasExactSynonym	common variable immune deficiency	LEXMATCH
MONDO:0015540	hemophagocytic syndrome	skos:closeMatch	icd11.foundation:950019605	Familial haemophagocytic lymphohistiocytosis	semapv:LexicalMatching	oaklib	0.5	oio:hasRelatedSynonym	oio:hasExactSynonym	familial erythrophagocytic lymphohistiocytosis	LEXMATCH
MONDO:0015540	hemophagocytic syndrome	skos:closeMatch	icd11.foundation:950019605	Familial haemophagocytic lymphohistiocytosis	semapv:LexicalMatching	oaklib	0.5	oio:hasRelatedSynonym	oio:hasExactSynonym	familial histiocytic reticulosis	LEXMATCH
MONDO:0015566	2q24 microdeletion syndrome	skos:closeMatch	icd11.foundation:825166464	2q24 deletion	semapv:LexicalMatching	oaklib	0.5	oio:hasRelatedSynonym	oio:hasExactSynonym	2q24 deletion	LEXMATCH
MONDO:0015566	2q24 microdeletion syndrome	skos:closeMatch	icd11.foundation:825166464	2q24 deletion	semapv:LexicalMatching	oaklib	0.5	oio:hasRelatedSynonym	rdfs:label	2q24 deletion	LEXMATCH
MONDO:0015723	trisomy 12p	skos:closeMatch	icd11.foundation:105981078	12p duplication	semapv:LexicalMatching	oaklib	0.5	oio:hasRelatedSynonym	oio:hasExactSynonym	12p duplication	LEXMATCH
MONDO:0015723	trisomy 12p	skos:closeMatch	icd11.foundation:105981078	12p duplication	semapv:LexicalMatching	oaklib	0.5	oio:hasRelatedSynonym	rdfs:label	12p duplication	LEXMATCH
MONDO:0015740	trisomy 18p	skos:closeMatch	icd11.foundation:362808329	18p duplication	semapv:LexicalMatching	oaklib	0.5	oio:hasRelatedSynonym	oio:hasExactSynonym	18p duplication	LEXMATCH
MONDO:0015740	trisomy 18p	skos:closeMatch	icd11.foundation:362808329	18p duplication	semapv:LexicalMatching	oaklib	0.5	oio:hasRelatedSynonym	rdfs:label	18p duplication	LEXMATCH
MONDO:0015761	trisomy 10p	skos:closeMatch	icd11.foundation:442413368	10p duplication	semapv:LexicalMatching	oaklib	0.5	oio:hasRelatedSynonym	oio:hasExactSynonym	10p duplication	LEXMATCH
MONDO:0015761	trisomy 10p	skos:closeMatch	icd11.foundation:442413368	10p duplication	semapv:LexicalMatching	oaklib	0.5	oio:hasRelatedSynonym	rdfs:label	10p duplication	LEXMATCH
MONDO:0015767	trisomy 4p	skos:closeMatch	icd11.foundation:863100700	4p duplication	semapv:LexicalMatching	oaklib	0.5	oio:hasRelatedSynonym	oio:hasExactSynonym	4p duplication	LEXMATCH
MONDO:0015767	trisomy 4p	skos:closeMatch	icd11.foundation:863100700	4p duplication	semapv:LexicalMatching	oaklib	0.5	oio:hasRelatedSynonym	rdfs:label	4p duplication	LEXMATCH
MONDO:0015768	trisomy 5p	skos:closeMatch	icd11.foundation:223988065	5p duplication	semapv:LexicalMatching	oaklib	0.5	oio:hasRelatedSynonym	oio:hasExactSynonym	5p duplication	LEXMATCH
MONDO:0015768	trisomy 5p	skos:closeMatch	icd11.foundation:223988065	5p duplication	semapv:LexicalMatching	oaklib	0.5	oio:hasRelatedSynonym	rdfs:label	5p duplication	LEXMATCH
MONDO:0015900	hypoaldosteronism disease	skos:closeMatch	icd11.foundation:1600625317	Hypoaldosteronism	semapv:LexicalMatching	oaklib	0.5	oio:hasRelatedSynonym	oio:hasExactSynonym	hypoaldosteronism	LEXMATCH
MONDO:0015900	hypoaldosteronism disease	skos:closeMatch	icd11.foundation:1600625317	Hypoaldosteronism	semapv:LexicalMatching	oaklib	0.5	oio:hasRelatedSynonym	rdfs:label	hypoaldosteronism	LEXMATCH
MONDO:0015914	primary orthostatic hypotension	skos:closeMatch	icd11.foundation:859030797	Shy-Drager syndrome	semapv:LexicalMatching	oaklib	0.5	oio:hasRelatedSynonym	oio:hasExactSynonym	neurogenic orthostatic hypotension	LEXMATCH
MONDO:0015926	pneumoconiosis	skos:closeMatch	icd11.foundation:1355167773	Coal worker pneumoconiosis	semapv:LexicalMatching	oaklib	0.5	oio:hasRelatedSynonym	oio:hasExactSynonym	black lung disorder	LEXMATCH
MONDO:0015994	muscular dystrophy-white matter spongiosis syndrome	skos:closeMatch	icd11.foundation:515308266	Atrophie blanche	semapv:LexicalMatching	oaklib	0.5	oio:hasRelatedSynonym	oio:hasExactSynonym	atrophie blanche	LEXMATCH
MONDO:0015994	muscular dystrophy-white matter spongiosis syndrome	skos:closeMatch	icd11.foundation:515308266	Atrophie blanche	semapv:LexicalMatching	oaklib	0.5	oio:hasRelatedSynonym	rdfs:label	atrophie blanche	LEXMATCH
MONDO:0016002	Ehlers-Danlos syndrome, kyphoscoliotic type 1	skos:closeMatch	icd11.foundation:241506087	Ehlers-Danlos syndrome type 6A	semapv:LexicalMatching	oaklib	0.5	oio:hasNarrowSynonym	oio:hasExactSynonym	ehlers-danlos syndrome type 6a	LEXMATCH
MONDO:0016002	Ehlers-Danlos syndrome, kyphoscoliotic type 1	skos:closeMatch	icd11.foundation:241506087	Ehlers-Danlos syndrome type 6A	semapv:LexicalMatching	oaklib	0.5	oio:hasNarrowSynonym	rdfs:label	ehlers-danlos syndrome type 6a	LEXMATCH
MONDO:0016010	vitamin K-antagonist embryofetopathy	skos:closeMatch	icd11.foundation:1368779017	Fetal warfarin syndrome	semapv:LexicalMatching	oaklib	0.5	oio:hasRelatedSynonym	oio:hasExactSynonym	coumarin embryopathy	LEXMATCH
MONDO:0016010	vitamin K-antagonist embryofetopathy	skos:closeMatch	icd11.foundation:1368779017	Fetal warfarin syndrome	semapv:LexicalMatching	oaklib	0.5	oio:hasRelatedSynonym	oio:hasExactSynonym	vitamin k antagonists embryofetopathy	LEXMATCH
MONDO:0016057	isolated encephalocele	skos:closeMatch	icd11.foundation:2115894108	Encephalocele	semapv:LexicalMatching	oaklib	0.5	oio:hasRelatedSynonym	oio:hasExactSynonym	cranium bifidum	LEXMATCH
MONDO:0016057	isolated encephalocele	skos:closeMatch	icd11.foundation:2115894108	Encephalocele	semapv:LexicalMatching	oaklib	0.5	oio:hasRelatedSynonym	oio:hasExactSynonym	encephalocele	LEXMATCH
MONDO:0016057	isolated encephalocele	skos:closeMatch	icd11.foundation:2115894108	Encephalocele	semapv:LexicalMatching	oaklib	0.5	oio:hasRelatedSynonym	rdfs:label	encephalocele	LEXMATCH
MONDO:0016077	congenital aortopulmonary window	skos:closeMatch	icd11.foundation:1861410694	Aortopulmonary fistula	semapv:LexicalMatching	oaklib	0.5	oio:hasRelatedSynonym	oio:hasExactSynonym	aortopulmonary fistula	LEXMATCH
MONDO:0016077	congenital aortopulmonary window	skos:closeMatch	icd11.foundation:1861410694	Aortopulmonary fistula	semapv:LexicalMatching	oaklib	0.5	oio:hasRelatedSynonym	rdfs:label	aortopulmonary fistula	LEXMATCH
MONDO:0016255	uterine corpus mixed epithelial and mesenchymal neoplasm	skos:closeMatch	icd11.foundation:1532363988	Malignant mixed epithelial and mesenchymal tumour of corpus uteri	semapv:LexicalMatching	oaklib	0.5	oio:hasRelatedSynonym	oio:hasExactSynonym	malignant mixed epithelial and mesenchymal tumour of corpus uteri	LEXMATCH
MONDO:0016255	uterine corpus mixed epithelial and mesenchymal neoplasm	skos:closeMatch	icd11.foundation:1532363988	Malignant mixed epithelial and mesenchymal tumour of corpus uteri	semapv:LexicalMatching	oaklib	0.5	oio:hasRelatedSynonym	rdfs:label	malignant mixed epithelial and mesenchymal tumour of corpus uteri	LEXMATCH
MONDO:0016262	leiomyosarcoma of the corpus uteri	skos:closeMatch	icd11.foundation:1872567422	Leiomyosarcoma of uterus	semapv:LexicalMatching	oaklib	0.5	oio:hasRelatedSynonym	oio:hasExactSynonym	uterine leiomyosarcoma	LEXMATCH
MONDO:0016264	autoimmune hepatitis	skos:closeMatch	icd11.foundation:1584684375	Autoimmune chronic active hepatitis	semapv:LexicalMatching	oaklib	0.5	oio:hasNarrowSynonym	oio:hasExactSynonym	autoimmune chronic active hepatitis	LEXMATCH
MONDO:0016264	autoimmune hepatitis	skos:closeMatch	icd11.foundation:1584684375	Autoimmune chronic active hepatitis	semapv:LexicalMatching	oaklib	0.5	oio:hasNarrowSynonym	rdfs:label	autoimmune chronic active hepatitis	LEXMATCH
MONDO:0016430	Balo concentric sclerosis	skos:closeMatch	icd11.foundation:1387119224	Concentric sclerosis	semapv:LexicalMatching	oaklib	0.5	oio:hasRelatedSynonym	oio:hasExactSynonym	encephalitis periaxialis concentrica	LEXMATCH
MONDO:0016456	5q14.3 microdeletion syndrome	skos:closeMatch	icd11.foundation:310000696	5q14.3 deletion	semapv:LexicalMatching	oaklib	0.5	oio:hasRelatedSynonym	oio:hasExactSynonym	5q14.3 deletion syndrome	LEXMATCH
MONDO:0016471	pachyonychia congenita	skos:closeMatch	icd11.foundation:1372334918	Congenital pachyonychia	semapv:LexicalMatching	oaklib	0.5	oio:hasRelatedSynonym	oio:hasExactSynonym	congenital pachyonychia	LEXMATCH
MONDO:0016471	pachyonychia congenita	skos:closeMatch	icd11.foundation:1372334918	Congenital pachyonychia	semapv:LexicalMatching	oaklib	0.5	oio:hasRelatedSynonym	rdfs:label	congenital pachyonychia	LEXMATCH
MONDO:0016527	glycogen storage disease due to lactate dehydrogenase deficiency	skos:closeMatch	icd11.foundation:1391506239	Lactate dehydrogenase deficiency	semapv:LexicalMatching	oaklib	0.5	oio:hasRelatedSynonym	oio:hasExactSynonym	lactate dehydrogenase deficiency	LEXMATCH
MONDO:0016527	glycogen storage disease due to lactate dehydrogenase deficiency	skos:closeMatch	icd11.foundation:1391506239	Lactate dehydrogenase deficiency	semapv:LexicalMatching	oaklib	0.5	oio:hasRelatedSynonym	rdfs:label	lactate dehydrogenase deficiency	LEXMATCH
MONDO:0016542	IL10-related early-onset inflammatory bowel disease	skos:closeMatch	icd11.foundation:1832757140	Autosomal recessive early-onset inflammatory bowel disease	semapv:LexicalMatching	oaklib	0.5	oio:hasRelatedSynonym	oio:hasExactSynonym	autosomal recessive early-onset inflammatory bowel disorder	LEXMATCH
MONDO:0016542	IL10-related early-onset inflammatory bowel disease	skos:closeMatch	icd11.foundation:1832757140	Autosomal recessive early-onset inflammatory bowel disease	semapv:LexicalMatching	oaklib	0.5	oio:hasRelatedSynonym	rdfs:label	autosomal recessive early-onset inflammatory bowel disorder	LEXMATCH
MONDO:0016557	leukonychia totalis	skos:closeMatch	icd11.foundation:609480155	Total leukonychia	semapv:LexicalMatching	oaklib	0.5	oio:hasRelatedSynonym	oio:hasExactSynonym	total leukonychia	LEXMATCH
MONDO:0016557	leukonychia totalis	skos:closeMatch	icd11.foundation:609480155	Total leukonychia	semapv:LexicalMatching	oaklib	0.5	oio:hasRelatedSynonym	rdfs:label	total leukonychia	LEXMATCH
MONDO:0016575	primary ciliary dyskinesia	skos:closeMatch	icd11.foundation:651295257	Primary ciliary dyskinesia, Kartagener type	semapv:LexicalMatching	oaklib	0.5	oio:hasRelatedSynonym	oio:hasExactSynonym	immotile cilia syndrome, kartagener type	LEXMATCH
MONDO:0016575	primary ciliary dyskinesia	skos:closeMatch	icd11.foundation:651295257	Primary ciliary dyskinesia, Kartagener type	semapv:LexicalMatching	oaklib	0.5	oio:hasRelatedSynonym	oio:hasExactSynonym	primary ciliary dyskinesia, kartagener type	LEXMATCH
MONDO:0016575	primary ciliary dyskinesia	skos:closeMatch	icd11.foundation:651295257	Primary ciliary dyskinesia, Kartagener type	semapv:LexicalMatching	oaklib	0.5	oio:hasRelatedSynonym	oio:hasExactSynonym	siewert syndrome	LEXMATCH
MONDO:0016575	primary ciliary dyskinesia	skos:closeMatch	icd11.foundation:651295257	Primary ciliary dyskinesia, Kartagener type	semapv:LexicalMatching	oaklib	0.5	oio:hasRelatedSynonym	rdfs:label	primary ciliary dyskinesia, kartagener type	LEXMATCH
MONDO:0016658	8p23.1 microdeletion syndrome	skos:closeMatch	icd11.foundation:933685931	8p23.1 deletion	semapv:LexicalMatching	oaklib	0.5	oio:hasRelatedSynonym	oio:hasExactSynonym	8p23.1 deletion	LEXMATCH
MONDO:0016658	8p23.1 microdeletion syndrome	skos:closeMatch	icd11.foundation:933685931	8p23.1 deletion	semapv:LexicalMatching	oaklib	0.5	oio:hasRelatedSynonym	rdfs:label	8p23.1 deletion	LEXMATCH
MONDO:0016758	microcephaly-brain defect-spasticity-hypernatremia syndrome	skos:closeMatch	icd11.foundation:1323483735	Microcephaly - brain defect - spasticity - hypernatremia	semapv:LexicalMatching	oaklib	0.5	oio:hasRelatedSynonym	oio:hasExactSynonym	microcephaly - brain defect - spasticity - hypernatremia	LEXMATCH
MONDO:0016758	microcephaly-brain defect-spasticity-hypernatremia syndrome	skos:closeMatch	icd11.foundation:1323483735	Microcephaly - brain defect - spasticity - hypernatremia	semapv:LexicalMatching	oaklib	0.5	oio:hasRelatedSynonym	rdfs:label	microcephaly - brain defect - spasticity - hypernatremia	LEXMATCH
MONDO:0016814	maternally-inherited Leigh syndrome	skos:closeMatch	icd11.foundation:617486004	Maternally inherited Leigh syndrome	semapv:LexicalMatching	oaklib	0.5	oio:hasRelatedSynonym	oio:hasExactSynonym	maternally inherited leigh syndrome	LEXMATCH
MONDO:0016814	maternally-inherited Leigh syndrome	skos:closeMatch	icd11.foundation:617486004	Maternally inherited Leigh syndrome	semapv:LexicalMatching	oaklib	0.5	oio:hasRelatedSynonym	rdfs:label	maternally inherited leigh syndrome	LEXMATCH
MONDO:0016840	trisomy 17p	skos:closeMatch	icd11.foundation:2140929307	17p duplication	semapv:LexicalMatching	oaklib	0.5	oio:hasRelatedSynonym	oio:hasExactSynonym	17p duplication	LEXMATCH
MONDO:0016840	trisomy 17p	skos:closeMatch	icd11.foundation:2140929307	17p duplication	semapv:LexicalMatching	oaklib	0.5	oio:hasRelatedSynonym	rdfs:label	17p duplication	LEXMATCH
MONDO:0016844	trisomy 20p	skos:closeMatch	icd11.foundation:1396883815	20p duplication	semapv:LexicalMatching	oaklib	0.5	oio:hasRelatedSynonym	oio:hasExactSynonym	20p duplication	LEXMATCH
MONDO:0016844	trisomy 20p	skos:closeMatch	icd11.foundation:1396883815	20p duplication	semapv:LexicalMatching	oaklib	0.5	oio:hasRelatedSynonym	rdfs:label	20p duplication	LEXMATCH
MONDO:0016862	Alagille syndrome due to a JAG1 point mutation	skos:closeMatch	icd11.foundation:357286966	Alagille syndrome type 1	semapv:LexicalMatching	oaklib	0.5	oio:hasRelatedSynonym	oio:hasExactSynonym	alagille syndrome type 1	LEXMATCH
MONDO:0016862	Alagille syndrome due to a JAG1 point mutation	skos:closeMatch	icd11.foundation:357286966	Alagille syndrome type 1	semapv:LexicalMatching	oaklib	0.5	oio:hasRelatedSynonym	rdfs:label	alagille syndrome type 1	LEXMATCH
MONDO:0016944	partial duplication of the short arm of chromosome 7	skos:closeMatch	icd11.foundation:1568766405	7p duplication	semapv:LexicalMatching	oaklib	0.5	oio:hasRelatedSynonym	oio:hasExactSynonym	7p duplication	LEXMATCH
MONDO:0016944	partial duplication of the short arm of chromosome 7	skos:closeMatch	icd11.foundation:1568766405	7p duplication	semapv:LexicalMatching	oaklib	0.5	oio:hasRelatedSynonym	rdfs:label	7p duplication	LEXMATCH
MONDO:0016945	partial duplication of the short arm of chromosome 8	skos:closeMatch	icd11.foundation:796805818	8p duplication	semapv:LexicalMatching	oaklib	0.5	oio:hasRelatedSynonym	oio:hasExactSynonym	8p duplication	LEXMATCH
MONDO:0016945	partial duplication of the short arm of chromosome 8	skos:closeMatch	icd11.foundation:796805818	8p duplication	semapv:LexicalMatching	oaklib	0.5	oio:hasRelatedSynonym	rdfs:label	8p duplication	LEXMATCH
MONDO:0016990	acquired prothrombin deficiency	skos:closeMatch	icd11.foundation:1668893852	Acquired factor II deficiency	semapv:LexicalMatching	oaklib	0.5	oio:hasRelatedSynonym	oio:hasExactSynonym	acquired factor ii deficiency	LEXMATCH
MONDO:0016990	acquired prothrombin deficiency	skos:closeMatch	icd11.foundation:1668893852	Acquired factor II deficiency	semapv:LexicalMatching	oaklib	0.5	oio:hasRelatedSynonym	rdfs:label	acquired factor ii deficiency	LEXMATCH
MONDO:0016994	microcephalic osteodysplastic primordial dwarfism types I and III	skos:closeMatch	icd11.foundation:267786429	Microcephalic osteodysplastic primordial dwarfism types 1 and 3	semapv:LexicalMatching	oaklib	0.5	oio:hasRelatedSynonym	oio:hasExactSynonym	microcephalic osteodysplastic primordial dwarfism types type 1 and type 3	LEXMATCH
MONDO:0016994	microcephalic osteodysplastic primordial dwarfism types I and III	skos:closeMatch	icd11.foundation:267786429	Microcephalic osteodysplastic primordial dwarfism types 1 and 3	semapv:LexicalMatching	oaklib	0.5	oio:hasRelatedSynonym	rdfs:label	microcephalic osteodysplastic primordial dwarfism types type 1 and type 3	LEXMATCH
MONDO:0017123	arthrogryposis-renal dysfunction-cholestasis syndrome	skos:closeMatch	icd11.foundation:2089839503	Arthrogryposis - renal dysfunction - cholestasis	semapv:LexicalMatching	oaklib	0.5	oio:hasRelatedSynonym	oio:hasExactSynonym	arthrogryposis - renal dysfunction - cholestasis	LEXMATCH
MONDO:0017123	arthrogryposis-renal dysfunction-cholestasis syndrome	skos:closeMatch	icd11.foundation:2089839503	Arthrogryposis - renal dysfunction - cholestasis	semapv:LexicalMatching	oaklib	0.5	oio:hasRelatedSynonym	rdfs:label	arthrogryposis - renal dysfunction - cholestasis	LEXMATCH
MONDO:0017124	noma	skos:closeMatch	icd11.foundation:613643406	Noma neonatorum	semapv:LexicalMatching	oaklib	0.5	oio:hasRelatedSynonym	oio:hasExactSynonym	noma neonatorum	LEXMATCH
MONDO:0017124	noma	skos:closeMatch	icd11.foundation:613643406	Noma neonatorum	semapv:LexicalMatching	oaklib	0.5	oio:hasRelatedSynonym	rdfs:label	noma neonatorum	LEXMATCH
MONDO:0017137	onchocerciasis	skos:closeMatch	icd11.foundation:125842620	Onchocerciasis of the eye	semapv:LexicalMatching	oaklib	0.5	oio:hasRelatedSynonym	oio:hasExactSynonym	river blindness	LEXMATCH
MONDO:0017178	osteochondritis dissecans	skos:closeMatch	icd11.foundation:117325330	Familial osteochondritis dissecans	semapv:LexicalMatching	oaklib	0.5	oio:hasNarrowSynonym	oio:hasExactSynonym	familial osteochondritis dissecans	LEXMATCH
MONDO:0017178	osteochondritis dissecans	skos:closeMatch	icd11.foundation:117325330	Familial osteochondritis dissecans	semapv:LexicalMatching	oaklib	0.5	oio:hasNarrowSynonym	rdfs:label	familial osteochondritis dissecans	LEXMATCH
MONDO:0017287	immunoglobulin G4-related sclerosing disease	skos:closeMatch	icd11.foundation:278355233	Multifocal fibrosclerosis	semapv:LexicalMatching	oaklib	0.5	oio:hasRelatedSynonym	oio:hasExactSynonym	multifocal fibrosclerosis	LEXMATCH
MONDO:0017287	immunoglobulin G4-related sclerosing disease	skos:closeMatch	icd11.foundation:278355233	Multifocal fibrosclerosis	semapv:LexicalMatching	oaklib	0.5	oio:hasRelatedSynonym	rdfs:label	multifocal fibrosclerosis	LEXMATCH
MONDO:0017372	congenital varicella syndrome	skos:closeMatch	icd11.foundation:851814044	Fetal varicella syndrome	semapv:LexicalMatching	oaklib	0.5	oio:hasRelatedSynonym	oio:hasExactSynonym	varicella embryopathy	LEXMATCH
MONDO:0017569	de Barsy syndrome	skos:closeMatch	icd11.foundation:1718974486	Autosomal recessive cutis laxa, type 3	semapv:LexicalMatching	oaklib	0.5	oio:hasRelatedSynonym	oio:hasExactSynonym	progeroid syndrome, de barsy type	LEXMATCH
MONDO:0017575	mitochondrial neurogastrointestinal encephalomyopathy	skos:closeMatch	icd11.foundation:1713233288	Thymidine phosphorylase deficiency	semapv:LexicalMatching	oaklib	0.5	oio:hasRelatedSynonym	oio:hasExactSynonym	thymidine phosphorylase deficiency	LEXMATCH
MONDO:0017575	mitochondrial neurogastrointestinal encephalomyopathy	skos:closeMatch	icd11.foundation:1713233288	Thymidine phosphorylase deficiency	semapv:LexicalMatching	oaklib	0.5	oio:hasRelatedSynonym	rdfs:label	thymidine phosphorylase deficiency	LEXMATCH
MONDO:0017575	mitochondrial neurogastrointestinal encephalomyopathy	skos:closeMatch	icd11.foundation:733688721	Myoneurogastrointestinal encephalopathy syndrome	semapv:LexicalMatching	oaklib	0.5	oio:hasRelatedSynonym	oio:hasExactSynonym	myoneurogastrointestinal encephalopathy syndrome	LEXMATCH
MONDO:0017575	mitochondrial neurogastrointestinal encephalomyopathy	skos:closeMatch	icd11.foundation:733688721	Myoneurogastrointestinal encephalopathy syndrome	semapv:LexicalMatching	oaklib	0.5	oio:hasRelatedSynonym	rdfs:label	myoneurogastrointestinal encephalopathy syndrome	LEXMATCH
MONDO:0017776	nocardiosis	skos:closeMatch	icd11.foundation:101604109	Pulmonary nocardiosis	semapv:LexicalMatching	oaklib	0.5	oio:hasRelatedSynonym	oio:hasExactSynonym	lung nocardiosis	LEXMATCH
MONDO:0017851	erythrokeratodermia variabilis	skos:closeMatch	icd11.foundation:886266813	Erythrokeratodermia variabilis et progressiva	semapv:LexicalMatching	oaklib	0.5	oio:hasRelatedSynonym	oio:hasExactSynonym	erythrokeratodermia variabilis et progressiva	LEXMATCH
MONDO:0017851	erythrokeratodermia variabilis	skos:closeMatch	icd11.foundation:886266813	Erythrokeratodermia variabilis et progressiva	semapv:LexicalMatching	oaklib	0.5	oio:hasRelatedSynonym	rdfs:label	erythrokeratodermia variabilis et progressiva	LEXMATCH
MONDO:0017853	hypersensitivity pneumonitis	skos:closeMatch	icd11.foundation:589867913	Hypersensitivity pneumonitis due to organic dust	semapv:LexicalMatching	oaklib	0.5	oio:hasRelatedSynonym	oio:hasExactSynonym	allergic interstitial pneumonitis	LEXMATCH
MONDO:0017967	testicular agenesis	skos:closeMatch	icd11.foundation:1172307047	Absence or aplasia of testis, bilateral	semapv:LexicalMatching	oaklib	0.5	oio:hasRelatedSynonym	oio:hasExactSynonym	anorchia	LEXMATCH
MONDO:0018027	duplication/inversion 15q11	skos:closeMatch	icd11.foundation:972591306	Tetrasomy 15q	semapv:LexicalMatching	oaklib	0.5	oio:hasRelatedSynonym	oio:hasExactSynonym	tetrasomy type 15q	LEXMATCH
MONDO:0018027	duplication/inversion 15q11	skos:closeMatch	icd11.foundation:972591306	Tetrasomy 15q	semapv:LexicalMatching	oaklib	0.5	oio:hasRelatedSynonym	rdfs:label	tetrasomy type 15q	LEXMATCH
MONDO:0018077	tularemia	skos:closeMatch	icd11.foundation:980168338	Tularaemia	semapv:LexicalMatching	oaklib	0.5	oio:hasRelatedSynonym	oio:hasExactSynonym	deerfly fever	LEXMATCH
MONDO:0018077	tularemia	skos:closeMatch	icd11.foundation:980168338	Tularaemia	semapv:LexicalMatching	oaklib	0.5	oio:hasRelatedSynonym	oio:hasExactSynonym	francisella tularensis infection	LEXMATCH
MONDO:0018077	tularemia	skos:closeMatch	icd11.foundation:980168338	Tularaemia	semapv:LexicalMatching	oaklib	0.5	oio:hasRelatedSynonym	oio:hasExactSynonym	ohara disorder	LEXMATCH
MONDO:0018077	tularemia	skos:closeMatch	icd11.foundation:980168338	Tularaemia	semapv:LexicalMatching	oaklib	0.5	oio:hasRelatedSynonym	oio:hasExactSynonym	pahvant valley plague	LEXMATCH
MONDO:0018077	tularemia	skos:closeMatch	icd11.foundation:980168338	Tularaemia	semapv:LexicalMatching	oaklib	0.5	oio:hasRelatedSynonym	oio:hasExactSynonym	rabbit fever	LEXMATCH
MONDO:0018092	Vogt-Koyanagi-Harada disease	skos:closeMatch	icd11.foundation:1827767178	Vogt-Koyanagi-Harada syndrome	semapv:LexicalMatching	oaklib	0.5	oio:hasRelatedSynonym	oio:hasExactSynonym	vogt-koyanagi-harada syndrome	LEXMATCH
MONDO:0018092	Vogt-Koyanagi-Harada disease	skos:closeMatch	icd11.foundation:1827767178	Vogt-Koyanagi-Harada syndrome	semapv:LexicalMatching	oaklib	0.5	oio:hasRelatedSynonym	rdfs:label	vogt-koyanagi-harada syndrome	LEXMATCH
MONDO:0018442	acitretin/etretinate embryopathy	skos:closeMatch	icd11.foundation:1658414910	Acitretin embryofetopathy	semapv:LexicalMatching	oaklib	0.5	oio:hasRelatedSynonym	oio:hasExactSynonym	acitretin embryofetopathy	LEXMATCH
MONDO:0018442	acitretin/etretinate embryopathy	skos:closeMatch	icd11.foundation:1658414910	Acitretin embryofetopathy	semapv:LexicalMatching	oaklib	0.5	oio:hasRelatedSynonym	rdfs:label	acitretin embryofetopathy	LEXMATCH
MONDO:0018473	hyperlipoproteinemia type 3	skos:closeMatch	icd11.foundation:1400598695	Hyperlipidaemia type 3	semapv:LexicalMatching	oaklib	0.5	oio:hasRelatedSynonym	oio:hasExactSynonym	broad beta disorder	LEXMATCH
MONDO:0018486	visual snow syndrome	skos:closeMatch	icd11.foundation:1310348651	Visual snow	semapv:LexicalMatching	oaklib	0.5	oio:hasRelatedSynonym	oio:hasExactSynonym	visual snow	LEXMATCH
MONDO:0018486	visual snow syndrome	skos:closeMatch	icd11.foundation:1310348651	Visual snow	semapv:LexicalMatching	oaklib	0.5	oio:hasRelatedSynonym	rdfs:label	visual snow	LEXMATCH
MONDO:0018555	hypogonadotropic hypogonadism	skos:closeMatch	icd11.foundation:1675702254	Normosmic congenital hypogonadotropic hypogonadism	semapv:LexicalMatching	oaklib	0.5	oio:hasNarrowSynonym	oio:hasExactSynonym	isolated congenital gonadotropin deficiency	LEXMATCH
MONDO:0018612	congenital hypothyroidism	skos:closeMatch	icd11.foundation:114764265	Intellectual developmental disorder due to iodine deficiency	semapv:LexicalMatching	oaklib	0.5	oio:hasRelatedSynonym	oio:hasExactSynonym	cretinism	LEXMATCH
MONDO:0018626	paratyphoid fever	skos:closeMatch	icd11.foundation:1045590756	Paratyphoid fever A	semapv:LexicalMatching	oaklib	0.5	oio:hasRelatedSynonym	oio:hasExactSynonym	paratyphoid fever a	LEXMATCH
MONDO:0018626	paratyphoid fever	skos:closeMatch	icd11.foundation:1045590756	Paratyphoid fever A	semapv:LexicalMatching	oaklib	0.5	oio:hasRelatedSynonym	rdfs:label	paratyphoid fever a	LEXMATCH
MONDO:0018626	paratyphoid fever	skos:closeMatch	icd11.foundation:1258234397	Paratyphoid fever B	semapv:LexicalMatching	oaklib	0.5	oio:hasRelatedSynonym	oio:hasExactSynonym	paratyphoid fever b	LEXMATCH
MONDO:0018626	paratyphoid fever	skos:closeMatch	icd11.foundation:1258234397	Paratyphoid fever B	semapv:LexicalMatching	oaklib	0.5	oio:hasRelatedSynonym	rdfs:label	paratyphoid fever b	LEXMATCH
MONDO:0018626	paratyphoid fever	skos:closeMatch	icd11.foundation:800386953	Paratyphoid fever C	semapv:LexicalMatching	oaklib	0.5	oio:hasRelatedSynonym	oio:hasExactSynonym	paratyphoid fever c	LEXMATCH
MONDO:0018626	paratyphoid fever	skos:closeMatch	icd11.foundation:800386953	Paratyphoid fever C	semapv:LexicalMatching	oaklib	0.5	oio:hasRelatedSynonym	rdfs:label	paratyphoid fever c	LEXMATCH
MONDO:0018846	penile agenesis	skos:closeMatch	icd11.foundation:55567069	Absence of penis	semapv:LexicalMatching	oaklib	0.5	oio:hasRelatedSynonym	oio:hasExactSynonym	agenesis of the penis	LEXMATCH
MONDO:0018855	keratosis pilaris atrophicans	skos:closeMatch	icd11.foundation:1075050916	Atrophoderma vermiculatum	semapv:LexicalMatching	oaklib	0.5	oio:hasRelatedSynonym	oio:hasExactSynonym	folliculitis ulerythematosa reticulata	LEXMATCH
MONDO:0018855	keratosis pilaris atrophicans	skos:closeMatch	icd11.foundation:89812225	Ulerythema ophryogenes	semapv:LexicalMatching	oaklib	0.5	oio:hasRelatedSynonym	oio:hasExactSynonym	ulerythema ophryogenes	LEXMATCH
MONDO:0018855	keratosis pilaris atrophicans	skos:closeMatch	icd11.foundation:89812225	Ulerythema ophryogenes	semapv:LexicalMatching	oaklib	0.5	oio:hasRelatedSynonym	rdfs:label	ulerythema ophryogenes	LEXMATCH
MONDO:0018872	acute megakaryoblastic leukemia	skos:closeMatch	icd11.foundation:877055215	Acute megakaryoblastic leukaemia	semapv:LexicalMatching	oaklib	0.5	oio:hasRelatedSynonym	oio:hasExactSynonym	megakaryocytic leukaemia	LEXMATCH
MONDO:0018930	monosomy 21	skos:closeMatch	icd11.foundation:47014571	21q deletion	semapv:LexicalMatching	oaklib	0.5	oio:hasRelatedSynonym	oio:hasExactSynonym	21q deletion	LEXMATCH
MONDO:0018930	monosomy 21	skos:closeMatch	icd11.foundation:47014571	21q deletion	semapv:LexicalMatching	oaklib	0.5	oio:hasRelatedSynonym	rdfs:label	21q deletion	LEXMATCH
MONDO:0018939	muscle-eye-brain disease	skos:closeMatch	icd11.foundation:1330230975	Muscle Eye Brain disease	semapv:LexicalMatching	oaklib	0.5	oio:hasRelatedSynonym	oio:hasExactSynonym	muscle eye brain disorder	LEXMATCH
MONDO:0018939	muscle-eye-brain disease	skos:closeMatch	icd11.foundation:1330230975	Muscle Eye Brain disease	semapv:LexicalMatching	oaklib	0.5	oio:hasRelatedSynonym	rdfs:label	muscle eye brain disorder	LEXMATCH
MONDO:0018954	Loeys-Dietz syndrome	skos:closeMatch	icd11.foundation:999490064	Aortic aneurysm syndrome, Loeys-Dietz type	semapv:LexicalMatching	oaklib	0.5	oio:hasRelatedSynonym	oio:hasExactSynonym	aortic aneurysm syndrome, loeys-dietz type	LEXMATCH
MONDO:0018954	Loeys-Dietz syndrome	skos:closeMatch	icd11.foundation:999490064	Aortic aneurysm syndrome, Loeys-Dietz type	semapv:LexicalMatching	oaklib	0.5	oio:hasRelatedSynonym	rdfs:label	aortic aneurysm syndrome, loeys-dietz type	LEXMATCH
MONDO:0018998	Leber congenital amaurosis	skos:closeMatch	icd11.foundation:497783788	Congenital retinal blindness	semapv:LexicalMatching	oaklib	0.5	oio:hasRelatedSynonym	oio:hasExactSynonym	congenital retinal blindness	LEXMATCH
MONDO:0018998	Leber congenital amaurosis	skos:closeMatch	icd11.foundation:497783788	Congenital retinal blindness	semapv:LexicalMatching	oaklib	0.5	oio:hasRelatedSynonym	rdfs:label	congenital retinal blindness	LEXMATCH
MONDO:0019020	PANDAS	skos:closeMatch	icd11.foundation:1557930774	Autoimmune movement disorder	semapv:LexicalMatching	oaklib	0.5	oio:hasRelatedSynonym	oio:hasExactSynonym	paediatric autoimmune neuropsychiatric disorders associated with streptococcal infections	LEXMATCH
MONDO:0019060	bone neoplasm	skos:closeMatch	icd11.foundation:1965082709	Malignant mesenchymal neoplasms	semapv:LexicalMatching	oaklib	0.5	oio:hasRelatedSynonym	oio:hasExactSynonym	primary malignant neoplasm of bone	LEXMATCH
MONDO:0019186	Q fever	skos:closeMatch	icd11.foundation:1958529348	Pneumonia in Q fever	semapv:LexicalMatching	oaklib	0.5	oio:hasRelatedSynonym	oio:hasExactSynonym	q fever pneumonia	LEXMATCH
MONDO:0019192	AKT2-related familial partial lipodystrophy	skos:closeMatch	icd11.foundation:1401460355	Familial partial lipodystrophy due to AKT2 mutations	semapv:LexicalMatching	oaklib	0.5	oio:hasRelatedSynonym	oio:hasExactSynonym	familial partial lipodystrophy due to akt2 mutations	LEXMATCH
MONDO:0019192	AKT2-related familial partial lipodystrophy	skos:closeMatch	icd11.foundation:1401460355	Familial partial lipodystrophy due to AKT2 mutations	semapv:LexicalMatching	oaklib	0.5	oio:hasRelatedSynonym	rdfs:label	familial partial lipodystrophy due to akt2 mutations	LEXMATCH
MONDO:0019195	hereditary inclusion body myopathy-joint contractures-ophthalmoplegia syndrome	skos:closeMatch	icd11.foundation:160295890	Hereditary inclusion body myopathy - joint contractures - ophthalmoplegia	semapv:LexicalMatching	oaklib	0.5	oio:hasRelatedSynonym	oio:hasExactSynonym	hereditary inclusion body myopathy - joint contractures - ophthalmoplegia	LEXMATCH
MONDO:0019195	hereditary inclusion body myopathy-joint contractures-ophthalmoplegia syndrome	skos:closeMatch	icd11.foundation:160295890	Hereditary inclusion body myopathy - joint contractures - ophthalmoplegia	semapv:LexicalMatching	oaklib	0.5	oio:hasRelatedSynonym	rdfs:label	hereditary inclusion body myopathy - joint contractures - ophthalmoplegia	LEXMATCH
MONDO:0019211	isolated congenital anonychia	skos:closeMatch	icd11.foundation:2087755035	Hereditary anonychia	semapv:LexicalMatching	oaklib	0.5	oio:hasRelatedSynonym	oio:hasExactSynonym	congenital anonychia	LEXMATCH
MONDO:0019234	peroxisome biogenesis disorder	skos:closeMatch	icd11.foundation:226023718	Zellweger syndrome	semapv:LexicalMatching	oaklib	0.5	oio:hasNarrowSynonym	oio:hasExactSynonym	cerebrohepatorenal syndrome	LEXMATCH
MONDO:0019318	inflammatory linear verrucous epidermal nevus	skos:closeMatch	icd11.foundation:801045601	Inflammatory linear verrucous epidermal naevus	semapv:LexicalMatching	oaklib	0.5	oio:hasRelatedSynonym	oio:hasExactSynonym	inflammatory linear verrucous epidermal naevus	LEXMATCH
MONDO:0019318	inflammatory linear verrucous epidermal nevus	skos:closeMatch	icd11.foundation:801045601	Inflammatory linear verrucous epidermal naevus	semapv:LexicalMatching	oaklib	0.5	oio:hasRelatedSynonym	rdfs:label	inflammatory linear verrucous epidermal naevus	LEXMATCH
MONDO:0019369	complex regional pain syndrome	skos:closeMatch	icd11.foundation:2067142665	Complex regional pain syndrome type I	semapv:LexicalMatching	oaklib	0.5	oio:hasRelatedSynonym	oio:hasExactSynonym	reflex sympathetic dystrophy	LEXMATCH
MONDO:0019385	steroid-responsive encephalopathy associated with autoimmune thyroiditis	skos:closeMatch	icd11.foundation:1445382314	Autoimmune encephalopathy	semapv:LexicalMatching	oaklib	0.5	oio:hasRelatedSynonym	oio:hasExactSynonym	hashimotos encephalopathy	LEXMATCH
MONDO:0019460	acute leukemia of ambiguous lineage	skos:closeMatch	icd11.foundation:850593524	Biphenotypic acute leukaemia	semapv:LexicalMatching	oaklib	0.5	oio:hasRelatedSynonym	oio:hasExactSynonym	biphenotypic acute leukaemia	LEXMATCH
MONDO:0019460	acute leukemia of ambiguous lineage	skos:closeMatch	icd11.foundation:850593524	Biphenotypic acute leukaemia	semapv:LexicalMatching	oaklib	0.5	oio:hasRelatedSynonym	rdfs:label	biphenotypic acute leukaemia	LEXMATCH
MONDO:0019471	adult T-cell leukemia/lymphoma	skos:closeMatch	icd11.foundation:1638811270	Adult T-cell lymphoma or leukaemia, human T-cell lymphotropic virus type 1-associated	semapv:LexicalMatching	oaklib	0.5	oio:hasRelatedSynonym	oio:hasExactSynonym	adult t-cell lymphoma	LEXMATCH
MONDO:0019518	Waardenburg-Shah syndrome	skos:closeMatch	icd11.foundation:1163754278	Hirschsprung disease with pigmentary anomaly	semapv:LexicalMatching	oaklib	0.5	oio:hasRelatedSynonym	oio:hasExactSynonym	hirschsprung disorder with pigmentary anomaly	LEXMATCH
MONDO:0019518	Waardenburg-Shah syndrome	skos:closeMatch	icd11.foundation:1163754278	Hirschsprung disease with pigmentary anomaly	semapv:LexicalMatching	oaklib	0.5	oio:hasRelatedSynonym	rdfs:label	hirschsprung disorder with pigmentary anomaly	LEXMATCH
MONDO:0019522	recessive dystrophic epidermolysis bullosa-generalized other	skos:closeMatch	icd11.foundation:576052816	Recessive dystrophic epidermolysis bullosa, generalised intermediate	semapv:LexicalMatching	oaklib	0.5	oio:hasRelatedSynonym	oio:hasExactSynonym	recessive dystrophic epidermolysis bullosa, generalised intermediate	LEXMATCH
MONDO:0019522	recessive dystrophic epidermolysis bullosa-generalized other	skos:closeMatch	icd11.foundation:576052816	Recessive dystrophic epidermolysis bullosa, generalised intermediate	semapv:LexicalMatching	oaklib	0.5	oio:hasRelatedSynonym	rdfs:label	recessive dystrophic epidermolysis bullosa, generalised intermediate	LEXMATCH
MONDO:0019529	radiation myelitis	skos:closeMatch	icd11.foundation:688537570	Myelopathy due to radiation injury	semapv:LexicalMatching	oaklib	0.5	oio:hasRelatedSynonym	oio:hasExactSynonym	radiation myelopathy	LEXMATCH
MONDO:0019618	Sheehan syndrome	skos:closeMatch	icd11.foundation:1087896778	Postpartum pituitary necrosis	semapv:LexicalMatching	oaklib	0.5	oio:hasRelatedSynonym	oio:hasExactSynonym	postpartum pituitary necrosis	LEXMATCH
MONDO:0019618	Sheehan syndrome	skos:closeMatch	icd11.foundation:1087896778	Postpartum pituitary necrosis	semapv:LexicalMatching	oaklib	0.5	oio:hasRelatedSynonym	rdfs:label	postpartum pituitary necrosis	LEXMATCH
MONDO:0019623	hereditary angioedema	skos:closeMatch	icd11.foundation:1918767567	Hereditary angioedema type I	semapv:LexicalMatching	oaklib	0.5	oio:hasRelatedSynonym	oio:hasExactSynonym	deficiency of c1 esterase inhibitor	LEXMATCH
MONDO:0019772	blepharospasm-oromandibular dystonia syndrome	skos:closeMatch	icd11.foundation:816132739	Sporadic adult-onset Blepharospasm-Oromandibular Dystonia	semapv:LexicalMatching	oaklib	0.5	oio:hasRelatedSynonym	oio:hasExactSynonym	blepharospasm - oromandibular dystonia	LEXMATCH
MONDO:0019772	blepharospasm-oromandibular dystonia syndrome	skos:closeMatch	icd11.foundation:816132739	Sporadic adult-onset Blepharospasm-Oromandibular Dystonia	semapv:LexicalMatching	oaklib	0.5	oio:hasRelatedSynonym	oio:hasExactSynonym	meiges syndrome	LEXMATCH
MONDO:0019773	myelomeningocele	skos:closeMatch	icd11.foundation:182894151	Myelomeningocele with hydrocephalus	semapv:LexicalMatching	oaklib	0.5	oio:hasRelatedSynonym	oio:hasExactSynonym	meningomyelocele	LEXMATCH
MONDO:0019805	twin to twin transfusion syndrome	skos:closeMatch	icd11.foundation:1088791670	Fetus or newborn affected by placental transfusion syndromes	semapv:LexicalMatching	oaklib	0.5	oio:hasRelatedSynonym	oio:hasExactSynonym	fetal transfusion syndrome	LEXMATCH
MONDO:0019929	49,XXXXY syndrome	skos:closeMatch	icd11.foundation:1172635104	xxxxy syndrome	semapv:LexicalMatching	oaklib	0.5	oio:hasRelatedSynonym	oio:hasExactSynonym	xxxxy syndrome	LEXMATCH
MONDO:0019929	49,XXXXY syndrome	skos:closeMatch	icd11.foundation:1172635104	xxxxy syndrome	semapv:LexicalMatching	oaklib	0.5	oio:hasRelatedSynonym	rdfs:label	xxxxy syndrome	LEXMATCH
MONDO:0019933	acromegaly	skos:closeMatch	icd11.foundation:172628415	Somatotroph adenoma	semapv:LexicalMatching	oaklib	0.5	oio:hasRelatedSynonym	oio:hasExactSynonym	somatotroph adenoma	LEXMATCH
MONDO:0019933	acromegaly	skos:closeMatch	icd11.foundation:172628415	Somatotroph adenoma	semapv:LexicalMatching	oaklib	0.5	oio:hasRelatedSynonym	rdfs:label	somatotroph adenoma	LEXMATCH
MONDO:0019954	pancreatic neuroendocrine tumor	skos:closeMatch	icd11.foundation:1250576948	Other neuroendocrine tumour of pancreas	semapv:LexicalMatching	oaklib	0.5	oio:hasRelatedSynonym	oio:hasBroadSynonym	neuroendocrine tumour of pancreas	LEXMATCH
MONDO:0019954	pancreatic neuroendocrine tumor	skos:closeMatch	icd11.foundation:170957983	Benign neoplasm of endocrine pancreas	semapv:LexicalMatching	oaklib	0.5	oio:hasRelatedSynonym	oio:hasExactSynonym	pancreatic endocrine tumour	LEXMATCH
MONDO:0019963	bronchial endocrine tumor	skos:closeMatch	icd11.foundation:1013574634	Bronchial endocrine tumour	semapv:LexicalMatching	oaklib	0.5	oio:hasRelatedSynonym	oio:hasExactSynonym	bronchial neuroendocrine tumour	LEXMATCH
MONDO:0019990	non-amyloid fibrillary glomerulopathy	skos:closeMatch	icd11.foundation:1060214240	Fibrillary glomerulonephritis	semapv:LexicalMatching	oaklib	0.5	oio:hasRelatedSynonym	oio:hasExactSynonym	fibrillary glomerulonephritis	LEXMATCH
MONDO:0019990	non-amyloid fibrillary glomerulopathy	skos:closeMatch	icd11.foundation:1060214240	Fibrillary glomerulonephritis	semapv:LexicalMatching	oaklib	0.5	oio:hasRelatedSynonym	rdfs:label	fibrillary glomerulonephritis	LEXMATCH
MONDO:0020076	myeloproliferative neoplasm	skos:closeMatch	icd11.foundation:37207998	Myeloproliferative neoplasms	semapv:LexicalMatching	oaklib	0.5	oio:hasRelatedSynonym	oio:hasExactSynonym	myeloproliferative neoplasms	LEXMATCH
MONDO:0020076	myeloproliferative neoplasm	skos:closeMatch	icd11.foundation:37207998	Myeloproliferative neoplasms	semapv:LexicalMatching	oaklib	0.5	oio:hasRelatedSynonym	rdfs:label	myeloproliferative neoplasms	LEXMATCH
MONDO:0020290	familial atrioventricular septal defect	skos:closeMatch	icd11.foundation:1055878726	Congenital anomaly of an atrioventricular valve or atrioventricular septum	semapv:LexicalMatching	oaklib	0.5	oio:hasNarrowSynonym	oio:hasExactSynonym	common atrioventricular canal	LEXMATCH
MONDO:0020290	familial atrioventricular septal defect	skos:closeMatch	icd11.foundation:1069974993	Common atrioventricular junction with atrioventricular septal defect	semapv:LexicalMatching	oaklib	0.5	oio:hasNarrowSynonym	oio:hasExactSynonym	atrioventricular canal defect	LEXMATCH
MONDO:0020290	familial atrioventricular septal defect	skos:closeMatch	icd11.foundation:1069974993	Common atrioventricular junction with atrioventricular septal defect	semapv:LexicalMatching	oaklib	0.5	oio:hasNarrowSynonym	oio:hasExactSynonym	atrioventricular septal defect	LEXMATCH
MONDO:0020479	pituitary gigantism	skos:closeMatch	icd11.foundation:825410563	Acromegaly or pituitary gigantism	semapv:LexicalMatching	oaklib	0.5	oio:hasRelatedSynonym	oio:hasExactSynonym	gigantism	LEXMATCH
MONDO:0020485	King-Denborough syndrome	skos:closeMatch	icd11.foundation:1140335303	King Denborough syndrome	semapv:LexicalMatching	oaklib	0.5	oio:hasRelatedSynonym	oio:hasExactSynonym	king denborough syndrome	LEXMATCH
MONDO:0020485	King-Denborough syndrome	skos:closeMatch	icd11.foundation:1140335303	King Denborough syndrome	semapv:LexicalMatching	oaklib	0.5	oio:hasRelatedSynonym	rdfs:label	king denborough syndrome	LEXMATCH
MONDO:0020686	acute tonsillitis	skos:closeMatch	icd11.foundation:1354689145	Acute adenoiditis	semapv:LexicalMatching	oaklib	0.5	oio:hasNarrowSynonym	oio:hasExactSynonym	acute adenoiditis	LEXMATCH
MONDO:0020686	acute tonsillitis	skos:closeMatch	icd11.foundation:1354689145	Acute adenoiditis	semapv:LexicalMatching	oaklib	0.5	oio:hasNarrowSynonym	rdfs:label	acute adenoiditis	LEXMATCH
MONDO:0020686	acute tonsillitis	skos:closeMatch	icd11.foundation:1752991130	Acute infective tonsillitis	semapv:LexicalMatching	oaklib	0.5	oio:hasRelatedSynonym	oio:hasExactSynonym	infective tonsillitis	LEXMATCH
MONDO:0020689	AIDS dementia complex	skos:closeMatch	icd11.foundation:689638842	Human immunodeficiency virus disease associated with encephalopathy	semapv:LexicalMatching	oaklib	0.5	oio:hasRelatedSynonym	oio:hasExactSynonym	aids encephalopathy	LEXMATCH
MONDO:0020721	X-linked sideroblastic anemia 1	skos:closeMatch	icd11.foundation:808841924	X-linked sideroblastic anaemia, pyridoxine-responsive	semapv:LexicalMatching	oaklib	0.5	oio:hasRelatedSynonym	oio:hasExactSynonym	erythroid type 5-aminolevulinate synthase deficiency	LEXMATCH
MONDO:0020725	anemia due to chronic disorder	skos:closeMatch	icd11.foundation:1981248479	Anaemia due to chronic disease	semapv:LexicalMatching	oaklib	0.5	oio:hasRelatedSynonym	oio:hasExactSynonym	anaemia due to chronic disorder	LEXMATCH
MONDO:0020725	anemia due to chronic disorder	skos:closeMatch	icd11.foundation:1981248479	Anaemia due to chronic disease	semapv:LexicalMatching	oaklib	0.5	oio:hasRelatedSynonym	rdfs:label	anaemia due to chronic disorder	LEXMATCH
MONDO:0020731	arbovirus infection	skos:closeMatch	icd11.foundation:921595235	Certain arthropod-borne viral fevers	semapv:LexicalMatching	oaklib	0.5	oio:hasRelatedSynonym	oio:hasExactSynonym	arboviral disorder	LEXMATCH
MONDO:0020731	arbovirus infection	skos:closeMatch	icd11.foundation:921595235	Certain arthropod-borne viral fevers	semapv:LexicalMatching	oaklib	0.5	oio:hasRelatedSynonym	oio:hasExactSynonym	arthropod-borne viral infection	LEXMATCH
MONDO:0020773	cerebrospinal fluid rhinorrhea	skos:closeMatch	icd11.foundation:1951379921	Cerebrospinal fluid rhinorrhoea	semapv:LexicalMatching	oaklib	0.5	oio:hasRelatedSynonym	oio:hasExactSynonym	cerebrospinal fluid rhinorrhoea	LEXMATCH
MONDO:0020773	cerebrospinal fluid rhinorrhea	skos:closeMatch	icd11.foundation:1951379921	Cerebrospinal fluid rhinorrhoea	semapv:LexicalMatching	oaklib	0.5	oio:hasRelatedSynonym	rdfs:label	cerebrospinal fluid rhinorrhoea	LEXMATCH
MONDO:0020797	decompression sickness	skos:closeMatch	icd11.foundation:1715779703	Caisson disease	semapv:LexicalMatching	oaklib	0.5	oio:hasRelatedSynonym	oio:hasExactSynonym	bends	LEXMATCH
MONDO:0020797	decompression sickness	skos:closeMatch	icd11.foundation:1715779703	Caisson disease	semapv:LexicalMatching	oaklib	0.5	oio:hasRelatedSynonym	oio:hasExactSynonym	caisson disorder	LEXMATCH
MONDO:0020797	decompression sickness	skos:closeMatch	icd11.foundation:1715779703	Caisson disease	semapv:LexicalMatching	oaklib	0.5	oio:hasRelatedSynonym	oio:hasExactSynonym	compressed-air disorder	LEXMATCH
MONDO:0020797	decompression sickness	skos:closeMatch	icd11.foundation:1715779703	Caisson disease	semapv:LexicalMatching	oaklib	0.5	oio:hasRelatedSynonym	oio:hasExactSynonym	rapture of the deep syndrome	LEXMATCH
MONDO:0020797	decompression sickness	skos:closeMatch	icd11.foundation:1715779703	Caisson disease	semapv:LexicalMatching	oaklib	0.5	oio:hasRelatedSynonym	rdfs:label	caisson disorder	LEXMATCH
MONDO:0020815	dentigerous cyst	skos:closeMatch	icd11.foundation:149916389	Dentigerous odontogenic cyst	semapv:LexicalMatching	oaklib	0.5	oio:hasRelatedSynonym	oio:hasExactSynonym	dentigerous odontogenic cyst	LEXMATCH
MONDO:0020815	dentigerous cyst	skos:closeMatch	icd11.foundation:149916389	Dentigerous odontogenic cyst	semapv:LexicalMatching	oaklib	0.5	oio:hasRelatedSynonym	rdfs:label	dentigerous odontogenic cyst	LEXMATCH
MONDO:0020815	dentigerous cyst	skos:closeMatch	icd11.foundation:2088175400	Dentigerous cyst of jaw	semapv:LexicalMatching	oaklib	0.5	oio:hasRelatedSynonym	oio:hasExactSynonym	dentigerous cyst of jaw	LEXMATCH
MONDO:0020815	dentigerous cyst	skos:closeMatch	icd11.foundation:2088175400	Dentigerous cyst of jaw	semapv:LexicalMatching	oaklib	0.5	oio:hasRelatedSynonym	rdfs:label	dentigerous cyst of jaw	LEXMATCH
MONDO:0020818	secondary dentine	skos:closeMatch	icd11.foundation:1459028370	Abnormal hard tissue formation in pulp	semapv:LexicalMatching	oaklib	0.5	oio:hasRelatedSynonym	oio:hasExactSynonym	irregular dentin	LEXMATCH
MONDO:0020818	secondary dentine	skos:closeMatch	icd11.foundation:1459028370	Abnormal hard tissue formation in pulp	semapv:LexicalMatching	oaklib	0.5	oio:hasRelatedSynonym	oio:hasExactSynonym	irregular dentine	LEXMATCH
MONDO:0020818	secondary dentine	skos:closeMatch	icd11.foundation:1459028370	Abnormal hard tissue formation in pulp	semapv:LexicalMatching	oaklib	0.5	oio:hasRelatedSynonym	oio:hasExactSynonym	reparative dentine	LEXMATCH
MONDO:0020818	secondary dentine	skos:closeMatch	icd11.foundation:1459028370	Abnormal hard tissue formation in pulp	semapv:LexicalMatching	oaklib	0.5	oio:hasRelatedSynonym	oio:hasExactSynonym	sclerotic dentine	LEXMATCH
MONDO:0020818	secondary dentine	skos:closeMatch	icd11.foundation:1459028370	Abnormal hard tissue formation in pulp	semapv:LexicalMatching	oaklib	0.5	oio:hasRelatedSynonym	oio:hasExactSynonym	secondary dentin	LEXMATCH
MONDO:0020818	secondary dentine	skos:closeMatch	icd11.foundation:1459028370	Abnormal hard tissue formation in pulp	semapv:LexicalMatching	oaklib	0.5	oio:hasRelatedSynonym	oio:hasExactSynonym	tertiary dentine	LEXMATCH
MONDO:0020860	faucial diphtheria	skos:closeMatch	icd11.foundation:1347332965	Pharyngeal or tonsillar diphtheria	semapv:LexicalMatching	oaklib	0.5	oio:hasRelatedSynonym	oio:hasExactSynonym	diphtheritic membrane	LEXMATCH
MONDO:0020860	faucial diphtheria	skos:closeMatch	icd11.foundation:1347332965	Pharyngeal or tonsillar diphtheria	semapv:LexicalMatching	oaklib	0.5	oio:hasRelatedSynonym	oio:hasExactSynonym	diphtheritic membranous angina	LEXMATCH
MONDO:0020959	Mansonella ozzardi infection	skos:closeMatch	icd11.foundation:611851027	Mansonelliasis due to Mansonella ozzardi	semapv:LexicalMatching	oaklib	0.5	oio:hasRelatedSynonym	oio:hasExactSynonym	filariasis ozzardi	LEXMATCH
MONDO:0020959	Mansonella ozzardi infection	skos:closeMatch	icd11.foundation:611851027	Mansonelliasis due to Mansonella ozzardi	semapv:LexicalMatching	oaklib	0.5	oio:hasRelatedSynonym	oio:hasExactSynonym	ozzardian filariasis	LEXMATCH
MONDO:0020983	myocardial rupture	skos:closeMatch	icd11.foundation:2016376826	Acute myocardial infarction, without specification of ST elevation	semapv:LexicalMatching	oaklib	0.5	oio:hasRelatedSynonym	oio:hasExactSynonym	cardiac rupture	LEXMATCH
MONDO:0020983	myocardial rupture	skos:closeMatch	icd11.foundation:2016376826	Acute myocardial infarction, without specification of ST elevation	semapv:LexicalMatching	oaklib	0.5	oio:hasRelatedSynonym	oio:hasExactSynonym	rupture of heart	LEXMATCH
MONDO:0021005	faciodigitogenital syndrome	skos:closeMatch	icd11.foundation:2104999247	Aarskog-Scott syndrome	semapv:LexicalMatching	oaklib	0.5	oio:hasNarrowSynonym	oio:hasExactSynonym	aarskog syndrome	LEXMATCH
MONDO:0021005	faciodigitogenital syndrome	skos:closeMatch	icd11.foundation:2104999247	Aarskog-Scott syndrome	semapv:LexicalMatching	oaklib	0.5	oio:hasNarrowSynonym	oio:hasExactSynonym	aarskog-scott syndrome	LEXMATCH
MONDO:0021005	faciodigitogenital syndrome	skos:closeMatch	icd11.foundation:2104999247	Aarskog-Scott syndrome	semapv:LexicalMatching	oaklib	0.5	oio:hasNarrowSynonym	rdfs:label	aarskog-scott syndrome	LEXMATCH
MONDO:0021113	respiratory failure	skos:closeMatch	icd11.foundation:1365268441	Chronic respiratory failure	semapv:LexicalMatching	oaklib	0.5	oio:hasNarrowSynonym	oio:hasExactSynonym	chronic respiratory failure	LEXMATCH
MONDO:0021113	respiratory failure	skos:closeMatch	icd11.foundation:1365268441	Chronic respiratory failure	semapv:LexicalMatching	oaklib	0.5	oio:hasNarrowSynonym	rdfs:label	chronic respiratory failure	LEXMATCH
MONDO:0021129	microphthalmia	skos:closeMatch	icd11.foundation:1128763611	Nanophthalmos	semapv:LexicalMatching	oaklib	0.5	oio:hasNarrowSynonym	oio:hasExactSynonym	nanophthalmos	LEXMATCH
MONDO:0021129	microphthalmia	skos:closeMatch	icd11.foundation:1128763611	Nanophthalmos	semapv:LexicalMatching	oaklib	0.5	oio:hasNarrowSynonym	rdfs:label	nanophthalmos	LEXMATCH
MONDO:0021129	microphthalmia	skos:closeMatch	icd11.foundation:1342802999	Microphthalmos	semapv:LexicalMatching	oaklib	0.5	oio:hasNarrowSynonym	oio:hasExactSynonym	microphthalmos	LEXMATCH
MONDO:0021129	microphthalmia	skos:closeMatch	icd11.foundation:1342802999	Microphthalmos	semapv:LexicalMatching	oaklib	0.5	oio:hasNarrowSynonym	rdfs:label	microphthalmos	LEXMATCH
MONDO:0021187	hyperlipidemia	skos:closeMatch	icd11.foundation:2023062398	Hyperlipoproteinaemia	semapv:LexicalMatching	oaklib	0.5	oio:hasRelatedSynonym	oio:hasExactSynonym	hyperlipemia	LEXMATCH
MONDO:0021187	hyperlipidemia	skos:closeMatch	icd11.foundation:2023062398	Hyperlipoproteinaemia	semapv:LexicalMatching	oaklib	0.5	oio:hasRelatedSynonym	oio:hasExactSynonym	lipemia	LEXMATCH
MONDO:0021681	sexually transmitted disease	skos:closeMatch	icd11.foundation:1904876434	Predominantly sexually transmitted infections	semapv:LexicalMatching	oaklib	0.5	oio:hasRelatedSynonym	oio:hasExactSynonym	venereal disorder	LEXMATCH
MONDO:0021718	polyneuritis	skos:closeMatch	icd11.foundation:1719029386	Inflammatory polyneuropathy	semapv:LexicalMatching	oaklib	0.5	oio:hasRelatedSynonym	oio:hasExactSynonym	inflammatory polyneuropathy	LEXMATCH
MONDO:0021718	polyneuritis	skos:closeMatch	icd11.foundation:1719029386	Inflammatory polyneuropathy	semapv:LexicalMatching	oaklib	0.5	oio:hasRelatedSynonym	rdfs:label	inflammatory polyneuropathy	LEXMATCH
MONDO:0021727	aberrant subclavian artery	skos:closeMatch	icd11.foundation:1980670431	Aberrant origin of left subclavian artery	semapv:LexicalMatching	oaklib	0.5	oio:hasNarrowSynonym	oio:hasExactSynonym	aberrant left subclavian artery	LEXMATCH
MONDO:0021746	pyelocystitis	skos:closeMatch	icd11.foundation:1502033208	Cystopyelitis	semapv:LexicalMatching	oaklib	0.5	oio:hasRelatedSynonym	oio:hasExactSynonym	cystopyelitis	LEXMATCH
MONDO:0021746	pyelocystitis	skos:closeMatch	icd11.foundation:1502033208	Cystopyelitis	semapv:LexicalMatching	oaklib	0.5	oio:hasRelatedSynonym	rdfs:label	cystopyelitis	LEXMATCH
MONDO:0021758	acquired agranulocytosis	skos:closeMatch	icd11.foundation:745700723	Agranulocytic angina	semapv:LexicalMatching	oaklib	0.5	oio:hasRelatedSynonym	oio:hasExactSynonym	agranulocytic angina	LEXMATCH
MONDO:0021758	acquired agranulocytosis	skos:closeMatch	icd11.foundation:745700723	Agranulocytic angina	semapv:LexicalMatching	oaklib	0.5	oio:hasRelatedSynonym	rdfs:label	agranulocytic angina	LEXMATCH
MONDO:0021759	acquired fructose intolerance	skos:closeMatch	icd11.foundation:1392260268	Fructose malabsorption	semapv:LexicalMatching	oaklib	0.5	oio:hasRelatedSynonym	oio:hasExactSynonym	fructose malabsorption	LEXMATCH
MONDO:0021759	acquired fructose intolerance	skos:closeMatch	icd11.foundation:1392260268	Fructose malabsorption	semapv:LexicalMatching	oaklib	0.5	oio:hasRelatedSynonym	rdfs:label	fructose malabsorption	LEXMATCH
MONDO:0021777	acute rheumatic heart disease	skos:closeMatch	icd11.foundation:1319454762	Acute rheumatic carditis	semapv:LexicalMatching	oaklib	0.5	oio:hasRelatedSynonym	oio:hasExactSynonym	acute rheumatic carditis	LEXMATCH
MONDO:0021777	acute rheumatic heart disease	skos:closeMatch	icd11.foundation:1319454762	Acute rheumatic carditis	semapv:LexicalMatching	oaklib	0.5	oio:hasRelatedSynonym	rdfs:label	acute rheumatic carditis	LEXMATCH
MONDO:0021783	streptococcal sore throat	skos:closeMatch	icd11.foundation:1642172022	Streptococcal pharyngitis	semapv:LexicalMatching	oaklib	0.5	oio:hasRelatedSynonym	oio:hasExactSynonym	septic sore throat	LEXMATCH
MONDO:0021783	streptococcal sore throat	skos:closeMatch	icd11.foundation:1642172022	Streptococcal pharyngitis	semapv:LexicalMatching	oaklib	0.5	oio:hasRelatedSynonym	oio:hasExactSynonym	strep throat	LEXMATCH
MONDO:0021783	streptococcal sore throat	skos:closeMatch	icd11.foundation:1642172022	Streptococcal pharyngitis	semapv:LexicalMatching	oaklib	0.5	oio:hasRelatedSynonym	oio:hasExactSynonym	streptococcal angina	LEXMATCH
MONDO:0021783	streptococcal sore throat	skos:closeMatch	icd11.foundation:1642172022	Streptococcal pharyngitis	semapv:LexicalMatching	oaklib	0.5	oio:hasRelatedSynonym	oio:hasExactSynonym	streptococcal pharyngitis	LEXMATCH
MONDO:0021783	streptococcal sore throat	skos:closeMatch	icd11.foundation:1642172022	Streptococcal pharyngitis	semapv:LexicalMatching	oaklib	0.5	oio:hasRelatedSynonym	rdfs:label	streptococcal pharyngitis	LEXMATCH
MONDO:0021811	acute mountain sickness	skos:closeMatch	icd11.foundation:342341573	Monge disease	semapv:LexicalMatching	oaklib	0.5	oio:hasRelatedSynonym	oio:hasExactSynonym	mountain sickness	LEXMATCH
MONDO:0021839	spirochaetales infections	skos:closeMatch	icd11.foundation:1998718899	Other spirochaetal diseases	semapv:LexicalMatching	oaklib	0.5	oio:hasRelatedSynonym	oio:hasExactSynonym	spirochetosis	LEXMATCH
MONDO:0021895	temporomandibular joint dysfunction syndrome	skos:closeMatch	icd11.foundation:155873096	Costen complex	semapv:LexicalMatching	oaklib	0.5	oio:hasRelatedSynonym	oio:hasExactSynonym	costen syndrome	LEXMATCH
MONDO:0021895	temporomandibular joint dysfunction syndrome	skos:closeMatch	icd11.foundation:538990333	Snapping jaw	semapv:LexicalMatching	oaklib	0.5	oio:hasRelatedSynonym	oio:hasExactSynonym	snapping jaw	LEXMATCH
MONDO:0021895	temporomandibular joint dysfunction syndrome	skos:closeMatch	icd11.foundation:538990333	Snapping jaw	semapv:LexicalMatching	oaklib	0.5	oio:hasRelatedSynonym	rdfs:label	snapping jaw	LEXMATCH
MONDO:0021895	temporomandibular joint dysfunction syndrome	skos:closeMatch	icd11.foundation:897101649	Temporomandibular joint disorders	semapv:LexicalMatching	oaklib	0.5	oio:hasRelatedSynonym	oio:hasExactSynonym	temporomandibular joint syndrome	LEXMATCH
MONDO:0021895	temporomandibular joint dysfunction syndrome	skos:closeMatch	icd11.foundation:897101649	Temporomandibular joint disorders	semapv:LexicalMatching	oaklib	0.5	oio:hasRelatedSynonym	oio:hasExactSynonym	temporomandibular joint-pain-dysfunction syndrome	LEXMATCH
MONDO:0021929	traumatic myositis ossificans	skos:closeMatch	icd11.foundation:403909973	Myositis ossificans traumatica	semapv:LexicalMatching	oaklib	0.5	oio:hasRelatedSynonym	oio:hasExactSynonym	myositis ossificans traumatica	LEXMATCH
MONDO:0021929	traumatic myositis ossificans	skos:closeMatch	icd11.foundation:403909973	Myositis ossificans traumatica	semapv:LexicalMatching	oaklib	0.5	oio:hasRelatedSynonym	rdfs:label	myositis ossificans traumatica	LEXMATCH
MONDO:0021932	infection by Trypanosoma gambiense	skos:closeMatch	icd11.foundation:1671640403	Gambiense trypanosomiasis	semapv:LexicalMatching	oaklib	0.5	oio:hasRelatedSynonym	oio:hasExactSynonym	chronic sleeping sickness	LEXMATCH
MONDO:0021932	infection by Trypanosoma gambiense	skos:closeMatch	icd11.foundation:1671640403	Gambiense trypanosomiasis	semapv:LexicalMatching	oaklib	0.5	oio:hasRelatedSynonym	oio:hasExactSynonym	gambian sleeping sickness	LEXMATCH
MONDO:0021932	infection by Trypanosoma gambiense	skos:closeMatch	icd11.foundation:1671640403	Gambiense trypanosomiasis	semapv:LexicalMatching	oaklib	0.5	oio:hasRelatedSynonym	oio:hasExactSynonym	gambian trypanosomiasis	LEXMATCH
MONDO:0022007	water intoxication	skos:closeMatch	icd11.foundation:1002499710	Fluid overload	semapv:LexicalMatching	oaklib	0.5	oio:hasRelatedSynonym	oio:hasExactSynonym	water intoxication syndrome	LEXMATCH
MONDO:0022208	crystal arthropathy	skos:closeMatch	icd11.foundation:1927248583	Certain specified crystal arthropathies	semapv:LexicalMatching	oaklib	0.5	oio:hasRelatedSynonym	oio:hasExactSynonym	crystal arthritis	LEXMATCH
MONDO:0022208	crystal arthropathy	skos:closeMatch	icd11.foundation:1927248583	Certain specified crystal arthropathies	semapv:LexicalMatching	oaklib	0.5	oio:hasRelatedSynonym	oio:hasExactSynonym	crystal arthropathies	LEXMATCH
MONDO:0022208	crystal arthropathy	skos:closeMatch	icd11.foundation:1927248583	Certain specified crystal arthropathies	semapv:LexicalMatching	oaklib	0.5	oio:hasRelatedSynonym	oio:hasExactSynonym	crystal-related arthropathy and periarthropathy	LEXMATCH
MONDO:0022208	crystal arthropathy	skos:closeMatch	icd11.foundation:1927248583	Certain specified crystal arthropathies	semapv:LexicalMatching	oaklib	0.5	oio:hasRelatedSynonym	oio:hasExactSynonym	crystalline arthritis	LEXMATCH
MONDO:0022220	Parinaud syndrome	skos:closeMatch	icd11.foundation:1081771092	Dorsal midbrain syndrome	semapv:LexicalMatching	oaklib	0.5	oio:hasRelatedSynonym	oio:hasExactSynonym	dorsal midbrain syndrome	LEXMATCH
MONDO:0022220	Parinaud syndrome	skos:closeMatch	icd11.foundation:1081771092	Dorsal midbrain syndrome	semapv:LexicalMatching	oaklib	0.5	oio:hasRelatedSynonym	rdfs:label	dorsal midbrain syndrome	LEXMATCH
MONDO:0022220	Parinaud syndrome	skos:closeMatch	icd11.foundation:1196081083	Parinaud ophthalmoplegia	semapv:LexicalMatching	oaklib	0.5	oio:hasRelatedSynonym	oio:hasExactSynonym	paralysis of vertical movement	LEXMATCH
MONDO:0022509	asternia	skos:closeMatch	icd11.foundation:1290662246	Congenital absence of sternum	semapv:LexicalMatching	oaklib	0.5	oio:hasRelatedSynonym	oio:hasExactSynonym	absent sternum	LEXMATCH
MONDO:0022568	bidirectional tachycardia	skos:closeMatch	icd11.foundation:1807163817	Bidirectional ventricular tachycardia	semapv:LexicalMatching	oaklib	0.5	oio:hasRelatedSynonym	oio:hasExactSynonym	bidirectional ventricular tachycardia	LEXMATCH
MONDO:0022568	bidirectional tachycardia	skos:closeMatch	icd11.foundation:1807163817	Bidirectional ventricular tachycardia	semapv:LexicalMatching	oaklib	0.5	oio:hasRelatedSynonym	rdfs:label	bidirectional ventricular tachycardia	LEXMATCH
MONDO:0022699	cerebral palsy spastic hemiplegic	skos:closeMatch	icd11.foundation:1429906313	Spastic unilateral cerebral palsy	semapv:LexicalMatching	oaklib	0.5	oio:hasRelatedSynonym	oio:hasExactSynonym	spastic hemiplegic cerebral palsy	LEXMATCH
MONDO:0022790	cleft tongue	skos:closeMatch	icd11.foundation:340312243	Bifid tongue	semapv:LexicalMatching	oaklib	0.5	oio:hasRelatedSynonym	oio:hasExactSynonym	bifid tongue	LEXMATCH
MONDO:0022790	cleft tongue	skos:closeMatch	icd11.foundation:340312243	Bifid tongue	semapv:LexicalMatching	oaklib	0.5	oio:hasRelatedSynonym	rdfs:label	bifid tongue	LEXMATCH
MONDO:0023054	klumpke's paralysis	skos:closeMatch	icd11.foundation:1721279469	Klumpke paralysis	semapv:LexicalMatching	oaklib	0.5	oio:hasRelatedSynonym	oio:hasExactSynonym	klumpke paralysis	LEXMATCH
MONDO:0023054	klumpke's paralysis	skos:closeMatch	icd11.foundation:1721279469	Klumpke paralysis	semapv:LexicalMatching	oaklib	0.5	oio:hasRelatedSynonym	rdfs:label	klumpke paralysis	LEXMATCH
MONDO:0023073	eosinophilic cryptitis	skos:closeMatch	icd11.foundation:372726472	Eosinophilic cystitis	semapv:LexicalMatching	oaklib	0.5	oio:hasRelatedSynonym	oio:hasExactSynonym	eosinophilic cystitis	LEXMATCH
MONDO:0023073	eosinophilic cryptitis	skos:closeMatch	icd11.foundation:372726472	Eosinophilic cystitis	semapv:LexicalMatching	oaklib	0.5	oio:hasRelatedSynonym	rdfs:label	eosinophilic cystitis	LEXMATCH
MONDO:0023076	eosinophilic pustular folliculitis	skos:closeMatch	icd11.foundation:37913323	Classical adult eosinophilic pustular folliculitis	semapv:LexicalMatching	oaklib	0.5	oio:hasRelatedSynonym	oio:hasExactSynonym	ofuji disorder	LEXMATCH
MONDO:0023093	exertional headache	skos:closeMatch	icd11.foundation:705929471	Primary headache associated with sexual activity	semapv:LexicalMatching	oaklib	0.5	oio:hasRelatedSynonym	oio:hasExactSynonym	primary headache associated with sexual activity	LEXMATCH
MONDO:0023093	exertional headache	skos:closeMatch	icd11.foundation:705929471	Primary headache associated with sexual activity	semapv:LexicalMatching	oaklib	0.5	oio:hasRelatedSynonym	rdfs:label	primary headache associated with sexual activity	LEXMATCH
MONDO:0023209	galactorrhoea-hyperprolactinaemia	skos:closeMatch	icd11.foundation:1417218455	Hyperprolactinaemia	semapv:LexicalMatching	oaklib	0.5	oio:hasRelatedSynonym	oio:hasExactSynonym	hyperprolactinaemia	LEXMATCH
MONDO:0023209	galactorrhoea-hyperprolactinaemia	skos:closeMatch	icd11.foundation:1417218455	Hyperprolactinaemia	semapv:LexicalMatching	oaklib	0.5	oio:hasRelatedSynonym	rdfs:label	hyperprolactinaemia	LEXMATCH
MONDO:0023415	congenital candidiasis	skos:closeMatch	icd11.foundation:1080592090	Neonatal candidosis	semapv:LexicalMatching	oaklib	0.5	oio:hasRelatedSynonym	oio:hasExactSynonym	congenital candidosis	LEXMATCH
MONDO:0023557	infective vaginitis	skos:closeMatch	icd11.foundation:885167515	Vaginal infection	semapv:LexicalMatching	oaklib	0.5	oio:hasRelatedSynonym	oio:hasExactSynonym	vaginal infection	LEXMATCH
MONDO:0023557	infective vaginitis	skos:closeMatch	icd11.foundation:885167515	Vaginal infection	semapv:LexicalMatching	oaklib	0.5	oio:hasRelatedSynonym	rdfs:label	vaginal infection	LEXMATCH
MONDO:0024245	ductal eccrine adenocarcinoma	skos:closeMatch	icd11.foundation:197437886	Apocrine carcinoma	semapv:LexicalMatching	oaklib	0.5	oio:hasRelatedSynonym	oio:hasExactSynonym	hidradenocarcinoma	LEXMATCH
MONDO:0024249	pityriasis lichenoides	skos:closeMatch	icd11.foundation:1545407981	Pityriasis lichenoides et varioliformis acuta	semapv:LexicalMatching	oaklib	0.5	oio:hasRelatedSynonym	oio:hasExactSynonym	pityriasis lichenoides et varioliformis acuta	LEXMATCH
MONDO:0024249	pityriasis lichenoides	skos:closeMatch	icd11.foundation:1545407981	Pityriasis lichenoides et varioliformis acuta	semapv:LexicalMatching	oaklib	0.5	oio:hasRelatedSynonym	rdfs:label	pityriasis lichenoides et varioliformis acuta	LEXMATCH
MONDO:0024249	pityriasis lichenoides	skos:closeMatch	icd11.foundation:961986681	Pityriasis lichenoides chronica	semapv:LexicalMatching	oaklib	0.5	oio:hasRelatedSynonym	oio:hasExactSynonym	pityriasis lichenoides chronica	LEXMATCH
MONDO:0024249	pityriasis lichenoides	skos:closeMatch	icd11.foundation:961986681	Pityriasis lichenoides chronica	semapv:LexicalMatching	oaklib	0.5	oio:hasRelatedSynonym	rdfs:label	pityriasis lichenoides chronica	LEXMATCH
MONDO:0024250	acute lichenoid pityriasis	skos:closeMatch	icd11.foundation:1545407981	Pityriasis lichenoides et varioliformis acuta	semapv:LexicalMatching	oaklib	0.5	oio:hasRelatedSynonym	oio:hasExactSynonym	mucha-habermann disorder	LEXMATCH
MONDO:0024275	amebic dysentery	skos:closeMatch	icd11.foundation:1616956984	Acute amoebiasis	semapv:LexicalMatching	oaklib	0.5	oio:hasRelatedSynonym	oio:hasExactSynonym	amoebic dysentery	LEXMATCH
MONDO:0024298	vitamin deficiency disorder	skos:closeMatch	icd11.foundation:1927722434	Vitamin deficiencies	semapv:LexicalMatching	oaklib	0.5	oio:hasRelatedSynonym	oio:hasExactSynonym	vitamin deficiencies	LEXMATCH
MONDO:0024298	vitamin deficiency disorder	skos:closeMatch	icd11.foundation:1927722434	Vitamin deficiencies	semapv:LexicalMatching	oaklib	0.5	oio:hasRelatedSynonym	rdfs:label	vitamin deficiencies	LEXMATCH
MONDO:0024422	auditory perceptual disorders	skos:closeMatch	icd11.foundation:506453454	Auditory processing disorder	semapv:LexicalMatching	oaklib	0.5	oio:hasNarrowSynonym	oio:hasExactSynonym	auditory processing disorder	LEXMATCH
MONDO:0024422	auditory perceptual disorders	skos:closeMatch	icd11.foundation:506453454	Auditory processing disorder	semapv:LexicalMatching	oaklib	0.5	oio:hasNarrowSynonym	rdfs:label	auditory processing disorder	LEXMATCH
MONDO:0024664	hypertension, pregnancy-induced	skos:closeMatch	icd11.foundation:2118553363	Gestational hypertension	semapv:LexicalMatching	oaklib	0.5	oio:hasRelatedSynonym	oio:hasExactSynonym	gestational hypertension	LEXMATCH
MONDO:0024664	hypertension, pregnancy-induced	skos:closeMatch	icd11.foundation:2118553363	Gestational hypertension	semapv:LexicalMatching	oaklib	0.5	oio:hasRelatedSynonym	rdfs:label	gestational hypertension	LEXMATCH
MONDO:0024674	Pancoast syndrome	skos:closeMatch	icd11.foundation:425844952	Pancoast tumour	semapv:LexicalMatching	oaklib	0.5	oio:hasRelatedSynonym	oio:hasExactSynonym	pancoast tumour	LEXMATCH
MONDO:0024674	Pancoast syndrome	skos:closeMatch	icd11.foundation:425844952	Pancoast tumour	semapv:LexicalMatching	oaklib	0.5	oio:hasRelatedSynonym	rdfs:label	pancoast tumour	LEXMATCH
MONDO:0025371	Parvoviridae infectious disease	skos:closeMatch	icd11.foundation:1781385141	Parvovirus infection of unspecified site	semapv:LexicalMatching	oaklib	0.5	oio:hasRelatedSynonym	oio:hasExactSynonym	parvovirus infection	LEXMATCH
MONDO:0025419	furunculosis, fish	skos:closeMatch	icd11.foundation:1081137172	Furuncle	semapv:LexicalMatching	oaklib	0.5	oio:hasRelatedSynonym	oio:hasExactSynonym	furuncle	LEXMATCH
MONDO:0025419	furunculosis, fish	skos:closeMatch	icd11.foundation:1081137172	Furuncle	semapv:LexicalMatching	oaklib	0.5	oio:hasRelatedSynonym	rdfs:label	furuncle	LEXMATCH
MONDO:0025431	keratoconjunctivitis, infectious	skos:closeMatch	icd11.foundation:612255284	Keratoconjunctivitis due to adenovirus	semapv:LexicalMatching	oaklib	0.5	oio:hasRelatedSynonym	oio:hasExactSynonym	infectious keratoconjunctivitis	LEXMATCH
MONDO:0031213	restrictive dermopathy	skos:closeMatch	icd11.foundation:713433700	Lethal restrictive dermopathy	semapv:LexicalMatching	oaklib	0.5	oio:hasNarrowSynonym	oio:hasExactSynonym	hyperkeratosis-contracture syndrome	LEXMATCH
MONDO:0037251	congestive splenomegaly	skos:closeMatch	icd11.foundation:157703821	Idiopathic portal hypertension	semapv:LexicalMatching	oaklib	0.5	oio:hasRelatedSynonym	oio:hasExactSynonym	idiopathic portal hypertension	LEXMATCH
MONDO:0037251	congestive splenomegaly	skos:closeMatch	icd11.foundation:157703821	Idiopathic portal hypertension	semapv:LexicalMatching	oaklib	0.5	oio:hasRelatedSynonym	rdfs:label	idiopathic portal hypertension	LEXMATCH
MONDO:0037251	congestive splenomegaly	skos:closeMatch	icd11.foundation:801049792	Banti syndrome	semapv:LexicalMatching	oaklib	0.5	oio:hasRelatedSynonym	oio:hasExactSynonym	fibrocongestive splenomegaly	LEXMATCH
MONDO:0037872	bordetellosis	skos:closeMatch	icd11.foundation:2064398473	Whooping cough	semapv:LexicalMatching	oaklib	0.5	oio:hasRelatedSynonym	oio:hasExactSynonym	bordetella infection	LEXMATCH
MONDO:0041403	toxic amblyopia	skos:closeMatch	icd11.foundation:1025146095	Nutritional optic neuropathy	semapv:LexicalMatching	oaklib	0.5	oio:hasNarrowSynonym	oio:hasExactSynonym	nutritional optic neuropathy	LEXMATCH
MONDO:0041403	toxic amblyopia	skos:closeMatch	icd11.foundation:1025146095	Nutritional optic neuropathy	semapv:LexicalMatching	oaklib	0.5	oio:hasNarrowSynonym	rdfs:label	nutritional optic neuropathy	LEXMATCH
MONDO:0041403	toxic amblyopia	skos:closeMatch	icd11.foundation:558276886	Tobacco amblyopia	semapv:LexicalMatching	oaklib	0.5	oio:hasNarrowSynonym	oio:hasExactSynonym	tobacco amblyopia	LEXMATCH
MONDO:0041403	toxic amblyopia	skos:closeMatch	icd11.foundation:558276886	Tobacco amblyopia	semapv:LexicalMatching	oaklib	0.5	oio:hasNarrowSynonym	rdfs:label	tobacco amblyopia	LEXMATCH
MONDO:0041526	pregnancy disorder with abortive outcome	skos:closeMatch	icd11.foundation:877352786	Abortive outcome of pregnancy	semapv:LexicalMatching	oaklib	0.5	oio:hasRelatedSynonym	oio:hasExactSynonym	pregnancy with abortive outcome	LEXMATCH
MONDO:0042488	Cestode infectious disease	skos:closeMatch	icd11.foundation:497405925	Dipylidiasis	semapv:LexicalMatching	oaklib	0.5	oio:hasRelatedSynonym	oio:hasExactSynonym	dipylidiasis	LEXMATCH
MONDO:0042488	Cestode infectious disease	skos:closeMatch	icd11.foundation:497405925	Dipylidiasis	semapv:LexicalMatching	oaklib	0.5	oio:hasRelatedSynonym	rdfs:label	dipylidiasis	LEXMATCH
MONDO:0042488	Cestode infectious disease	skos:closeMatch	icd11.foundation:692853108	Bertielliasis	semapv:LexicalMatching	oaklib	0.5	oio:hasRelatedSynonym	oio:hasExactSynonym	bertielliasis	LEXMATCH
MONDO:0042488	Cestode infectious disease	skos:closeMatch	icd11.foundation:692853108	Bertielliasis	semapv:LexicalMatching	oaklib	0.5	oio:hasRelatedSynonym	rdfs:label	bertielliasis	LEXMATCH
MONDO:0042488	Cestode infectious disease	skos:closeMatch	icd11.foundation:958476468	Raillietiniasis	semapv:LexicalMatching	oaklib	0.5	oio:hasRelatedSynonym	oio:hasExactSynonym	raillietiniasis	LEXMATCH
MONDO:0042488	Cestode infectious disease	skos:closeMatch	icd11.foundation:958476468	Raillietiniasis	semapv:LexicalMatching	oaklib	0.5	oio:hasRelatedSynonym	rdfs:label	raillietiniasis	LEXMATCH
MONDO:0042963	wandering spleen	skos:closeMatch	icd11.foundation:1822281676	Ectopic spleen	semapv:LexicalMatching	oaklib	0.5	oio:hasRelatedSynonym	oio:hasExactSynonym	floating spleen	LEXMATCH
MONDO:0042963	wandering spleen	skos:closeMatch	icd11.foundation:1824073119	Prolapsed spleen	semapv:LexicalMatching	oaklib	0.5	oio:hasRelatedSynonym	oio:hasExactSynonym	splenoptosis	LEXMATCH
MONDO:0042970	disorder of glutamate decarboxylase	skos:closeMatch	icd11.foundation:1952154349	Pyridoxine dependent epilepsy with antiquitin mutations	semapv:LexicalMatching	oaklib	0.5	oio:hasRelatedSynonym	oio:hasExactSynonym	glutamate decarboxylase deficiency	LEXMATCH
MONDO:0042981	aortic valve stenosis	skos:closeMatch	icd11.foundation:145623962	Rheumatic aortic valve stenosis	semapv:LexicalMatching	oaklib	0.5	oio:hasNarrowSynonym	oio:hasExactSynonym	rheumatic aortic valve stenosis	LEXMATCH
MONDO:0042981	aortic valve stenosis	skos:closeMatch	icd11.foundation:145623962	Rheumatic aortic valve stenosis	semapv:LexicalMatching	oaklib	0.5	oio:hasNarrowSynonym	rdfs:label	rheumatic aortic valve stenosis	LEXMATCH
MONDO:0042983	neurocutaneous syndrome	skos:closeMatch	icd11.foundation:1427672516	Phakomatoses or hamartoneoplastic syndromes	semapv:LexicalMatching	oaklib	0.5	oio:hasRelatedSynonym	oio:hasExactSynonym	phakomatosis	LEXMATCH
MONDO:0043193	richieri-costa guion-almeida cohen syndrome	skos:closeMatch	icd11.foundation:1321731016	Overgrowth - craniosynostosis - arthrogryposis	semapv:LexicalMatching	oaklib	0.5	oio:hasRelatedSynonym	oio:hasExactSynonym	overgrowth - craniosynostosis - arthrogryposis	LEXMATCH
MONDO:0043193	richieri-costa guion-almeida cohen syndrome	skos:closeMatch	icd11.foundation:1321731016	Overgrowth - craniosynostosis - arthrogryposis	semapv:LexicalMatching	oaklib	0.5	oio:hasRelatedSynonym	rdfs:label	overgrowth - craniosynostosis - arthrogryposis	LEXMATCH
MONDO:0043224	multi-infarct dementia	skos:closeMatch	icd11.foundation:10967364	Binswanger disease	semapv:LexicalMatching	oaklib	0.5	oio:hasRelatedSynonym	oio:hasExactSynonym	binswanger disorder	LEXMATCH
MONDO:0043224	multi-infarct dementia	skos:closeMatch	icd11.foundation:10967364	Binswanger disease	semapv:LexicalMatching	oaklib	0.5	oio:hasRelatedSynonym	oio:hasExactSynonym	binswangers disorder	LEXMATCH
MONDO:0043224	multi-infarct dementia	skos:closeMatch	icd11.foundation:10967364	Binswanger disease	semapv:LexicalMatching	oaklib	0.5	oio:hasRelatedSynonym	rdfs:label	binswanger disorder	LEXMATCH
MONDO:0043230	ciguatera fish poisoning	skos:closeMatch	icd11.foundation:750896430	Exposure to or harmful effects of undetermined intent of ciguatera fish poisoning	semapv:LexicalMatching	oaklib	0.5	oio:hasRelatedSynonym	oio:hasExactSynonym	ciguatera	LEXMATCH
MONDO:0043233	exfoliative dermatitis	skos:closeMatch	icd11.foundation:444139015	Erythroderma	semapv:LexicalMatching	oaklib	0.5	oio:hasRelatedSynonym	oio:hasExactSynonym	erythroderma	LEXMATCH
MONDO:0043233	exfoliative dermatitis	skos:closeMatch	icd11.foundation:444139015	Erythroderma	semapv:LexicalMatching	oaklib	0.5	oio:hasRelatedSynonym	rdfs:label	erythroderma	LEXMATCH
MONDO:0043247	Mallory-Weiss syndrome	skos:closeMatch	icd11.foundation:860549324	Gastro-oesophageal laceration-haemorrhage syndrome	semapv:LexicalMatching	oaklib	0.5	oio:hasRelatedSynonym	oio:hasExactSynonym	mallory-weiss tear	LEXMATCH
MONDO:0043251	odontoma	skos:closeMatch	icd11.foundation:2112834949	Hyperdontia	semapv:LexicalMatching	oaklib	0.5	oio:hasRelatedSynonym	oio:hasExactSynonym	compound odontoma	LEXMATCH
MONDO:0043257	pemphigus and fogo selvagem	skos:closeMatch	icd11.foundation:1681537638	Endemic pemphigus foliaceus	semapv:LexicalMatching	oaklib	0.5	oio:hasRelatedSynonym	oio:hasExactSynonym	brazilian pemphigus	LEXMATCH
MONDO:0043257	pemphigus and fogo selvagem	skos:closeMatch	icd11.foundation:1681537638	Endemic pemphigus foliaceus	semapv:LexicalMatching	oaklib	0.5	oio:hasRelatedSynonym	oio:hasExactSynonym	endemic pemphigus foliaceus	LEXMATCH
MONDO:0043257	pemphigus and fogo selvagem	skos:closeMatch	icd11.foundation:1681537638	Endemic pemphigus foliaceus	semapv:LexicalMatching	oaklib	0.5	oio:hasRelatedSynonym	rdfs:label	endemic pemphigus foliaceus	LEXMATCH
MONDO:0043264	post-traumatic epilepsy	skos:closeMatch	icd11.foundation:1007173668	Epilepsy due to injuries to the head	semapv:LexicalMatching	oaklib	0.5	oio:hasRelatedSynonym	oio:hasExactSynonym	traumatic epilepsy	LEXMATCH
MONDO:0043303	hyperacusis	skos:closeMatch	icd11.foundation:1433385296	Phonophobia	semapv:LexicalMatching	oaklib	0.5	oio:hasRelatedSynonym	oio:hasExactSynonym	phonophobia	LEXMATCH
MONDO:0043303	hyperacusis	skos:closeMatch	icd11.foundation:1433385296	Phonophobia	semapv:LexicalMatching	oaklib	0.5	oio:hasRelatedSynonym	rdfs:label	phonophobia	LEXMATCH
MONDO:0043314	aquarium granuloma	skos:closeMatch	icd11.foundation:2039886632	Mycobacterium marinum infection	semapv:LexicalMatching	oaklib	0.5	oio:hasRelatedSynonym	oio:hasExactSynonym	mycobacterium marinum infection	LEXMATCH
MONDO:0043314	aquarium granuloma	skos:closeMatch	icd11.foundation:2039886632	Mycobacterium marinum infection	semapv:LexicalMatching	oaklib	0.5	oio:hasRelatedSynonym	rdfs:label	mycobacterium marinum infection	LEXMATCH
MONDO:0043339	lathyrism	skos:closeMatch	icd11.foundation:1071848560	Neurolathyrism	semapv:LexicalMatching	oaklib	0.5	oio:hasRelatedSynonym	oio:hasExactSynonym	neurolathyrism	LEXMATCH
MONDO:0043339	lathyrism	skos:closeMatch	icd11.foundation:1071848560	Neurolathyrism	semapv:LexicalMatching	oaklib	0.5	oio:hasRelatedSynonym	rdfs:label	neurolathyrism	LEXMATCH
MONDO:0043373	sudden sensorineural hearing loss	skos:closeMatch	icd11.foundation:692012078	Sudden idiopathic hearing loss	semapv:LexicalMatching	oaklib	0.5	oio:hasRelatedSynonym	oio:hasExactSynonym	sudden deafness	LEXMATCH
MONDO:0043458	radiation injury	skos:closeMatch	icd11.foundation:1916148502	Radiation sickness	semapv:LexicalMatching	oaklib	0.5	oio:hasRelatedSynonym	oio:hasExactSynonym	radiation sickness	LEXMATCH
MONDO:0043458	radiation injury	skos:closeMatch	icd11.foundation:1916148502	Radiation sickness	semapv:LexicalMatching	oaklib	0.5	oio:hasRelatedSynonym	rdfs:label	radiation sickness	LEXMATCH
MONDO:0043468	acne keloid	skos:closeMatch	icd11.foundation:175343202	Keloidal acne	semapv:LexicalMatching	oaklib	0.5	oio:hasRelatedSynonym	oio:hasExactSynonym	keloidal acne	LEXMATCH
MONDO:0043468	acne keloid	skos:closeMatch	icd11.foundation:175343202	Keloidal acne	semapv:LexicalMatching	oaklib	0.5	oio:hasRelatedSynonym	rdfs:label	keloidal acne	LEXMATCH
MONDO:0043468	acne keloid	skos:closeMatch	icd11.foundation:1900806145	Folliculitis keloidalis	semapv:LexicalMatching	oaklib	0.5	oio:hasRelatedSynonym	oio:hasExactSynonym	folliculitis keloidalis	LEXMATCH
MONDO:0043468	acne keloid	skos:closeMatch	icd11.foundation:1900806145	Folliculitis keloidalis	semapv:LexicalMatching	oaklib	0.5	oio:hasRelatedSynonym	rdfs:label	folliculitis keloidalis	LEXMATCH
MONDO:0043468	acne keloid	skos:closeMatch	icd11.foundation:292398717	Folliculitis keloidalis nuchae	semapv:LexicalMatching	oaklib	0.5	oio:hasRelatedSynonym	oio:hasExactSynonym	folliculitis keloidalis nuchae	LEXMATCH
MONDO:0043468	acne keloid	skos:closeMatch	icd11.foundation:292398717	Folliculitis keloidalis nuchae	semapv:LexicalMatching	oaklib	0.5	oio:hasRelatedSynonym	rdfs:label	folliculitis keloidalis nuchae	LEXMATCH
MONDO:0043475	Adams-Stokes syndrome	skos:closeMatch	icd11.foundation:486643502	Conduction disorders	semapv:LexicalMatching	oaklib	0.5	oio:hasRelatedSynonym	oio:hasExactSynonym	adams stokes syndrome	LEXMATCH
MONDO:0043512	traumatic encephalopathy	skos:closeMatch	icd11.foundation:1968656997	Postconcussional syndrome	semapv:LexicalMatching	oaklib	0.5	oio:hasNarrowSynonym	oio:hasExactSynonym	post-traumatic brain syndrome	LEXMATCH
MONDO:0043512	traumatic encephalopathy	skos:closeMatch	icd11.foundation:1968656997	Postconcussional syndrome	semapv:LexicalMatching	oaklib	0.5	oio:hasNarrowSynonym	oio:hasExactSynonym	post-traumatic dementia	LEXMATCH
MONDO:0043537	cluster headache syndrome	skos:closeMatch	icd11.foundation:561506851	Episodic cluster headache	semapv:LexicalMatching	oaklib	0.5	oio:hasRelatedSynonym	oio:hasExactSynonym	episodic cluster headache	LEXMATCH
MONDO:0043537	cluster headache syndrome	skos:closeMatch	icd11.foundation:561506851	Episodic cluster headache	semapv:LexicalMatching	oaklib	0.5	oio:hasRelatedSynonym	rdfs:label	episodic cluster headache	LEXMATCH
MONDO:0043537	cluster headache syndrome	skos:closeMatch	icd11.foundation:890612903	Chronic cluster headache	semapv:LexicalMatching	oaklib	0.5	oio:hasRelatedSynonym	oio:hasExactSynonym	chronic cluster headache	LEXMATCH
MONDO:0043537	cluster headache syndrome	skos:closeMatch	icd11.foundation:890612903	Chronic cluster headache	semapv:LexicalMatching	oaklib	0.5	oio:hasRelatedSynonym	rdfs:label	chronic cluster headache	LEXMATCH
MONDO:0043653	herpes labialis	skos:closeMatch	icd11.foundation:1720001875	Herpes simplex labialis	semapv:LexicalMatching	oaklib	0.5	oio:hasRelatedSynonym	oio:hasExactSynonym	fever blister	LEXMATCH
MONDO:0043653	herpes labialis	skos:closeMatch	icd11.foundation:1720001875	Herpes simplex labialis	semapv:LexicalMatching	oaklib	0.5	oio:hasRelatedSynonym	oio:hasExactSynonym	fever blisters	LEXMATCH
MONDO:0043775	respiratory paralysis	skos:closeMatch	icd11.foundation:566418756	Respiratory muscle paralysis	semapv:LexicalMatching	oaklib	0.5	oio:hasRelatedSynonym	oio:hasExactSynonym	respiratory muscle paralysis	LEXMATCH
MONDO:0043775	respiratory paralysis	skos:closeMatch	icd11.foundation:566418756	Respiratory muscle paralysis	semapv:LexicalMatching	oaklib	0.5	oio:hasRelatedSynonym	rdfs:label	respiratory muscle paralysis	LEXMATCH
MONDO:0043775	respiratory paralysis	skos:closeMatch	icd11.foundation:792919470	Paralysis of diaphragm	semapv:LexicalMatching	oaklib	0.5	oio:hasRelatedSynonym	oio:hasExactSynonym	diaphragmatic paralysis	LEXMATCH
MONDO:0043797	spinal cord injury	skos:closeMatch	icd11.foundation:339983216	Laceration of spinal cord	semapv:LexicalMatching	oaklib	0.5	oio:hasRelatedSynonym	oio:hasExactSynonym	spinal cord transection	LEXMATCH
MONDO:0043836	tuberculosis, spinal	skos:closeMatch	icd11.foundation:253758589	Spinal cord compression due to tuberculosis	semapv:LexicalMatching	oaklib	0.5	oio:hasRelatedSynonym	oio:hasExactSynonym	potts disorder	LEXMATCH
MONDO:0044344	Schistosoma japonicum infectious disease	skos:closeMatch	icd11.foundation:1139567957	Schistosomiasis due to Schistosoma japonicum	semapv:LexicalMatching	oaklib	0.5	oio:hasRelatedSynonym	oio:hasExactSynonym	schistosomiasis japonicum	LEXMATCH
MONDO:0044793	spitz nevus	skos:closeMatch	icd11.foundation:341644225	Spitz naevus	semapv:LexicalMatching	oaklib	0.5	oio:hasRelatedSynonym	oio:hasExactSynonym	spitz naevus	LEXMATCH
MONDO:0044793	spitz nevus	skos:closeMatch	icd11.foundation:341644225	Spitz naevus	semapv:LexicalMatching	oaklib	0.5	oio:hasRelatedSynonym	rdfs:label	spitz naevus	LEXMATCH
MONDO:0045045	selective IgG immunodeficiency	skos:closeMatch	icd11.foundation:1673542285	Selective deficiency of immunoglobulin G subclasses	semapv:LexicalMatching	oaklib	0.5	oio:hasRelatedSynonym	oio:hasExactSynonym	igg subclass deficiency	LEXMATCH
MONDO:0100443	RDH5-related retinopathy	skos:closeMatch	icd11.foundation:1142103178	Pigmentary retinal dystrophy	semapv:LexicalMatching	oaklib	0.5	oio:hasNarrowSynonym	oio:hasExactSynonym	pigmentary retinal dystrophy	LEXMATCH
MONDO:0100443	RDH5-related retinopathy	skos:closeMatch	icd11.foundation:1142103178	Pigmentary retinal dystrophy	semapv:LexicalMatching	oaklib	0.5	oio:hasNarrowSynonym	rdfs:label	pigmentary retinal dystrophy	LEXMATCH
MONDO:0100444	RLBP1-related retinopathy	skos:closeMatch	icd11.foundation:1142103178	Pigmentary retinal dystrophy	semapv:LexicalMatching	oaklib	0.5	oio:hasNarrowSynonym	oio:hasExactSynonym	pigmentary retinal dystrophy	LEXMATCH
MONDO:0100444	RLBP1-related retinopathy	skos:closeMatch	icd11.foundation:1142103178	Pigmentary retinal dystrophy	semapv:LexicalMatching	oaklib	0.5	oio:hasNarrowSynonym	rdfs:label	pigmentary retinal dystrophy	LEXMATCH
MONDO:0100490	breasts and/or nipples, aplasia or hypoplasia of, 1	skos:closeMatch	icd11.foundation:574759375	Absent nipple	semapv:LexicalMatching	oaklib	0.5	oio:hasRelatedSynonym	oio:hasExactSynonym	athelia	LEXMATCH
MONDO:0800026	central hypoventilation syndrome, congenital, 1, with or without Hirschsprung disease	skos:closeMatch	icd11.foundation:1272415579	Primary alveolar hypoventilation	semapv:LexicalMatching	oaklib	0.5	oio:hasRelatedSynonym	oio:hasExactSynonym	primary alveolar hypoventilation	LEXMATCH
MONDO:0800026	central hypoventilation syndrome, congenital, 1, with or without Hirschsprung disease	skos:closeMatch	icd11.foundation:1272415579	Primary alveolar hypoventilation	semapv:LexicalMatching	oaklib	0.5	oio:hasRelatedSynonym	rdfs:label	primary alveolar hypoventilation	LEXMATCH
MONDO:0800027	leukoencephalopathy, diffuse hereditary, with spheroids 1	skos:closeMatch	icd11.foundation:2040572438	Adult-onset leukodystrophy with axonal spheroids	semapv:LexicalMatching	oaklib	0.5	oio:hasRelatedSynonym	oio:hasExactSynonym	hereditary diffuse leukoencephalopathy with axonal spheroids	LEXMATCH
MONDO:0800268	atrioventricular septal defect, susceptibility to, 1	skos:closeMatch	icd11.foundation:1069974993	Common atrioventricular junction with atrioventricular septal defect	semapv:LexicalMatching	oaklib	0.5	oio:hasRelatedSynonym	oio:hasExactSynonym	atrioventricular septal defect	LEXMATCH
MONDO:0800448	leukoencephalopathy with vanishing white matter	skos:closeMatch	icd11.foundation:1221321625	Cree leukoencephalopathy	semapv:LexicalMatching	oaklib	0.5	oio:hasNarrowSynonym	oio:hasExactSynonym	cree leukoencephalopathy	LEXMATCH
MONDO:0800448	leukoencephalopathy with vanishing white matter	skos:closeMatch	icd11.foundation:1221321625	Cree leukoencephalopathy	semapv:LexicalMatching	oaklib	0.5	oio:hasNarrowSynonym	rdfs:label	cree leukoencephalopathy	LEXMATCH
MONDO:0800448	leukoencephalopathy with vanishing white matter	skos:closeMatch	icd11.foundation:1574637700	CACH syndrome	semapv:LexicalMatching	oaklib	0.5	oio:hasRelatedSynonym	oio:hasExactSynonym	vanishing white matter disorder	LEXMATCH
MONDO:1012790	cataract, CPAMD8-related, cattle	skos:closeMatch	icd11.foundation:1556158071	Morgagnian age-related cataract	semapv:LexicalMatching	oaklib	0.5	oio:hasRelatedSynonym	oio:hasExactSynonym	morgagnian cataract	LEXMATCH
MONDO:1012922	centronuclear myopathy, DNM2-related, dog	skos:closeMatch	icd11.foundation:629192160	Centronuclear myopathy with type I fibre hypotrophy	semapv:LexicalMatching	oaklib	0.5	oio:hasRelatedSynonym	oio:hasExactSynonym	autosomal dominant centronuclear myopathy	LEXMATCH
