synonym	mondo_id	source_id	case	synonym_type	filtered_because_this_mondo_id_already_has_this_synonym_as_its_label
1-alpha-hydroxylase deficiency	MONDO:0009924	Orphanet:289157	confirmed		
1-alpha-hydroxylase deficiency	MONDO:0020723	OMIM:264700	added		
22q11 deletion syndrome	MONDO:0008644		unconfirmed		
22q11 deletion syndrome	MONDO:0018923	icd11.foundation:1868156761	added		
5p partial monosomy syndrome	MONDO:0007404	DOID:12580	confirmed		
5p partial monosomy syndrome	MONDO:0007404	NCIT:C34518	confirmed		
5p partial monosomy syndrome	MONDO:0016887	icd11.foundation:1109271336	added		
APC-related AFAP	MONDO:0016362	Orphanet:220460	added		
APC-related AFAP	MONDO:0016613		unconfirmed		
APC-related attenuated FAP	MONDO:0016362	Orphanet:220460	added		
APC-related attenuated FAP	MONDO:0016613		unconfirmed		
APC-related attenuated familial polyposis coli	MONDO:0016362	Orphanet:220460	added		
APC-related attenuated familial polyposis coli	MONDO:0016613		unconfirmed		
Accessory tricuspid valve tissue	MONDO:0009144	icd11.foundation:307157712	added		
Accessory tricuspid valve tissue	MONDO:0019815	Orphanet:95462	added		
Ackerman syndrome	MONDO:0008706	OMIM:200970	confirmed		
Ackerman syndrome	MONDO:0008706	icd11.foundation:1946127088	confirmed		
Ackerman syndrome	MONDO:0019199	Orphanet:79099	added		
Ackerman syndrome	MONDO:0019199	Orphanet:79099	added		MONDO:0008706
Acrania	MONDO:0000819	ICD10CM:Q00.0	added		
Acrania	MONDO:0019795	icd11.foundation:1719021696	confirmed		
Acute myocardial infarction	MONDO:0004781	ICD10WHO:I21	added		
Acute myocardial infarction	MONDO:0004781	icd11.foundation:1334938734	added		
Acute myocardial infarction	MONDO:0005068	ICD10CM:I21	added		
Acute myocarditis	MONDO:0002815	ICD10WHO:I40	added		
Acute myocarditis	MONDO:0004496	ICD10CM:I40	added		
Addison's disease	MONDO:0015129	DOID:13774	added		
Addison's disease	MONDO:0100480		unconfirmed		
Adenocarcinoma	MONDO:0003193	NCIT:C27813	added		
Adenocarcinoma	MONDO:0005028	NCIT:C4025	added		
Adenocarcinoma	MONDO:0005036	NCIT:C4004	added		
Adenocarcinoma	MONDO:0005061	NCIT:C3512	added		
Adenocarcinoma	MONDO:0005153	NCIT:C4029	added		
Adult hyaline membrane disease	MONDO:0006502	ICD10CM:J80	added		
Adult hyaline membrane disease	MONDO:0100130	icd11.foundation:1466842111	added		
African trypanosomiasis	MONDO:0000940	ICD10CM:B56	added		
African trypanosomiasis	MONDO:0005459	DOID:10112	confirmed		
African trypanosomiasis	MONDO:0005459	MTH:NOCODE	unconfirmed		
African trypanosomiasis	MONDO:0005459	NCIT:C84541	confirmed		
African trypanosomiasis	MONDO:0005459	Orphanet:3385	confirmed		
Alopecia universalis	MONDO:0008757	Orphanet:701	added		
Alopecia universalis	MONDO:0800198	ICD10CM:L63.1	added		
Alopecia universalis	MONDO:0800198	icd11.foundation:69070500	added		
American histoplasmosis	MONDO:0002099	DOID:1759	added		
American histoplasmosis	MONDO:0018312	icd11.foundation:1553838370	added		
Aniridia	MONDO:0007119	OMIMPS:106210	added		
Aniridia	MONDO:0019172	ICD10CM:Q13.1	added		
Aniridia	MONDO:0019172	NCIT:C84563	added		
Aniridia	MONDO:0019172	icd11.foundation:970699895	added		
Anodontia	MONDO:0005486	ICD10CM:K00.0	added		
Anodontia	MONDO:0008797	Orphanet:99797	added		
Anodontia	MONDO:0008797	icd11.foundation:413433873	added		
Anthracosilicosis	MONDO:0006653	NCIT:C34389	added		
Anthracosilicosis	MONDO:0006654	ICD10CM:J60	added		
Aortic septal defect	MONDO:0016077	icd11.foundation:1988278118	added		
Aortic septal defect	MONDO:0021902	ICD10CM:Q21.4	added		
Arginine vasopressin deficiency	MONDO:0007450	NCIT:C84933	confirmed		
Arginine vasopressin deficiency	MONDO:0015790	Orphanet:178029	added		
Ataxia-telangiectasia-like disorder	MONDO:0011457	OMIMPS:604391	added		
Ataxia-telangiectasia-like disorder	MONDO:0011457	icd11.foundation:242329289	added		
Ataxia-telangiectasia-like disorder	MONDO:0024557	Orphanet:251347	added		
Atelencephaly	MONDO:0035449	Orphanet:566852	added		
Atelencephaly	MONDO:0035450	icd11.foundation:1740361952	added		
Au-Kline syndrome	MONDO:0014700	OMIM:616580	confirmed		
Au-Kline syndrome	MONDO:0018681	Orphanet:453499	added		
Au-Kline syndrome	MONDO:0018681	Orphanet:453499	added		MONDO:0014700
Autistic disorder	MONDO:0005258	icd11.foundation:437815624	added		
Autistic disorder	MONDO:0005260	ICD10CM:F84.0	added		
Axenfeld syndrome	MONDO:0019187	DOID:14686	confirmed		
Axenfeld syndrome	MONDO:0019187	Orphanet:782	confirmed		
Axenfeld syndrome	MONDO:0020368	icd11.foundation:1703498511	added		
B-cell lymphoma	MONDO:0004095	DOID:707	added		
B-cell lymphoma	MONDO:0015759		unconfirmed		
Balanoposthitis	MONDO:0001618	ICD10CM:N47.6	added		
Balanoposthitis	MONDO:0006672	ICD10WHO:N48.1	added		
Baralle-Macken syndrome	MONDO:0859002	Orphanet:633035	added		MONDO:0031002
Bartter syndrome type 5	MONDO:0010503	Orphanet:570371	added		
Bartter syndrome type 5	MONDO:0016983		unconfirmed		
Bartter syndrome type V	MONDO:0010503	Orphanet:570371	added		
Bartter syndrome type V	MONDO:0016983		unconfirmed		
Birt-Hogg-Dube syndrome	MONDO:0800444	OMIMPS:135150	added		
Birt-Hogg-Dube syndrome	MONDO:0800445	DOID:0050676	added		
Birt-Hogg-Dube syndrome	MONDO:0800445	DOID:0050676	added		MONDO:0800444
Buckley syndrome	MONDO:0007818	Orphanet:2314	confirmed		
Buckley syndrome	MONDO:0018037	icd11.foundation:223461798	added		
Budd-Chiari syndrome	MONDO:0006786	DOID:11512	added		
Budd-Chiari syndrome	MONDO:0006786	DOID:11512	added		MONDO:0010947
Budd-Chiari syndrome	MONDO:0010947	ICD10CM:I82.0	confirmed		
Budd-Chiari syndrome	MONDO:0010947	OMIM:600880	confirmed		
Budd-Chiari syndrome	MONDO:0010947	Orphanet:131	confirmed		
Budd-Chiari syndrome	MONDO:0010947	icd11.foundation:1300118676	confirmed		
Buphthalmus	MONDO:0009277	Orphanet:98976	added		
Buphthalmus	MONDO:0020366		unconfirmed		
CNS PNET	MONDO:0000640	NCIT:C5398	confirmed		
CNS PNET	MONDO:0016713	Orphanet:251870	added		
Capillary lymphangioma	MONDO:0002013	NCIT:C8965	added		
Capillary lymphangioma	MONDO:0019329	Orphanet:79490	added		
Capillary lymphangioma	MONDO:0019329	icd11.foundation:1796778763	added		
Carey-Fineman-Ziter syndrome	MONDO:0031415	OMIMPS:254940	added		
Carey-Fineman-Ziter syndrome	MONDO:0031415	Orphanet:1358	added		
Carey-Fineman-Ziter syndrome	MONDO:0031415	icd11.foundation:1784462638	added		
Carey-Fineman-Ziter syndrome	MONDO:0800437	DOID:0080194	added		
Carey-Fineman-Ziter syndrome	MONDO:0800437	DOID:0080194	added		MONDO:0031415
Caudal Regression Syndrome	MONDO:0010831	NCIT:C99054	added		
Caudal Regression Syndrome	MONDO:0017607	DOID:0080700	confirmed		
Caudal Regression Syndrome	MONDO:0017607	NORD:902	unconfirmed		
Caudal Regression Syndrome	MONDO:0017607	Orphanet:3027	confirmed		
Cerebral folate deficiency	MONDO:0013110	Orphanet:217382	added		
Cerebral folate deficiency	MONDO:0100034	icd11.foundation:1137222547	added		
Charcot-Marie-Tooth disease	MONDO:0015358	ICD10CM:G60.0	added		
Charcot-Marie-Tooth disease	MONDO:0015358	ICD10CM:G60.0	added		MONDO:0015626
Charcot-Marie-Tooth disease	MONDO:0015364	icd11.foundation:1091217288	added		
Charcot-Marie-Tooth disease	MONDO:0015364	icd11.foundation:1091217288	added		MONDO:0015626
Charcot-Marie-Tooth disease	MONDO:0015626	DOID:10595	confirmed		
Charcot-Marie-Tooth disease	MONDO:0015626	NCIT:C75467	confirmed		
Charcot-Marie-Tooth disease	MONDO:0015626	OMIMPS:118220	confirmed		
Chilblain lupus	MONDO:0018827	OMIMPS:610448	added		
Chilblain lupus	MONDO:0019557	DOID:0060386	added		
Chilblain lupus	MONDO:0019557	Orphanet:90280	added		
Clear cell carcinoma	MONDO:0005004	NCIT:C3766	added		
Clear cell carcinoma	MONDO:0006191	NCIT:C8028	added		
Closed spina bifida	MONDO:0000859	Orphanet:645202	added		
Closed spina bifida	MONDO:0017069	icd11.foundation:979482551	added		
Congenital entropion	MONDO:0020159	ICD10CM:Q10.2	added		
Congenital entropion	MONDO:0034971	icd11.foundation:1290880184	added		
Cowden syndrome 1	MONDO:0007924	DOID:0050657	added		
Cowden syndrome 1	MONDO:0007924	DOID:0050657	added		MONDO:0008021
Cowden syndrome 1	MONDO:0008021	OMIM:158350	confirmed		
Creeping myiasis	MONDO:0018857	Orphanet:504	added		
Creeping myiasis	MONDO:0018857	icd11.foundation:1282509430	added		
Creeping myiasis	MONDO:0020568	ICD10CM:B87.0	added		
Cryoglobulinemic vasculitis	MONDO:0005576	ICD10CM:D89.1	added		
Cryoglobulinemic vasculitis	MONDO:0005576	ICD10CM:D89.1	added		MONDO:0007407
Cryoglobulinemic vasculitis	MONDO:0007407	Orphanet:91138	added		
Cystic echinococcosis	MONDO:0005738	icd11.foundation:1456802165	added		
Cystic echinococcosis	MONDO:0018408	Orphanet:400	added		
Davies disease	MONDO:0006746	icd11.foundation:365224859	added		
Davies disease	MONDO:0019158	Orphanet:75565	confirmed		
De la Chapelle dysplasia	MONDO:0009727	Orphanet:56304	added		
De la Chapelle dysplasia	MONDO:0800307	icd11.foundation:248590292	added		
DeToni-Debré-Fanconi syndrome	MONDO:0007600	Orphanet:3337	added		
DeToni-Debré-Fanconi syndrome	MONDO:0024525		unconfirmed		
Degos disease	MONDO:0011208	NCIT:C84835	confirmed		
Degos disease	MONDO:0011208	OMIM:602248	confirmed		
Degos disease	MONDO:0011208	icd11.foundation:792094526	confirmed		
Degos disease	MONDO:0958110	Orphanet:656071	added		
Dentin dysplasia	MONDO:0007436	OMIMPS:125400	added		
Dentin dysplasia	MONDO:0015613	Orphanet:1653	added		
Devergie's disease	MONDO:0008251		unconfirmed		
Devergie's disease	MONDO:0100017	icd11.foundation:2048594962	added		
Dias-Logan syndrome	MONDO:0014914	OMIM:617101	confirmed		
Dias-Logan syndrome	MONDO:0850059	Orphanet:619233	added		
Dias-Logan syndrome	MONDO:0850059	Orphanet:619233	added		MONDO:0014914
Distal renal tubular acidosis	MONDO:0015827	Orphanet:18	added		
Distal renal tubular acidosis	MONDO:1060161	OMIMPS:179800	added		
Dumping syndrome	MONDO:0001979	icd11.foundation:237191235	added		
Dumping syndrome	MONDO:0004566	ICD10CM:K91.1	added		
Eales disease	MONDO:0006950	ICD10CM:H35.06	added		
Eales disease	MONDO:0006950	ICD10CM:H35.06	added		MONDO:0018460
Eales disease	MONDO:0018460	Orphanet:40923	added		
Eales disease	MONDO:0018460	icd11.foundation:945788847	added		
Emery-Dreifuss muscular dystrophy 6, X-linked	MONDO:0010401	icd11.foundation:420677690	added		MONDO:0800318
Erythroleukemia	MONDO:0017858	ICD10CM:C94.0	added		
Erythroleukemia	MONDO:0017858	Orphanet:318	added		
Erythroleukemia	MONDO:0859598	NCIT:C7152	added		
Esthesioneuroblastoma	MONDO:0006329	NCIT:C3789	added		
Esthesioneuroblastoma	MONDO:0016029	Orphanet:1957	added		
FATCO syndrome	MONDO:0009526	OMIM:246570	confirmed		
FATCO syndrome	MONDO:0016641	Orphanet:2492	added		
Familial anetoderma	MONDO:0016444	icd11.foundation:308286033	added		
Familial anetoderma	MONDO:0016445	Orphanet:228277	added		
Familial hypocalciuric hypercalcemia	MONDO:0001566	ICD10CM:E83.52	added		
Familial hypocalciuric hypercalcemia	MONDO:0018458	Orphanet:405	added		
Familial nasal acilia	MONDO:0016575	icd11.foundation:1713839459	added		
Familial nasal acilia	MONDO:0019634	Orphanet:922	added		
Fanconi renotubular syndrome	MONDO:0001083	icd11.foundation:788002727	added		
Fanconi renotubular syndrome	MONDO:0100238	OMIMPS:134600	added		
Fanconi renotubular syndrome	MONDO:0100238	OMIMPS:134600	added		MONDO:0001083
Fowler syndrome	MONDO:0009168	DOID:0111666	confirmed		
Fowler syndrome	MONDO:0009168	OMIM:225790	confirmed		
Fowler syndrome	MONDO:0017200	Orphanet:2795	added		
Fowler syndrome	MONDO:0017200	Orphanet:2795	added		MONDO:0009168
Franklin disease	MONDO:0015046	NCIT:C3083	confirmed		
Franklin disease	MONDO:0015046	Orphanet:100026	confirmed		
Franklin disease	MONDO:0015046	icd11.foundation:705015637	confirmed		
Franklin disease	MONDO:0019464	ICD10CM:C88.2	added		
Frantz tumor	MONDO:0018525	Orphanet:424065	added		
Frantz tumor	MONDO:0044786		unconfirmed		
Friedreich ataxia with retained reflexes	MONDO:0100339	ICD10CM:G11.11	added		MONDO:0800301
GSD type 9C	MONDO:0013091	DOID:0111043	confirmed		
GSD type 9C	MONDO:0013091	https://www.ncbi.nlm.nih.gov/books/NBK55061/	unconfirmed		
GSD type 9C	MONDO:0020693	Orphanet:264580	added		
GSD type IXc	MONDO:0013091	DOID:0111043	confirmed		
GSD type IXc	MONDO:0013091	https://www.ncbi.nlm.nih.gov/books/NBK55061/	unconfirmed		
GSD type IXc	MONDO:0020693	Orphanet:264580	added		
GTP cyclohydrolase I deficiency	MONDO:0100184		unconfirmed		
GTP cyclohydrolase I deficiency	MONDO:0100186	Orphanet:2102	added		
GTP cyclohydrolase I deficiency	MONDO:0100186	Orphanet:2102	added		MONDO:0100184
Garcia-Lurie syndrome	MONDO:0008811	OMIM:207770	confirmed		
Garcia-Lurie syndrome	MONDO:0008811	Orphanet:3469	confirmed		
Garcia-Lurie syndrome	MONDO:0035450	icd11.foundation:1740361952	added		
Giant axonal neuropathy	MONDO:0000128	OMIMPS:256850	added		
Giant axonal neuropathy	MONDO:0000128	icd11.foundation:1848636316	added		
Giant axonal neuropathy	MONDO:0009749	Orphanet:643	added		
Gingival fibromatosis	MONDO:0002507	ICD10CM:K06.1	added		
Gingival fibromatosis	MONDO:0016070	OMIMPS:135300	added		
Glomangiomatosis	MONDO:0004035	NCIT:C27496	added		
Glomangiomatosis	MONDO:0007672	Orphanet:83454	added		
Goldberg-Maxwell syndrome	MONDO:0019154	DOID:4674	confirmed		
Goldberg-Maxwell syndrome	MONDO:0019154	Orphanet:754	confirmed		
Goldberg-Maxwell syndrome	MONDO:0021023	ICD10CM:E34.51	added		
Graves' disease	MONDO:0001104	ICD10CM:E05.0	added		
Graves' disease	MONDO:0005364	DOID:12361	added		
Guillain Barre syndrome	MONDO:0016218	NCIT:C116345	confirmed		
Guillain Barre syndrome	MONDO:0020347	icd11.foundation:1196874419	added		
Gynecomastia	MONDO:0001100	ICD10CM:N62	added		
Gynecomastia	MONDO:0001571	NCIT:C3073	added		
Hallervorden-Spatz disease	MONDO:0009319	DOID:3981	confirmed	http://purl.obolibrary.org/obo/mondo#DEPRECATED|http://purl.obolibrary.org/obo/mondo#DEPRECATED|http://purl.obolibrary.org/obo/mondo#DEPRECATED	
Hallervorden-Spatz disease	MONDO:0009319	ICD10CM:G23.0	confirmed	http://purl.obolibrary.org/obo/mondo#DEPRECATED|http://purl.obolibrary.org/obo/mondo#DEPRECATED|http://purl.obolibrary.org/obo/mondo#DEPRECATED	
Hallervorden-Spatz disease	MONDO:0009319	OMIM:234200	confirmed	http://purl.obolibrary.org/obo/mondo#DEPRECATED|http://purl.obolibrary.org/obo/mondo#DEPRECATED|http://purl.obolibrary.org/obo/mondo#DEPRECATED	
Hallervorden-Spatz disease	MONDO:0018307	icd11.foundation:440483530	added	http://purl.obolibrary.org/obo/mondo#DEPRECATED|http://purl.obolibrary.org/obo/mondo#DEPRECATED|http://purl.obolibrary.org/obo/mondo#DEPRECATED	
Hashimoto encephalitis	MONDO:0019385	Orphanet:83601	added		
Hashimoto encephalitis	MONDO:0020640	icd11.foundation:241281019	added		
Hemangiopericytoma	MONDO:0016238	NCIT:C7634	added		
Hemangiopericytoma	MONDO:0017349	NCIT:C50401	added		
Hereditary acrokeratotic poikiloderma	MONDO:0008260	icd11.foundation:726317303	added		
Hereditary acrokeratotic poikiloderma	MONDO:0017365	Orphanet:2907	added		
Heritable pulmonary arterial hypertension	MONDO:0001999	ICD10CM:I27.0	added		
Heritable pulmonary arterial hypertension	MONDO:0017148	Orphanet:275777	added		
Hyperaldosteronism	MONDO:0003009	ICD10CM:E26	added		
Hyperaldosteronism	MONDO:0003009	ICD10WHO:E26	added		
Hyperaldosteronism	MONDO:0003009	icd11.foundation:1937534076	added		
Hyperaldosteronism	MONDO:0016525	OMIMPS:103900	added		
Hypochondrogenesis	MONDO:0008703	NCIT:C3816	added		
Hypochondrogenesis	MONDO:0019648	ICD10CM:Q77.0	added		
Hypochondrogenesis	MONDO:0019669	Orphanet:93297	added		
Hypochondrogenesis	MONDO:0019669	icd11.foundation:1494246635	added		
Hypomelanosis of Ito	MONDO:0010302	DOID:3156	confirmed		
Hypomelanosis of Ito	MONDO:0010302	NORD:1274	unconfirmed		
Hypomelanosis of Ito	MONDO:0010302	OMIM:300337	confirmed		
Hypomelanosis of Ito	MONDO:0016985	NCIT:C7582	added		
Idiopathic torsion dystonia	MONDO:0007492	Orphanet:256	added		
Idiopathic torsion dystonia	MONDO:0044811	NCIT:C34564	confirmed		
IgA nephropathy	MONDO:0005342	DOID:2986	confirmed		
IgA nephropathy	MONDO:0005342	NCIT:C34643	confirmed		
IgA nephropathy	MONDO:0005342	Orphanet:34145	confirmed		
IgA nephropathy	MONDO:0100555	OMIMPS:161950	added		
Indian tick typhus	MONDO:0000229	DOID:0050042	added		
Indian tick typhus	MONDO:0024472	icd11.foundation:1771381430	added		
Indian tick typhus	MONDO:0024472	icd11.foundation:1771381430	added		MONDO:0000229
Indolent systemic mastocytosis	MONDO:0016586	ICD10CM:D47.02	added		
Indolent systemic mastocytosis	MONDO:0020331	NCIT:C9286	added		
Indolent systemic mastocytosis	MONDO:0020331	Orphanet:98848	added		
Indolent systemic mastocytosis	MONDO:0020331	icd11.foundation:353283231	added		
Infantile Refsum disease	MONDO:0009958	ICD10CM:G60.1	added		
Infantile Refsum disease	MONDO:0019609	Orphanet:772	added		
Infantile neuronal ceroid lipofuscinosis type 2	MONDO:0979343	Orphanet:699751	added		
Infantile neuronal ceroid lipofuscinosis type 2	MONDO:0979344	Orphanet:699761	added		
Isaacs-Mertens syndrome	MONDO:0008047	https://www.ncbi.nlm.nih.gov/books/NBK25442/	unconfirmed		
Isaacs-Mertens syndrome	MONDO:0019399	Orphanet:84142	added		
Isaacs-Mertens syndrome	MONDO:0019399	icd11.foundation:646523932	added		
Isolated bone marrow mastocytosis	MONDO:0015558	Orphanet:158778	added		
Isolated bone marrow mastocytosis	MONDO:0015558	icd11.foundation:922733413	added		
Isolated bone marrow mastocytosis	MONDO:0016586	ICD10CM:D47.02	added		
Jacobs syndrome	MONDO:0008828	DOID:0090127	confirmed		
Jacobs syndrome	MONDO:0008828	OMIM:208250	confirmed		
Jacobs syndrome	MONDO:0019339	Orphanet:8	added		
Kerion	MONDO:0002967	ICD10CM:B35.0	added		
Kerion	MONDO:0010146	icd11.foundation:1449494917	added		
Kleine-Levin syndrome	MONDO:0004617	ICD10CM:G47.13	added		
Kleine-Levin syndrome	MONDO:0004617	ICD10CM:G47.13	added		MONDO:0007863
Kleine-Levin syndrome	MONDO:0007863	DOID:0060165	confirmed		
Kleine-Levin syndrome	MONDO:0007863	NCIT:C84800	confirmed		
Kleine-Levin syndrome	MONDO:0007863	OMIM:148840	confirmed		
Kleine-Levin syndrome	MONDO:0007863	Orphanet:33543	confirmed		
Kleine-Levin syndrome	MONDO:0007863	icd11.foundation:1180849398	confirmed		
Knobloch syndrome	MONDO:0800166	OMIMPS:267750	added		
Knobloch syndrome	MONDO:0800166	icd11.foundation:1664056510	added		
Knobloch syndrome	MONDO:0800167	Orphanet:1571	added		
Knobloch syndrome	MONDO:0800167	Orphanet:1571	added		MONDO:0800166
Koolen de Vries syndrome	MONDO:0012496		unconfirmed		
Koolen de Vries syndrome	MONDO:0018216	DOID:0050880	added		
Korean hemorrhagic fever	MONDO:0000283	DOID:0050200	added		
Korean hemorrhagic fever	MONDO:0005784	ICD10CM:A98.5	added		
Kufs disease	MONDO:0016295	ICD10CM:E75.4	added		
Kufs disease	MONDO:0019260	icd11.foundation:1460031344	confirmed		
Köhlmeier-Degos disease	MONDO:0011208		unconfirmed		
Köhlmeier-Degos disease	MONDO:0958110	Orphanet:656071	added		
LADD syndrome	MONDO:0007872	DOID:0081370	confirmed		
LADD syndrome	MONDO:0007872	Orphanet:2363	confirmed		
LADD syndrome	MONDO:0100302	OMIM:149730	added		
LADD syndrome	MONDO:0100302	OMIM:149730	added		MONDO:0007872
Lou Gehrig disease	MONDO:0004976	NCIT:C34373	confirmed		
Lou Gehrig disease	MONDO:0004976	Orphanet:803	confirmed		
Lou Gehrig disease	MONDO:0020128	icd11.foundation:661720689	added		
Lymphoepithelioid lymphoma	MONDO:0000430	ICD10CM:C84.4	added		
Lymphoepithelioid lymphoma	MONDO:0004964	icd11.foundation:855224800	added		
Maculopapular cutaneous mastocytosis	MONDO:0019023	ICD10CM:D47.01	added		
Maculopapular cutaneous mastocytosis	MONDO:0019316	Orphanet:79457	added		
Maculopapular cutaneous mastocytosis	MONDO:0019316	icd11.foundation:245322245	added		
Malignant Histiocytosis	MONDO:0004612	NCIT:C7202	added		
Malignant Histiocytosis	MONDO:0019479	icd11.foundation:911785965	added		
Malignant histiocytosis	MONDO:0004612	NCIT:C7202	added		
Malignant histiocytosis	MONDO:0019479	ICD10CM:C96.A	added		
Mediterranean anaemia	MONDO:0016486		unconfirmed	http://purl.obolibrary.org/obo/OMO_0003005	
Mediterranean anaemia	MONDO:0019402	icd11.foundation:2063292324	added	http://purl.obolibrary.org/obo/OMO_0003005	
Meester-Loeys syndrome	MONDO:0010515	DOID:0111861	confirmed		
Meester-Loeys syndrome	MONDO:0010515	NCIT:C187989	confirmed		
Meester-Loeys syndrome	MONDO:0010515	OMIM:300989	confirmed		
Meester-Loeys syndrome	MONDO:0850095	Orphanet:622925	added		
Meester-Loeys syndrome	MONDO:0850095	Orphanet:622925	added		MONDO:0010515
Merkel cell carcinoma	MONDO:0002822	DOID:3965	added		
Merkel cell carcinoma	MONDO:0019210	ICD10CM:C4A	confirmed		
Merkel cell carcinoma	MONDO:0019210	MONDO:patterns/location	unconfirmed		
Merkel cell carcinoma	MONDO:0019210	NCIT:C9231	confirmed		
Merkel cell carcinoma	MONDO:0019210	Orphanet:79140	confirmed		
Miller Fisher Syndrome	MONDO:0005851	NCIT:C116958	added		
Miller Fisher Syndrome	MONDO:0016218	ICD10CM:G61.0	added		
Minamata disease	MONDO:0016013	icd11.foundation:1975519045	added		MONDO:0024251
Mucolipidosis	MONDO:0019248	NCIT:C61267	added		
Mucolipidosis	MONDO:0019248	Orphanet:79212	added		
Mucolipidosis	MONDO:0019248	icd11.foundation:714623911	added		
Mucolipidosis	MONDO:0031422	OMIMPS:256550	added		
Multicystic dysplastic kidney	MONDO:0015988	Orphanet:1851	added		
Multicystic dysplastic kidney	MONDO:0015988	icd11.foundation:1178642763	added		
Multicystic dysplastic kidney	MONDO:0019638	ICD10CM:Q61.4	added		
Multiple congenital anomalies-hypotonia-seizures syndrome	MONDO:0013563	Orphanet:280633	added		
Multiple congenital anomalies-hypotonia-seizures syndrome	MONDO:0100247	OMIMPS:614080	added		
NAO syndrome	MONDO:0009809	OMIM:259600	confirmed		
NAO syndrome	MONDO:0018298	Orphanet:371428	added		
NET of the colon	MONDO:0002882	Orphanet:100080	added		
NET of the colon	MONDO:0015067		unconfirmed		
NR4A2-related neurodevelopmental syndrome	MONDO:0859257	Orphanet:660017	unconfirmed		
NR4A2-related neurodevelopmental syndrome	MONDO:0859257	PMID:33585677	unconfirmed		
NR4A2-related neurodevelopmental syndrome	MONDO:0859257	PMID:41019763	unconfirmed		
NR4A2-related neurodevelopmental syndrome	MONDO:0859257	https://orcid.org/0000-0001-9310-0163	unconfirmed		
NR4A2-related neurodevelopmental syndrome	MONDO:0971062	Orphanet:660012	added		
Narcolepsy	MONDO:0021107	ICD10CM:G47.41	added		
Narcolepsy	MONDO:0021107	NCIT:C84489	added		
Narcolepsy	MONDO:0021107	Orphanet:619284	added		
Narcolepsy	MONDO:0021107	icd11.foundation:1201727099	added		
Narcolepsy	MONDO:0100554	OMIMPS:161400	added		
Nephropathia epidemica	MONDO:0005784	ICD10CM:A98.5	added		
Nephropathia epidemica	MONDO:0018081	icd11.foundation:1059069619	added		
Neuroepithelioma	MONDO:0005462	NCIT:C3716	added		
Neuroepithelioma	MONDO:0017046	icd11.foundation:841824628	added		
Neurogenic thoracic outlet syndrome	MONDO:0005979	NCIT:C85188	added		
Neurogenic thoracic outlet syndrome	MONDO:0015061	Orphanet:100073	added		
Non-syndromic hypogammaglobulinemia	MONDO:0011096	Orphanet:33110	added		
Non-syndromic hypogammaglobulinemia	MONDO:0016462	Orphanet:229717	added		
ODED syndrome	MONDO:0008115	OMIM:164280	added		
ODED syndrome	MONDO:0015267	DOID:0060464	confirmed		
ODED syndrome	MONDO:0015267	Orphanet:1305	confirmed		
OEIS complex	MONDO:0009774	Orphanet:93929	added		
OEIS complex	MONDO:0017919	NCIT:C99142	confirmed		
OEIS complex	MONDO:0017919	OMIM:258040	confirmed		
OEIS complex	MONDO:0017919	https://github.com/monarch-initiative/mondo/issues/3650	unconfirmed		
Ohdo syndrome	MONDO:0000734	DOID:0060289	added		
Ohdo syndrome	MONDO:0009583	OMIM:249620	confirmed		
Ohdo syndrome	MONDO:0009583	Orphanet:2728	confirmed		
Okamoto syndrome	MONDO:0014700	OMIM:616580	confirmed		
Okamoto syndrome	MONDO:0018681	Orphanet:453499	added		
Optic atrophy	MONDO:0003608	ICD10CM:H47.2	added		
Optic atrophy	MONDO:0003608	icd11.foundation:568505454	added		
Optic atrophy	MONDO:0043878	OMIMPS:165500	added		
Overproduction of pituitary ACTH	MONDO:0009050	icd11.foundation:380861892	added		
Overproduction of pituitary ACTH	MONDO:0020528	ICD10CM:E24.0	added		
PPB familial tumor and dysplasia syndrome	MONDO:0011014	OMIM:601200	added		
PPB familial tumor and dysplasia syndrome	MONDO:0100216	Orphanet:284343	added		
Paget's disease of breast	MONDO:0002648	NCIT:C47857	confirmed		
Paget's disease of breast	MONDO:0007254	ICD10CM:C50	added		
Paget's disease of nipple	MONDO:0007254	ICD10CM:C50	added		
Paget's disease of nipple	MONDO:0015873	NCIT:C3301	confirmed		
Panhypopituitarism	MONDO:0005152	ICD10CM:E23.0	added		
Panhypopituitarism	MONDO:0019591	NCIT:C110940	added		
Panhypopituitarism	MONDO:0019591	icd11.foundation:1576287890	added		
Panic disorder	MONDO:0005383	icd11.foundation:56162827	added		
Panic disorder	MONDO:0031240	OMIMPS:167870	added		
Parotitis	MONDO:0005900	NCIT:C114281	added		
Parotitis	MONDO:0006969	ICD10CM:K11.2	added		
Peritonitis	MONDO:0004522	ICD10CM:K65	added		
Peritonitis	MONDO:0004522	NCIT:C26849	added		
Peritonitis	MONDO:1010128	ICD10WHO:K65	added		
Peritonitis	MONDO:1010128	icd11.foundation:775356003	added		
Pilar cyst	MONDO:0012328	icd11.foundation:150930710	added		
Pilar cyst	MONDO:0018850	NCIT:C27125	confirmed		
Pitt-Hopkins syndrome	MONDO:0012589	DOID:0060488	confirmed		
Pitt-Hopkins syndrome	MONDO:0012589	NCIT:C129872	confirmed		
Pitt-Hopkins syndrome	MONDO:0012589	OMIM:610954	confirmed		
Pitt-Hopkins syndrome	MONDO:0012589	Orphanet:2896	confirmed		
Pitt-Hopkins syndrome	MONDO:0012589	icd11.foundation:2040786134	confirmed		
Pitt-Hopkins syndrome	MONDO:0980732	OMIMPS:610954	added		
Pitt-Hopkins syndrome	MONDO:0980732	OMIMPS:610954	added		MONDO:0012589
Precocious menstruation	MONDO:0000088	ICD10CM:E30.1	added		
Precocious menstruation	MONDO:0015791	icd11.foundation:1495024153	added		
Precocious puberty	MONDO:0000088	ICD10CM:E30.1	added		
Precocious puberty	MONDO:0015791	icd11.foundation:1495024153	added		
Primary optic atrophy	MONDO:0001084	ICD10CM:H47.21	added		
Primary optic atrophy	MONDO:0003608	icd11.foundation:568505454	added		
Primary orthostatic hypotension	MONDO:0005469	icd11.foundation:56009591	added		
Primary orthostatic hypotension	MONDO:0015914	Orphanet:182058	added		
Primary progressive aphasia	MONDO:0008243	ICD10CM:G31.01	added		
Primary progressive aphasia	MONDO:0019806	Orphanet:95432	added		
Purpura fulminans	MONDO:0000809	icd11.foundation:1293848111	added		
Purpura fulminans	MONDO:0001243	ICD10CM:D65	added		
Restless legs syndrome	MONDO:0005391	ICD10CM:G25.81	added		
Restless legs syndrome	MONDO:0005391	icd11.foundation:1254916765	added		
Restless legs syndrome	MONDO:0100170	OMIMPS:102300	added		
Richter syndrome	MONDO:0002083	DOID:1703	confirmed		
Richter syndrome	MONDO:0002083	NCIT:C35424	confirmed		
Richter syndrome	MONDO:0002083	PMID:27040710	unconfirmed		
Richter syndrome	MONDO:0002083	icd11.foundation:1736108343	confirmed		
Richter syndrome	MONDO:0004948	ICD10CM:C91.1	added		
Rippling muscle disease	MONDO:0011634	icd11.foundation:894802822	added		
Rippling muscle disease	MONDO:0019947	Orphanet:97238	added		
Roussy-Levy syndrome	MONDO:0015358	ICD10CM:G60.0	added		MONDO:0008392
Salla disease	MONDO:0011449	NCIT:C85067	confirmed		
Salla disease	MONDO:0011449	OMIM:604369	confirmed		
Salla disease	MONDO:0011449	Orphanet:309334	confirmed		
Salla disease	MONDO:0019366	icd11.foundation:1817428569	added		
Salla disease	MONDO:0019366	icd11.foundation:1817428569	added		MONDO:0011449
Schindler disease	MONDO:0012221	icd11.foundation:1058486825	added		
Schindler disease	MONDO:0017779	DOID:0112317	confirmed		
Schindler disease	MONDO:0017779	NORD:1693	unconfirmed		
Schindler disease	MONDO:0017779	Orphanet:3137	confirmed		
Schwartz-Jampel syndrome type 1	MONDO:0009717	Orphanet:800	added		
Schwartz-Jampel syndrome type 1	MONDO:0009717	Orphanet:800	added		MONDO:0100435
Schwartz-Jampel syndrome type 1	MONDO:0100435	DOID:0090005	confirmed		
Secondary hypertension	MONDO:0001200	ICD10WHO:I15	added		
Secondary hypertension	MONDO:0001200	icd11.foundation:1331849426	added		
Secondary hypertension	MONDO:0005044	ICD10CM:I15	added		
Secondary short bowel syndrome	MONDO:0015183	icd11.foundation:780637678	added		
Secondary short bowel syndrome	MONDO:0019802	Orphanet:95427	added		
Sheehan's syndrome	MONDO:0005152	ICD10CM:E23.0	added		
Sheehan's syndrome	MONDO:0019618	DOID:9476	confirmed		
Sheehan's syndrome	MONDO:0019618	NCIT:C35300	confirmed		
Sick sinus syndrome	MONDO:0001823	ICD10CM:I49.5	added		
Sick sinus syndrome	MONDO:0001823	icd11.foundation:1682594333	added		
Sick sinus syndrome	MONDO:0012061	OMIMPS:608567	added		
Simpson dysmorphia syndrome	MONDO:0010731	Orphanet:373	added		
Simpson dysmorphia syndrome	MONDO:0020602	DOID:0060248	confirmed		
Simpson dysmorphia syndrome	MONDO:0020602	OMIM:312870	confirmed		
Simpson-Golabi-Behmel syndrome type 1	MONDO:0010731	Orphanet:373	added		
Simpson-Golabi-Behmel syndrome type 1	MONDO:0010731	Orphanet:373	added		MONDO:0020602
Simpson-Golabi-Behmel syndrome type 1	MONDO:0020602	DOID:0060248	added		
Sipple syndrome	MONDO:0008234	DOID:0050430	confirmed		
Sipple syndrome	MONDO:0008234	OMIM:171400	confirmed		
Sipple syndrome	MONDO:0008234	Orphanet:247698	confirmed		
Sipple syndrome	MONDO:0019003	icd11.foundation:1837913809	added		
Smoldering systemic mastocytosis	MONDO:0015557	Orphanet:158775	added		
Smoldering systemic mastocytosis	MONDO:0016586	ICD10CM:D47.02	added		
Spielmeyer-Vogt disease	MONDO:0016295	ICD10CM:E75.4	added		
Spielmeyer-Vogt disease	MONDO:0019262	icd11.foundation:1716107919	confirmed		
Spondyloepiphyseal dysplasia, Nishimura type	MONDO:0011261	Orphanet:163649	added		
Spondyloepiphyseal dysplasia, Nishimura type	MONDO:0032835	icd11.foundation:523290419	added		
Steinert disease	MONDO:0008056	DOID:11722	confirmed		
Steinert disease	MONDO:0008056	NCIT:C84679	confirmed		
Steinert disease	MONDO:0008056	OMIM:160900	confirmed		
Steinert disease	MONDO:0008056	Orphanet:273	confirmed		
Steinert disease	MONDO:0008056	icd11.foundation:557405480	confirmed		
Steinert disease	MONDO:0016107	ICD10CM:G71.11	added		
Streptobacillosis	MONDO:0006941	NCIT:C34971	confirmed		
Streptobacillosis	MONDO:0020533	icd11.foundation:614000128	added		
Stye	MONDO:0001642	ICD10CM:H00.01	added		
Stye	MONDO:0001642	icd11.foundation:522397394	added		
Stye	MONDO:0005800	DOID:9909	confirmed		
Stye	MONDO:0005800	NCIT:C118722	confirmed		
Systemic candidiasis	MONDO:0042233	ICD10CM:B37.7	added		
Systemic candidiasis	MONDO:0044067	Orphanet:636945	added		
TSHoma	MONDO:0003837	NCIT:C7915	added		
TSHoma	MONDO:0019611		unconfirmed		
Taussig-Bing syndrome	MONDO:0018089	ICD10CM:Q20.1	added		
Taussig-Bing syndrome	MONDO:0020387	Orphanet:99045	confirmed		
Taussig-Bing syndrome	MONDO:0020387	icd11.foundation:1963185163	confirmed		
Telangiectasia macularis eruptiva perstans	MONDO:0019023	ICD10CM:D47.01	added		
Telangiectasia macularis eruptiva perstans	MONDO:0019576	Orphanet:90389	added		
Telangiectasia macularis eruptiva perstans	MONDO:0019576	icd11.foundation:444226072	added		
Thomas syndrome	MONDO:0002017	icd11.foundation:1467584080	added		
Thomas syndrome	MONDO:0002017	icd11.foundation:1467584080	added		MONDO:0018043
Thomas syndrome	MONDO:0018043	Orphanet:3316	added		
Thrombocytopenia	MONDO:0002049	NCIT:C3408	added		
Thrombocytopenia	MONDO:0002049	icd11.foundation:683583694	added		
Thrombocytopenia	MONDO:0100241	OMIMPS:313900	added		
Thrombophilia	MONDO:0002305	NCIT:C84479	added		
Thrombophilia	MONDO:0002305	icd11.foundation:1733531851	added		
Thrombophilia	MONDO:0100240	OMIMPS:188050	added		
Tibial muscular dystrophy	MONDO:0010870	Orphanet:609	added		
Tibial muscular dystrophy	MONDO:0011721	icd11.foundation:651559966	added		
Toxic epidermal necrolysis	MONDO:0018890	Orphanet:537	added		
Toxic epidermal necrolysis	MONDO:0019810	icd11.foundation:1575072695	added		
Treacher Collins syndrome	MONDO:0002457	DOID:2908	confirmed		
Treacher Collins syndrome	MONDO:0002457	NCIT:C75018	confirmed		
Treacher Collins syndrome	MONDO:0002457	OMIMPS:154500	confirmed		
Treacher Collins syndrome	MONDO:0015483	ICD10CM:Q75.4	added		
Tropical endomyocardial fibrosis	MONDO:0006746	icd11.foundation:365224859	added		
Tropical endomyocardial fibrosis	MONDO:0019158	Orphanet:75565	added		
Tuberculous peripheral lymphadenopathy	MONDO:0005831	ICD10CM:A18.2	added		
Tuberculous peripheral lymphadenopathy	MONDO:0957461	icd11.foundation:870345553	added		
Tyrosinosis	MONDO:0010161	icd11.foundation:2029519782	added		
Tyrosinosis	MONDO:0010161	icd11.foundation:2029519782	added		MONDO:0010163
Tyrosinosis	MONDO:0010163	OMIM:276800	confirmed		
Undetermined colitis	MONDO:0006038	icd11.foundation:553916326	added		
Undetermined colitis	MONDO:0015176	Orphanet:103920	added		
Vibratory urticaria	MONDO:0006618	ICD10CM:L50.4	added		
Vibratory urticaria	MONDO:0007447	Orphanet:493342	added		
WDHA syndrome	MONDO:0004058	NCIT:C3488	confirmed		
WDHA syndrome	MONDO:0019960	Orphanet:97282	added		
WDHA syndrome	MONDO:0019960	icd11.foundation:20634476	added		
Waardenburg syndrome type 4A	MONDO:0010192	DOID:0110953	confirmed		
Waardenburg syndrome type 4A	MONDO:0019518	icd11.foundation:1420151003	added		
Waardenburg syndrome type 4A	MONDO:0019518	icd11.foundation:1420151003	added		MONDO:0010192
Westphal disease	MONDO:0016122	icd11.foundation:577112387	added		
Westphal disease	MONDO:0016122	icd11.foundation:577112387	added		MONDO:0042980
Westphal disease	MONDO:0042980	GTR:AN0099343	unconfirmed		
Westphal disease	MONDO:0042980	MESH:C536694	unconfirmed		
Wieacker-Wolff syndrome	MONDO:0010758	DOID:0060815	confirmed		
Wieacker-Wolff syndrome	MONDO:0010758	OMIM:314580	confirmed		
Wieacker-Wolff syndrome	MONDO:0010758	Orphanet:3454	confirmed		
Wieacker-Wolff syndrome	MONDO:0025445	OMIMPS:314580	added		
Wieacker-Wolff syndrome	MONDO:0025445	OMIMPS:314580	added		MONDO:0010758
Wilms tumor	MONDO:0003321	OMIMPS:194070	added		
Wilms tumor	MONDO:0003321	OMIMPS:194070	added		MONDO:0006058
Wilms tumor	MONDO:0006058	MONDO:0021044	unconfirmed		
Wilms tumor	MONDO:0006058	NCIT:C3267	confirmed		
Wolffian duct adenoma	MONDO:0004255	NCIT:C40141	added		
Wolffian duct adenoma	MONDO:0024889	DOID:2616	added		
Wolffian duct tumor	MONDO:0004255	NCIT:C40141	added		
Wolffian duct tumor	MONDO:0024888		unconfirmed		
X-linked chondrodysplasia punctata 1	MONDO:0010555		unconfirmed		
X-linked chondrodysplasia punctata 1	MONDO:0010556	DOID:0060292	added		
X-linked chondrodysplasia punctata 1	MONDO:0010556	DOID:0060292	added		MONDO:0010555
X-linked recessive hypophosphatemic rickets	MONDO:0010358	DOID:0080353	added		
X-linked recessive hypophosphatemic rickets	MONDO:0015612	NCIT:C123260	confirmed		
Xanthinuria	MONDO:0000721	icd11.foundation:1565213608	added		
Xanthinuria	MONDO:0018106	OMIMPS:278300	added		
aase-smith syndrome 2	MONDO:0007110	OMIM:105650	added		
aase-smith syndrome 2	MONDO:0012937	OMIM:612561	added		
abdominal aortic aneurysm	MONDO:0005350	DOID:7693	added		
abdominal aortic aneurysm	MONDO:0024521	OMIM:100070	added		
abdominal aortic aneurysm	MONDO:0024521	OMIM:100070	added		MONDO:0005350
acalculous cholecystitis	MONDO:0006633	DOID:2828	added		
acalculous cholecystitis	MONDO:0043994	icd11.foundation:2071113448	added		
acalculous cholecystitis	MONDO:0043994	icd11.foundation:2071113448	added		MONDO:0006633
acanthosis nigricans	MONDO:0007035	DOID:3138	confirmed		
acanthosis nigricans	MONDO:0007035	ICD10CM:L83	confirmed		
acanthosis nigricans	MONDO:0007035	ICD10WHO:L83	confirmed		
acanthosis nigricans	MONDO:0007035	MONDO:ambiguous	unconfirmed		
acanthosis nigricans	MONDO:0007035	NCIT:C26687	confirmed		
acanthosis nigricans	MONDO:0007035	icd11.foundation:71488193	confirmed		
acanthosis nigricans	MONDO:0043003	OMIM:100600	added		
acanthosis nigricans	MONDO:0043003	OMIM:100600	added		MONDO:0007035
acid sphingomyelinase deficiency	MONDO:0001982	ICD10CM:E75.24	added		MONDO:0100464
acral dysostosis with facial and genital abnormalities	MONDO:0019978	DOID:0060254	confirmed		
acral dysostosis with facial and genital abnormalities	MONDO:0019978	Orphanet:97360	confirmed		
acral dysostosis with facial and genital abnormalities	MONDO:0024455	OMIM:180700	added		
actinobacillosis	MONDO:0005630	DOID:4974	added		
actinobacillosis	MONDO:0005774	icd11.foundation:1563156715	added		
actinobacillosis	MONDO:0005774	icd11.foundation:1563156715	added		MONDO:0005630
acute cholangitis	MONDO:0001930	DOID:14271	confirmed		
acute cholangitis	MONDO:0001930	NCIT:C35334	confirmed		
acute cholangitis	MONDO:0004789	icd11.foundation:1712178777	added		
acute cholangitis	MONDO:0004789	icd11.foundation:1712178777	added		MONDO:0001930
acute conjunctivitis	MONDO:0001214	DOID:11184	added		
acute conjunctivitis	MONDO:0003799	icd11.foundation:831696556	added		
acute conjunctivitis	MONDO:0003799	icd11.foundation:831696556	added		MONDO:0001214
acute endophthalmitis	MONDO:0004863	icd11.foundation:830703931	added		
acute endophthalmitis	MONDO:0004863	icd11.foundation:830703931	added		MONDO:0017202
acute endophthalmitis	MONDO:0017202	DOID:11752	added		
acute myocarditis	MONDO:0002815	DOID:3951	added		
acute myocarditis	MONDO:0004496	icd11.foundation:1018829714	added		
acute myocarditis	MONDO:0004496	icd11.foundation:1018829714	added		MONDO:0002815
adducted thumb-clubfoot syndrome	MONDO:0011142	MESH:C000600608	unconfirmed		
adducted thumb-clubfoot syndrome	MONDO:0011142	Orphanet:2953	confirmed		
adducted thumb-clubfoot syndrome	MONDO:0020681	OMIM:601776	added		
adenocarcinoma of kidney	MONDO:0005549	NCIT:C9385	confirmed		
adenocarcinoma of kidney	MONDO:0007763	OMIM:144700	added		
adolescent idiopathic scoliosis	MONDO:0008419	OMIM:181800	added		MONDO:0005488
adult-onset type II citrullinemia	MONDO:0011326	DOID:0070342	added		
adult-onset type II citrullinemia	MONDO:0016603		unconfirmed		
allergic rhinitis	MONDO:0011786	DOID:4481	confirmed		
allergic rhinitis	MONDO:0011786	NCIT:C79532	confirmed		
allergic rhinitis	MONDO:0011786	icd11.foundation:1711769234	confirmed		
allergic rhinitis	MONDO:0100177	OMIM:607154	added		
allergic rhinitis	MONDO:0100177	OMIM:607154	added		MONDO:0011786
alopecia universalis	MONDO:0008757	DOID:0050634	added		MONDO:0800198
alpha-aminoadipic semialdehyde synthase deficiency	MONDO:0009388	OMIM:238700	added		
alpha-aminoadipic semialdehyde synthase deficiency	MONDO:0010005	OMIM:268700	added		
amastia	MONDO:0007238	GARD:0009489	unconfirmed		
amastia	MONDO:0007238	NCIT:C118459	confirmed		
amastia	MONDO:0100490	OMIM:113700	added		
amastia	MONDO:0100490	OMIM:113700	added		MONDO:0007238
ampulla of Vater cancer	MONDO:0000919	DOID:10020	added		
ampulla of Vater cancer	MONDO:0017590	icd11.foundation:267067189	added		
amyloidosis cutis dyschromica	MONDO:0017906	DOID:0080932	confirmed		
amyloidosis cutis dyschromica	MONDO:0017906	Orphanet:319635	confirmed		
amyloidosis cutis dyschromica	MONDO:0054765	OMIM:617920	added		
amyoplasia congenita	MONDO:0015168	icd11.foundation:1930990330	added		
amyoplasia congenita	MONDO:0044629	Orphanet:488586	confirmed		
anaplastic choroid plexus papilloma	MONDO:0016717	icd11.foundation:1959912502	added		
anaplastic choroid plexus papilloma	MONDO:0016718	NCIT:C4715	confirmed		
anauxetic dysplasia	MONDO:0011773	DOID:0080942	confirmed		
anauxetic dysplasia	MONDO:0011773	OMIMPS:607095	confirmed		
anauxetic dysplasia	MONDO:0011773	Orphanet:93347	confirmed		
anauxetic dysplasia	MONDO:0011773	icd11.foundation:1897630209	confirmed		
anauxetic dysplasia	MONDO:0054560	OMIM:607095	added		
anauxetic dysplasia	MONDO:0054560	OMIM:607095	added		MONDO:0011773
androgenetic alopecia	MONDO:0007184	OMIM:109200	added		MONDO:0005339
anophthalmia, clinical, isolated	MONDO:0009631	OMIM:251600	added		
anophthalmia, clinical, isolated	MONDO:0012409	OMIM:610093	added		
anterior horn cell disease	MONDO:0003182	DOID:4873	added		
anterior horn cell disease	MONDO:0020128	Orphanet:98503	confirmed		
anterior horn cell disease	MONDO:0020128	icd11.foundation:661720689	confirmed		
anterior segment ocular dysgenesis	MONDO:0007138	OMIM:107250	added		
anterior segment ocular dysgenesis	MONDO:0019503	GARD:0010025	unconfirmed		
anus benign neoplasm	MONDO:0003046	DOID:4551	added		
anus benign neoplasm	MONDO:0021469	MONDO:patterns/location	unconfirmed		
aorta atresia	MONDO:0001863	DOID:14037	added		
aorta atresia	MONDO:0009010	icd11.foundation:1769930414	added		
aorta atresia	MONDO:0009010	icd11.foundation:1769930414	added		MONDO:0001863
aortic aneurysm, thoracic, with or without aortic dissection	MONDO:0014514	OMIM:616166	added		
aortic aneurysm, thoracic, with or without aortic dissection	MONDO:0014950	OMIM:617168	added		
aortic valve disease	MONDO:0003803	DOID:62	confirmed		
aortic valve disease	MONDO:0003803	MONDO:patterns/location	unconfirmed		
aortic valve disease	MONDO:0003803	icd11.foundation:1609206873	confirmed		
aortic valve disease	MONDO:0024523	OMIM:109730	added		
aortic valve stenosis	MONDO:0013902	OMIM:614823	added		
aortic valve stenosis	MONDO:0013902	OMIM:614823	added		MONDO:0042981
aortic valve stenosis	MONDO:0032783	OMIM:618496	added		
aortic valve stenosis	MONDO:0032783	OMIM:618496	added		MONDO:0042981
aortic valve stenosis	MONDO:0042981	DOID:1712	added		
aortopulmonary septal defect	MONDO:0016077	icd11.foundation:1988278118	added		
aortopulmonary septal defect	MONDO:0021902	GARD:0000745	unconfirmed		
aortopulmonary septal defect	MONDO:0021902	ICD10CM:Q21.4	confirmed		
aortopulmonary septal defect	MONDO:0021902	NCIT:C101050	confirmed		
aortopulmonary window	MONDO:0016077	icd11.foundation:1988278118	added		
aortopulmonary window	MONDO:0016077	icd11.foundation:1988278118	added		MONDO:0021902
aortopulmonary window	MONDO:0021902	ICD10CM:Q21.4	confirmed		
aortopulmonary window	MONDO:0021902	NCIT:C101050	confirmed		
arteriolosclerosis	MONDO:0005311	ICD10CM:I70	added		
arteriolosclerosis	MONDO:0005311	ICD10CM:I70	added		MONDO:0006658
arteriolosclerosis	MONDO:0006658	DOID:5162	added		
arteriosclerosis	MONDO:0002277	DOID:2349	confirmed		
arteriosclerosis	MONDO:0002277	MONDO:ambiguous	unconfirmed		
arteriosclerosis	MONDO:0002277	NCIT:C34398	confirmed		
arteriosclerosis	MONDO:0005311	ICD10CM:I70	added		
arteriosclerosis obliterans	MONDO:0005311	icd11.foundation:109367356	added		
arteriosclerosis obliterans	MONDO:0005311	icd11.foundation:109367356	added		MONDO:0006659
arteriosclerosis obliterans	MONDO:0006659	DOID:5160	added		
arteriovascular degeneration	MONDO:0005311	ICD10CM:I70	added		
arteriovascular degeneration	MONDO:0005386	icd11.foundation:1821859817	added		
ascaridiasis	MONDO:0005654	ICD10CM:B77	added		
ascaridiasis	MONDO:0005654	icd11.foundation:17842540	added		
ascaridiasis	MONDO:0005654	ICD10CM:B77	added		MONDO:0005655
ascaridiasis	MONDO:0005654	icd11.foundation:17842540	added		MONDO:0005655
ascaridiasis	MONDO:0005655	DOID:3108	added		
ascending cholangitis	MONDO:0001929	DOID:14270	confirmed		
ascending cholangitis	MONDO:0001929	NCIT:C35372	confirmed		
ascending cholangitis	MONDO:0004789	icd11.foundation:1712178777	added		
ascending cholangitis	MONDO:0004789	icd11.foundation:1712178777	added		MONDO:0001929
astereognosia	MONDO:0000680	DOID:0060150	confirmed		
astereognosia	MONDO:0000680	MONDO:ambiguous	unconfirmed		
astereognosia	MONDO:0000680	icd11.foundation:756147896	confirmed		
astereognosia	MONDO:0005638	ICD10CM:R48.1	added		
astereognosia	MONDO:0005638	ICD10CM:R48.1	added		MONDO:0000680
ataxia with lactic acidosis 2	MONDO:0009949	OMIM:266150	added		
ataxia with lactic acidosis 2	MONDO:0019169	icd11.foundation:1124597954	added		
atopic conjunctivitis	MONDO:0001224	icd11.foundation:1044658726	added		MONDO:0005642
atrial cardiomyopathy with heart block	MONDO:0007171	OMIM:108770	added		
atrial cardiomyopathy with heart block	MONDO:0015281		unconfirmed		
atrophic rhinitis	MONDO:0004514	ICD10CM:J31.0	added		
atrophic rhinitis	MONDO:0004514	ICD10CM:J31.0	added		MONDO:0005659
atrophic rhinitis	MONDO:0005659	DOID:4731	added		
attention deficit hyperactivity disorder	MONDO:0005302	DOID:1094	added		
attention deficit hyperactivity disorder	MONDO:0007743	NCIT:C97160	confirmed		
attention deficit-hyperactivity disorder	MONDO:0007743	NCIT:C97160	confirmed		
attention deficit-hyperactivity disorder	MONDO:0100518	OMIM:143465	added		
attention deficit-hyperactivity disorder	MONDO:0100518	OMIM:143465	added		MONDO:0007743
autoinflammation, lipodystrophy, and dermatosis syndrome	MONDO:0009726		unconfirmed		
autoinflammation, lipodystrophy, and dermatosis syndrome	MONDO:0054698	OMIM:256040	added		
avascular necrosis of bone	MONDO:0005380	ICD10CM:M87	added		
avascular necrosis of bone	MONDO:0005380	icd11.foundation:536467755	added		
avascular necrosis of bone	MONDO:0018373	NCIT:C34841	confirmed		
band-like calcification with simplified gyration and polymicrogyria	MONDO:0009626	DOID:0050656	confirmed		
band-like calcification with simplified gyration and polymicrogyria	MONDO:0020789	OMIM:251290	added		
basal cell nevus syndrome	MONDO:0007187	DOID:2512	confirmed		
basal cell nevus syndrome	MONDO:0007187	NCIT:C2892	confirmed		
basal cell nevus syndrome	MONDO:0007187	OMIMPS:109400	confirmed		
basal cell nevus syndrome	MONDO:0007187	Orphanet:377	confirmed		
basal cell nevus syndrome	MONDO:0958174	OMIM:109400	added		
batten disease	MONDO:0008767	OMIM:204200	added		
batten disease	MONDO:0019262	MONDO:0000439	unconfirmed		
bedwetting	MONDO:0000022	NCIT:C118172	confirmed		
bedwetting	MONDO:0010910	OMIM:600631	added		
benign neoplasm of epiglottis	MONDO:0002354	ICD10CM:D14.1	added		MONDO:0021446
benign vascular tumor	MONDO:0024286	DOID:60006	added		MONDO:0971115
bicuspid aortic valve	MONDO:0013902	OMIM:614823	added		
bicuspid aortic valve	MONDO:0024523	OMIM:109730	added		
bicuspid aortic valve	MONDO:0032783	OMIM:618496	added		
biliary malformation with renal tubular insufficiency	MONDO:0008822	OMIM:208085	added		
biliary malformation with renal tubular insufficiency	MONDO:0008822	OMIM:208085	added		MONDO:0008868
biliary malformation with renal tubular insufficiency	MONDO:0008868		unconfirmed		
bipolar I disorder	MONDO:0001866	DOID:14042	added		
bipolar I disorder	MONDO:0004985	ICD10CM:F31	added		
bipolar I disorder	MONDO:0004985	ICD10CM:F31	added		MONDO:0001866
bipolar affective disorder	MONDO:0007440	OMIM:125480	added		
bipolar affective disorder	MONDO:0010648	OMIM:309200	added		
bipolar affective disorder	MONDO:0012642	OMIM:611247	added		
bipolar affective disorder	MONDO:0012685	OMIM:611535	added		
bipolar affective disorder	MONDO:0012686	OMIM:611536	added		
bipolar affective disorder	MONDO:0012877	OMIM:612357	added		
bipolar affective disorder	MONDO:0012881	OMIM:612371	added		
bipolar affective disorder	MONDO:0012882	OMIM:612372	added		
bird-headed dwarfism	MONDO:0008869	OMIM:210600	added		
bird-headed dwarfism	MONDO:0019342	DOID:0050569	confirmed		
bird-headed dwarfism	MONDO:0019342	NCIT:C125488	confirmed		
bladder exstrophy-epispadias-cloacal exstrophy complex	MONDO:0017919	DOID:0080173	added		MONDO:0700039
bladder transitional cell papilloma	MONDO:0004041	DOID:6933	added		
bladder transitional cell papilloma	MONDO:0044906	NCIT:C39858	confirmed		
blepharocheilodontic syndrome	MONDO:0007339	DOID:0080344	confirmed		
blepharocheilodontic syndrome	MONDO:0007339	GARD:0002071	unconfirmed		
blepharocheilodontic syndrome	MONDO:0007339	OMIMPS:119580	confirmed		
blepharocheilodontic syndrome	MONDO:0007339	Orphanet:1997	confirmed		
blepharocheilodontic syndrome	MONDO:0007339	icd11.foundation:755252042	confirmed		
blepharocheilodontic syndrome	MONDO:0054740	OMIM:119580	added		
blepharocheilodontic syndrome	MONDO:0054740	OMIM:119580	added		MONDO:0007339
brachytelephalangic chondrodysplasia punctata	MONDO:0010555	Orphanet:79345	confirmed		
brachytelephalangic chondrodysplasia punctata	MONDO:0011238	OMIM:602497	added		
branched-chain alpha-keto acid dehydrogenase deficiency	MONDO:0009563	icd11.foundation:1623706568	added		
branched-chain alpha-keto acid dehydrogenase deficiency	MONDO:0023691	OMIM:248600	added		
branched-chain ketoaciduria	MONDO:0009563	Orphanet:511	confirmed		
branched-chain ketoaciduria	MONDO:0023691	OMIM:248600	added		
breast cancer	MONDO:0007254	DOID:1612	confirmed		
breast cancer	MONDO:0007254	MONDO:patterns/location	unconfirmed		
breast cancer	MONDO:0007254	icd11.foundation:1047754165	confirmed		
breast cancer	MONDO:0016419	OMIM:114480	added		
breast cancer	MONDO:0016419	OMIM:114480	added		MONDO:0007254
bronchogenic carcinoma	MONDO:0002806	NCIT:C35875	confirmed		
bronchogenic carcinoma	MONDO:0005138	icd11.foundation:947165291	added		
bronchogenic carcinoma	MONDO:0005138	icd11.foundation:947165291	added		MONDO:0002806
bss	MONDO:0008853	OMIM:209885	added		
bss	MONDO:0011512	OMIM:605041	added		
bullous congenital ichthyosiform erythroderma	MONDO:0007239		unconfirmed		
bullous congenital ichthyosiform erythroderma	MONDO:0007813	DOID:0060877	added		
bullous congenital ichthyosiform erythroderma	MONDO:0700249	OMIM:113800	added		
burton syndrome	MONDO:0009496	OMIM:245160	added		
burton syndrome	MONDO:0009717	Orphanet:800	confirmed		
cancer of anus	MONDO:0000405	icd11.foundation:655574575	added		
cancer of anus	MONDO:0001879	MONDO:patterns/cancer	unconfirmed		
cancer of body of stomach	MONDO:0001056	icd11.foundation:1397617262	added		
cancer of body of stomach	MONDO:0003972	DOID:6705	confirmed		
cancer of body of stomach	MONDO:0003972	NCIT:C8399	confirmed		
cancer of gallbladder	MONDO:0003220	NCIT:C3844	confirmed		
cancer of gallbladder	MONDO:0005411	icd11.foundation:922082116	added		
cancer of pylorus of stomach	MONDO:0001061	icd11.foundation:1085414438	added		
cancer of pylorus of stomach	MONDO:0003971	NCIT:C6795	confirmed		
candidiasis, familial chronic mucocutaneous, autosomal dominant	MONDO:0013503	OMIM:613956	added		
candidiasis, familial chronic mucocutaneous, autosomal dominant	MONDO:0013599	OMIM:614162	added		
candidiasis, familial chronic mucocutaneous, autosomal recessive	MONDO:0008905	OMIM:212050	added		
candidiasis, familial chronic mucocutaneous, autosomal recessive	MONDO:0014230	OMIM:615527	added		
carcinoma in situ of caecum	MONDO:0004663	icd11.foundation:1958429829	added		
carcinoma in situ of caecum	MONDO:0021289	MONDO:patterns/carcinoma_in_situ	unconfirmed		
carcinoma in situ of epiglottis	MONDO:0004696	ICD10CM:D02.0	added		
carcinoma in situ of epiglottis	MONDO:0004696	ICD10CM:D02.0	added		MONDO:0021287
carcinoma in situ of epiglottis	MONDO:0021287	MONDO:patterns/carcinoma_in_situ	unconfirmed		
carcinoma in situ of epiglottis	MONDO:0021287	NCIT:C4592	confirmed		
carcinoma in situ of epiglottis	MONDO:0021287	icd11.foundation:238950969	confirmed		
carcinoma of fallopian tube	MONDO:0002158	icd11.foundation:459381514	added		
carcinoma of fallopian tube	MONDO:0006206	DOID:1963	confirmed		
carcinoma of fallopian tube	MONDO:0006206	MONDO:patterns/carcinoma	unconfirmed		
carcinoma of fallopian tube	MONDO:0006206	NCIT:C3867	confirmed		
carcinoma of glottis	MONDO:0002351	icd11.foundation:1564166225	added		
carcinoma of glottis	MONDO:0002355	DOID:2599	confirmed		
carcinoma of glottis	MONDO:0002355	MONDO:patterns/carcinoma	unconfirmed		
carcinoma of glottis	MONDO:0002355	NCIT:C4923	confirmed		
carcinoma of penis	MONDO:0001325	icd11.foundation:969101922	added		
carcinoma of penis	MONDO:0006360	DOID:3449	confirmed		
carcinoma of penis	MONDO:0006360	MONDO:patterns/carcinoma	unconfirmed		
carcinoma of penis	MONDO:0006360	NCIT:C9061	confirmed		
carcinoma of vagina	MONDO:0001402	icd11.foundation:798353632	added		
carcinoma of vagina	MONDO:0015867	MONDO:patterns/carcinoma	unconfirmed		
carcinoma of vagina	MONDO:0015867	NCIT:C3917	confirmed		
cardiac infarction	MONDO:0004781	icd11.foundation:1334938734	added		
cardiac infarction	MONDO:0005068	ICD10CM:I21	added		
catlin marks	MONDO:0008197	OMIM:168500	added		
catlin marks	MONDO:0018953	Orphanet:60015	confirmed		
cerebellum cancer	MONDO:0002913	DOID:4205	added		
cerebellum cancer	MONDO:0021317	MONDO:patterns/location	unconfirmed		
cerebral degeneration	MONDO:0022687	DOID:1443	added		
cerebral degeneration	MONDO:0022687	DOID:1443	added		MONDO:0024238
cerebral degeneration	MONDO:0024238		unconfirmed		
cerebrohepatorenal syndrome	MONDO:0008953	OMIM:214100	added		
cerebrohepatorenal syndrome	MONDO:0019609	DOID:905	confirmed		
cerebrohepatorenal syndrome	MONDO:0019609	Orphanet:912	confirmed		
childhood kidney cancer	MONDO:0002730	DOID:3675	added		
childhood kidney cancer	MONDO:0036511	MONDO:design_pattern	unconfirmed		
chondrogenesis imperfecta	MONDO:0007793	icd11.foundation:1930265486	added		
chondrogenesis imperfecta	MONDO:0008702	OMIM:200610	added		
choroidal sclerosis	MONDO:0004885	DOID:980	added		
choroidal sclerosis	MONDO:0024539	OMIM:215500	added		
choroidal sclerosis	MONDO:0024539	OMIM:215500	added		MONDO:0004885
chromosome 22q11.2 deletion syndrome	MONDO:0008564	OMIM:188400	added		
chromosome 22q11.2 deletion syndrome	MONDO:0008644	OMIM:192430	added		
chronic renal failure	MONDO:0005300	icd11.foundation:412389819	added		
chronic renal failure	MONDO:0024327	NCIT:C9438	confirmed		
cirrhosis, familial	MONDO:0007329	OMIM:215600	confirmed		
cirrhosis, familial	MONDO:0021025	OMIM:118900	added		
cirrhosis, familial	MONDO:0021025	OMIM:118900	added		MONDO:0007329
cleft nose	MONDO:0000110	icd11.foundation:1824850646	added		
cleft nose	MONDO:0015414	Orphanet:141242	confirmed		
cleft palate	MONDO:0007336	OMIM:119540	added		
cleft palate	MONDO:0007336	OMIM:119540	added		MONDO:0016064
cleft palate	MONDO:0016064	DOID:674	added		
coccidiosis	MONDO:0005707	DOID:2113	added		
coccidiosis	MONDO:0018769	icd11.foundation:137713224	added		
coccidiosis	MONDO:0018769	icd11.foundation:137713224	added		MONDO:0005707
collodion baby, self-healing	MONDO:0009439	OMIM:242100	added		
collodion baby, self-healing	MONDO:0009441	OMIM:242300	added		
collodion baby, self-healing	MONDO:0011680	OMIM:606545	added		
colon cancer	MONDO:0005575	OMIM:114500	added		
colon cancer	MONDO:0021063	DOID:219	confirmed		
colon cancer	MONDO:0021063	MONDO:patterns/location	unconfirmed		
colon cancer	MONDO:0021063	icd11.foundation:1265576634	confirmed		
colorectal carcinoma	MONDO:0002424	icd11.foundation:1415734886	added		
colorectal carcinoma	MONDO:0002424	icd11.foundation:1415734886	added		MONDO:0024331
colorectal carcinoma	MONDO:0024331	DOID:0080199	confirmed		
colorectal carcinoma	MONDO:0024331	NCIT:C2955	confirmed		
combined immunodeficiency syndrome	MONDO:0015131	icd11.foundation:1616506198	added		
combined immunodeficiency syndrome	MONDO:0015131	icd11.foundation:1616506198	added		MONDO:0700289
combined immunodeficiency syndrome	MONDO:0700289		unconfirmed		
cone-rod dystrophy	MONDO:0007362	OMIM:120970	added		
cone-rod dystrophy	MONDO:0007362	OMIM:120970	added		MONDO:0015993
cone-rod dystrophy	MONDO:0015993	DOID:0050572	added		
cone-rod dystrophy 14	MONDO:0011193	DOID:0080314	added		MONDO:0800326
congenital amegakaryocytic thrombocytopenia	MONDO:0800451	icd11.foundation:801723173	confirmed		
congenital amegakaryocytic thrombocytopenia	MONDO:0800452	DOID:0090118	added		
congenital amegakaryocytic thrombocytopenia	MONDO:0800452	DOID:0090118	added		MONDO:0800451
congenital amyoplasia	MONDO:0015168	icd11.foundation:1930990330	added		MONDO:0044629
congenital hypoplastic anemia	MONDO:0001713	DOID:1342	added		
congenital hypoplastic anemia	MONDO:0015253		unconfirmed		
congenital multiple arthrogryposis	MONDO:0008779	MESH:D001176	unconfirmed		
congenital multiple arthrogryposis	MONDO:0015168	icd11.foundation:1930990330	added		
congenital nephrotic syndrome	MONDO:0002350	DOID:2590	confirmed		
congenital nephrotic syndrome	MONDO:0002350	NCIT:C35337	confirmed		
congenital nephrotic syndrome	MONDO:0005377	ICD10CM:N04	added		
congenital scalp defects with distal limb reduction anomalies	MONDO:0007034	Orphanet:974	confirmed		
congenital scalp defects with distal limb reduction anomalies	MONDO:0024506	OMIM:100300	added		
constitutional mismatch repair deficiency syndrome	MONDO:0010159	OMIM:276300	added		
constitutional mismatch repair deficiency syndrome	MONDO:0031219	DOID:0112182	confirmed		
constitutional mismatch repair deficiency syndrome	MONDO:0031219	NCIT:C130202	confirmed		
constitutional mismatch repair deficiency syndrome	MONDO:0031219	Orphanet:252202	confirmed		
constitutional mismatch repair deficiency syndrome	MONDO:0031219	https://www.clinicalgenome.org/working-groups/clinical-domain/hereditary-cancer/	unconfirmed		
corneal dystrophy, fuchs endothelial, late-onset	MONDO:0012425	OMIM:610158	added		
corneal dystrophy, fuchs endothelial, late-onset	MONDO:0013203	OMIM:613267	added		
corneal dystrophy, fuchs endothelial, late-onset	MONDO:0013204	OMIM:613268	added		
corneal dystrophy, fuchs endothelial, late-onset	MONDO:0013205	OMIM:613269	added		
corneal dystrophy, fuchs endothelial, late-onset	MONDO:0013206	OMIM:613270	added		
corneal dystrophy, fuchs endothelial, late-onset	MONDO:0013207	OMIM:613271	added		
cortical hyperostosis with syndactyly	MONDO:0010016	OMIM:269500	added		
cortical hyperostosis with syndactyly	MONDO:0017838	NCIT:C131133	confirmed		
costovertebral dysplasia	MONDO:0000359	DOID:0050568	confirmed		
costovertebral dysplasia	MONDO:0000359	https://rarediseases.org/rare-diseases/jarcho-levin-syndrome/	unconfirmed		
costovertebral dysplasia	MONDO:0020692	OMIM:277300	added		
craniocerebellocardiac dysplasia	MONDO:0009073	OMIM:220210	added		
craniocerebellocardiac dysplasia	MONDO:0019078	DOID:0060565	confirmed		
craniocerebellocardiac dysplasia	MONDO:0019078	Orphanet:7	confirmed		
craniofacial dysmorphism, skeletal anomalies, and mental retardation syndrome	MONDO:0031329	DOID:0081072	added		
craniofacial dysmorphism, skeletal anomalies, and mental retardation syndrome	MONDO:0800436	OMIM:213980	added		
craniostenosis	MONDO:0007399	OMIM:123100	added		
craniostenosis	MONDO:0015469	icd11.foundation:458033798	added		
craniosynostosis, metopic	MONDO:0008603	OMIM:190440	added		
craniosynostosis, metopic	MONDO:0013774	OMIM:614485	added		
cryptophthalmos-syndactyly syndrome	MONDO:0009046	NCIT:C118436	confirmed		
cryptophthalmos-syndactyly syndrome	MONDO:0009046	Orphanet:2052	confirmed		
cryptophthalmos-syndactyly syndrome	MONDO:0054737	OMIM:219000	added		
csnb, complete, autosomal recessive	MONDO:0009758	OMIM:257270	added		
csnb, complete, autosomal recessive	MONDO:0013183	OMIM:613216	added		
csnb, complete, autosomal recessive	MONDO:0013450	OMIM:613830	added		
csnb, complete, autosomal recessive	MONDO:0013807	OMIM:614565	added		
cutaneous mycosis	MONDO:0000254	DOID:0050134	added		
cutaneous mycosis	MONDO:0004678	icd11.foundation:1802307036	added		
cutaneous mycosis	MONDO:0004678	icd11.foundation:1802307036	added		MONDO:0000254
cystic fibrosis-like syndrome	MONDO:0008887	OMIM:211400	added		
cystic fibrosis-like syndrome	MONDO:0013087	OMIM:613021	added		
cystic fibrosis-like syndrome	MONDO:0013112	OMIM:613071	added		
deciduous skin	MONDO:0019347	DOID:0060283	confirmed		
deciduous skin	MONDO:0019347	Orphanet:817	confirmed		
deciduous skin	MONDO:0024548	OMIM:270300	added		
dehydrated hereditary stomatocytosis	MONDO:0008689	OMIM:194380	added		
dehydrated hereditary stomatocytosis	MONDO:0008689	OMIM:194380	added		MONDO:0017910
dehydrated hereditary stomatocytosis	MONDO:0017910	DOID:0111575	added		
dentinogenesis imperfecta without osteogenesis imperfecta	MONDO:0007441	OMIM:125490	added		
dentinogenesis imperfecta without osteogenesis imperfecta	MONDO:0018849	Orphanet:49042	confirmed		
dermatosis of eyelid	MONDO:0002137	icd11.foundation:849793428	added		
dermatosis of eyelid	MONDO:0002137	icd11.foundation:849793428	added		MONDO:0024480
dermatosis of eyelid	MONDO:0024480		unconfirmed		
dermatosis papulosa nigra	MONDO:0007446	DOID:4400	confirmed		
dermatosis papulosa nigra	MONDO:0007446	NCIT:C2984	confirmed		
dermatosis papulosa nigra	MONDO:0007446	OMIM:125600	confirmed		
dermatosis papulosa nigra	MONDO:0007446	icd11.foundation:168986957	confirmed		
dermatosis papulosa nigra	MONDO:0008420	ICD10CM:L82	added		
dermatosis papulosa nigra	MONDO:0008420	ICD10CM:L82	added		MONDO:0007446
desbuquois syndrome	MONDO:0009629	OMIM:251450	added		
desbuquois syndrome	MONDO:0015426	DOID:0060462	confirmed		
desbuquois syndrome	MONDO:0015426	Orphanet:1425	confirmed		
desmoplastic/nodular medulloblastoma	MONDO:0016710	DOID:3873	added		
desmoplastic/nodular medulloblastoma	MONDO:0016710	DOID:3873	added		MONDO:0016711
desmoplastic/nodular medulloblastoma	MONDO:0016711	NCIT:C4956	confirmed		
desmoplastic/nodular medulloblastoma	MONDO:0016711	Orphanet:251863	confirmed		
diabetes insipidus	MONDO:0004782	DOID:9409	added		
diabetes insipidus	MONDO:0015790	icd11.foundation:1009553897	added		
diabetes insipidus	MONDO:0015790	icd11.foundation:1009553897	added		MONDO:0004782
dialysis-related amyloidosis	MONDO:0018590	DOID:0080928	added		
dialysis-related amyloidosis	MONDO:0019440	GARD:0010563	unconfirmed		
dialysis-related amyloidosis	MONDO:0019440	Orphanet:85446	confirmed		
diffuse midline glioma, H3 K27-altered	MONDO:0957196	DOID:0080684	added		MONDO:1060171
digital anomalies with short palpebral fissures and atresia of esophagus or duodenum	MONDO:0008115	OMIM:164280	added		
digital anomalies with short palpebral fissures and atresia of esophagus or duodenum	MONDO:0015267	DOID:0060464	confirmed		
digital anomalies with short palpebral fissures and atresia of esophagus or duodenum	MONDO:0015267	Orphanet:1305	confirmed		
digitotalar dysmorphism	MONDO:0007458	OMIM:126050	added		
digitotalar dysmorphism	MONDO:0007458	OMIM:126050	added		MONDO:0015240
digitotalar dysmorphism	MONDO:0015240	DOID:0111596	confirmed		
digitotalar dysmorphism	MONDO:0015240	GARD:0000787	unconfirmed		
digitotalar dysmorphism	MONDO:0015240	Orphanet:1146	confirmed		
digitotalar dysmorphism	MONDO:0015240	icd11.foundation:1679749810	confirmed		
disease of sympathetic nervous system	MONDO:0001292	icd11.foundation:1397803237	added		
disease of sympathetic nervous system	MONDO:0044993	MONDO:patterns/location_top	unconfirmed		
disorder of pituitary gland	MONDO:0003381	MONDO:patterns/location_top	unconfirmed		
disorder of pituitary gland	MONDO:0015127	icd11.foundation:292840069	added		
disorder of pupil	MONDO:0001303	icd11.foundation:538839606	added		
disorder of pupil	MONDO:0002285	MONDO:patterns/location_top	unconfirmed		
disorder of sympathetic nervous system	MONDO:0001292	icd11.foundation:1397803237	added		
disorder of sympathetic nervous system	MONDO:0044993	MONDO:design_pattern	unconfirmed		
disorder of sympathetic nervous system	MONDO:0044993	MONDO:patterns/location_top	unconfirmed		
disorders of initiating and maintaining sleep	MONDO:0013600	ICD10WHO:G47.0	added		
disorders of initiating and maintaining sleep	MONDO:0024376		unconfirmed		
disseminated sclerosis	MONDO:0005301	icd11.foundation:1298865187	added		
disseminated sclerosis	MONDO:0021571	OMIM:126200	added		
distal myopathy with rimmed vacuoles	MONDO:0011603	Orphanet:602	confirmed		
distal myopathy with rimmed vacuoles	MONDO:0014945	DOID:0081363	added		
dominant optic atrophy plus syndrome	MONDO:0007429	OMIM:125250	added		
dominant optic atrophy plus syndrome	MONDO:0014720	DOID:0111340	added		
dopa-responsive dystonia	MONDO:0007495	DOID:0090043	added		
dopa-responsive dystonia	MONDO:0007495	DOID:0090043	added		MONDO:0016812
dopa-responsive dystonia	MONDO:0016812	NCIT:C116719	confirmed		
dopa-responsive dystonia	MONDO:0016812	Orphanet:255	confirmed		
dopa-responsive dystonia	MONDO:0016812	icd11.foundation:1534901505	confirmed		
dysequilibrium syndrome	MONDO:0009133	GARD:0001998	unconfirmed		
dysequilibrium syndrome	MONDO:0009133	Orphanet:1766	confirmed		
dysequilibrium syndrome	MONDO:0024542	OMIM:224050	added		
dysostosis multiplex	MONDO:0001586	icd11.foundation:1539226250	added		
dysostosis multiplex	MONDO:0800088	Orphanet:93448	confirmed		
dystrophia myotonica	MONDO:0008056	DOID:11722	confirmed		
dystrophia myotonica	MONDO:0008056	OMIM:160900	confirmed		
dystrophia myotonica	MONDO:0016107	ICD10CM:G71.11	added		
dystrophia myotonica	MONDO:0016107	icd11.foundation:192087511	added		
ear infection	MONDO:0005441	icd11.foundation:1079654421	added		MONDO:0021666
echinococcus granulosus infection	MONDO:0005738	icd11.foundation:1456802165	added		
echinococcus granulosus infection	MONDO:0044346		unconfirmed		
ectodermal dysplasia, anhidrotic	MONDO:0009147	OMIM:224900	added		
ectodermal dysplasia, anhidrotic	MONDO:0013983	OMIM:614941	added		
ectodermal dysplasia, hypohidrotic	MONDO:0009147	OMIM:224900	added		
ectodermal dysplasia, hypohidrotic	MONDO:0013983	OMIM:614941	added		
ectodermal dysplasia, hypohidrotic, autosomal dominant	MONDO:0007509	OMIM:129490	added		
ectodermal dysplasia, hypohidrotic, autosomal dominant	MONDO:0013982	OMIM:614940	added		
ectrodactyly	MONDO:0008464	OMIM:183600	added		
ectrodactyly	MONDO:0016576	NCIT:C75000	confirmed		
ectrodactyly	MONDO:0016576	Orphanet:2440	confirmed		
ectrodactyly	MONDO:0017449	icd11.foundation:924222970	added		
end-stage renal disease, diabetic, susceptibility to	MONDO:0012962	OMIM:612623	added		
end-stage renal disease, diabetic, susceptibility to	MONDO:0012963	OMIM:612624	added		
endocervicitis	MONDO:0002345	ICD10CM:N72	added		
endocervicitis	MONDO:0002345	ICD10CM:N72	added		MONDO:0003632
endocervicitis	MONDO:0003632	DOID:5757	added		
enlarged vestibular aqueduct	MONDO:0010933		unconfirmed		
enlarged vestibular aqueduct	MONDO:0023069	DOID:0050332	added		
epidermodysplasia verruciformis	MONDO:0009176	DOID:13777	confirmed		
epidermodysplasia verruciformis	MONDO:0009176	NCIT:C126877	confirmed		
epidermodysplasia verruciformis	MONDO:0009176	icd11.foundation:1191479808	confirmed		
epidermodysplasia verruciformis	MONDO:0100045	OMIM:226400	added		
epidermodysplasia verruciformis	MONDO:0100045	OMIM:226400	added		MONDO:0009176
epidermolytic ichthyosis	MONDO:0007239	DOID:4603	confirmed		
epidermolytic ichthyosis	MONDO:0007239	PMID:20643494	unconfirmed		
epidermolytic ichthyosis	MONDO:0007239	icd11.foundation:1183730789	confirmed		
epidermolytic ichthyosis	MONDO:0700249	OMIM:113800	added		
epidermolytic ichthyosis	MONDO:0700249	OMIM:113800	added		MONDO:0007239
epiglottitis	MONDO:0005753	DOID:9398	added		
epiglottitis	MONDO:0041366	icd11.foundation:1070805666	added		
epiglottitis	MONDO:0041366	icd11.foundation:1070805666	added		MONDO:0005753
epilepsy, familial focal, with variable foci	MONDO:0020310	MONDO:0000215	unconfirmed		
epilepsy, familial focal, with variable foci	MONDO:0020310	OMIMPS:604364	confirmed		
epilepsy, familial focal, with variable foci	MONDO:0024556	OMIM:604364	added		
epilepsy, idiopathic generalized, susceptibility to, locus on chromosome 10	MONDO:0012338	OMIM:609750	added		
epilepsy, idiopathic generalized, susceptibility to, locus on chromosome 10	MONDO:0012760	OMIM:611934	added		
erythrogenesis imperfecta	MONDO:0007110	OMIM:105650	added		
erythrogenesis imperfecta	MONDO:0015253		unconfirmed		
erythrokeratoderma en cocardes	MONDO:0011208	icd11.foundation:792094526	added		MONDO:0017836
erythrokeratodermia variabilis	MONDO:0017851	DOID:0050467	confirmed		
erythrokeratodermia variabilis	MONDO:0017851	NCIT:C84696	confirmed		
erythrokeratodermia variabilis	MONDO:0017851	Orphanet:317	confirmed		
erythrokeratodermia variabilis	MONDO:0017851	icd11.foundation:551200965	confirmed		
erythrokeratodermia variabilis	MONDO:0033010	OMIM:133200	added		
erythrokeratodermia variabilis	MONDO:0033010	OMIM:133200	added		MONDO:0017851
ethmoid sinusitis	MONDO:0004757	icd11.foundation:1076459084	added		
ethmoid sinusitis	MONDO:0004757	icd11.foundation:1076459084	added		MONDO:0005756
ethmoid sinusitis	MONDO:0005756	DOID:9507	added		
exfoliation syndrome	MONDO:0008327	DOID:13641	added		
exfoliation syndrome	MONDO:0100046	OMIM:177650	added		
exfoliation syndrome	MONDO:0100046	OMIM:177650	added		MONDO:0008327
extrinsic asthma	MONDO:0004784	icd11.foundation:1870104478	added		
extrinsic asthma	MONDO:0004784	icd11.foundation:1870104478	added		MONDO:0850284
extrinsic asthma	MONDO:0850284	DOID:0080811	added		
eyelid benign neoplasm	MONDO:0002235	DOID:2173	added		
eyelid benign neoplasm	MONDO:0021605	MONDO:patterns/location	unconfirmed		
face blindness	MONDO:0003227	NCIT:C85031	confirmed		
face blindness	MONDO:0012484	OMIM:610382	added		
facioscapulohumeral muscular dystrophy	MONDO:0001347	DOID:11727	confirmed		
facioscapulohumeral muscular dystrophy	MONDO:0001347	ICD10CM:G71.02	confirmed		
facioscapulohumeral muscular dystrophy	MONDO:0001347	NCIT:C84704	confirmed		
facioscapulohumeral muscular dystrophy	MONDO:0001347	OMIMPS:158900	confirmed		
facioscapulohumeral muscular dystrophy	MONDO:0001347	Orphanet:269	confirmed		
facioscapulohumeral muscular dystrophy	MONDO:0001347	icd11.foundation:621965073	confirmed		
facioscapulohumeral muscular dystrophy	MONDO:0008030	OMIM:158900	added		
facioscapulohumeral muscular dystrophy	MONDO:0008030	OMIM:158900	added		MONDO:0001347
factor V deficiency	MONDO:0009210	DOID:2216	added		
factor V deficiency	MONDO:0009210	DOID:2216	added		MONDO:0020586
factor V deficiency	MONDO:0020586	NCIT:C131738	confirmed		
factor VII deficiency	MONDO:0002244		unconfirmed		
factor VII deficiency	MONDO:0009211	DOID:2215	added		
factor VII deficiency	MONDO:0009211	DOID:2215	added		MONDO:0002244
factor X deficiency	MONDO:0009212	DOID:2222	added		MONDO:0002247
factor XI deficiency	MONDO:0012897	DOID:2229	added		
factor XI deficiency	MONDO:0012897	icd11.foundation:413739466	added		
factor XI deficiency	MONDO:0012897	DOID:2229	added		MONDO:0020587
factor XI deficiency	MONDO:0012897	icd11.foundation:413739466	added		MONDO:0020587
factor XI deficiency	MONDO:0020587	NCIT:C131739	confirmed		
factor XIII deficiency	MONDO:0018029	DOID:2211	added		MONDO:0002241
familial adult myoclonic epilepsy	MONDO:0000160	DOID:0111689	added		
familial adult myoclonic epilepsy	MONDO:0019448	Orphanet:86814	confirmed		
familial atypical multiple mole melanoma-pancreatic carcinoma syndrome	MONDO:0011713	OMIM:606719	added		
familial atypical multiple mole melanoma-pancreatic carcinoma syndrome	MONDO:0018453	Orphanet:404560	confirmed		
familial hyperkalemic hypertension	MONDO:0013781	OMIM:614495	added		
familial hyperkalemic hypertension	MONDO:0019162	Orphanet:757	confirmed		
familial juvenile hyperuricemic nephropathy	MONDO:0000608	DOID:0060062	confirmed		
familial juvenile hyperuricemic nephropathy	MONDO:0000608	GARD:0000067	unconfirmed		
familial juvenile hyperuricemic nephropathy	MONDO:0008073	OMIM:162000	added		
familial juvenile hyperuricemic nephropathy	MONDO:0008073	OMIM:162000	added		MONDO:0000608
familial periodic paralysis	MONDO:0000995	DOID:1029	confirmed		
familial periodic paralysis	MONDO:0000995	MESH:D010245	unconfirmed		
familial periodic paralysis	MONDO:0000995	NCIT:C84709	confirmed		
familial periodic paralysis	MONDO:0016122	icd11.foundation:577112387	added		
familial periodic paralysis	MONDO:0016122	icd11.foundation:577112387	added		MONDO:0000995
favus	MONDO:0004678	ICD10CM:B35	added		
favus	MONDO:0005983	DOID:4336	confirmed		
favus	MONDO:0005983	NCIT:C35072	confirmed		
fetal akinesia deformation sequence	MONDO:0008824	NCIT:C129071	confirmed		
fetal akinesia deformation sequence	MONDO:0008824	OMIMPS:208150	confirmed		
fetal akinesia deformation sequence	MONDO:0100101	OMIM:208150	added		
fetal akinesia deformation sequence	MONDO:0100101	OMIM:208150	added		MONDO:0008824
fetal and neonatal alloimmune thrombocytopenia	MONDO:0980723	OMIM:621264	added		MONDO:0019415
fetal face syndrome	MONDO:0019978	DOID:0060254	confirmed		
fetal face syndrome	MONDO:0019978	Orphanet:97360	confirmed		
fetal face syndrome	MONDO:0024455	OMIM:180700	added		
fibroadenoma of breast	MONDO:0000620	ICD10CM:D24	added		
fibroadenoma of breast	MONDO:0002056	DOID:1618	confirmed		
fibroadenoma of breast	MONDO:0002056	NCIT:C3744	confirmed		
fibroadenoma of breast	MONDO:0002056	icd11.foundation:143326763	confirmed		
fibrocystic disease	MONDO:0005219	NCIT:C3039	confirmed		
fibrocystic disease	MONDO:0009061	icd11.foundation:514403112	added		
fibrocystic mastopathy	MONDO:0004808	ICD10CM:N60	added		
fibrocystic mastopathy	MONDO:0005219	NCIT:C3039	confirmed		
fibronectin glomerulopathy	MONDO:0007671	MESH:C536826	unconfirmed		
fibronectin glomerulopathy	MONDO:0007671	Orphanet:84090	confirmed		
fibronectin glomerulopathy	MONDO:0007671	icd11.foundation:1877494378	confirmed		
fibronectin glomerulopathy	MONDO:0011165	OMIM:601894	added		
fibronectin glomerulopathy	MONDO:0011165	OMIM:601894	added		MONDO:0007671
fish-odor syndrome	MONDO:0011182		unconfirmed		
fish-odor syndrome	MONDO:0018767	OMIM:602079	added		
floppy mitral valve	MONDO:0004910	DOID:988	confirmed		
floppy mitral valve	MONDO:0004910	NCIT:C50655	confirmed		
floppy mitral valve	MONDO:0024529	OMIM:157700	added		
focal nonepidermolytic palmoplantar keratoderma	MONDO:0013073	OMIM:613000	added		
focal nonepidermolytic palmoplantar keratoderma	MONDO:0014622	DOID:0111708	added		
foramina parietalia permagna	MONDO:0008197	OMIM:168500	added		
foramina parietalia permagna	MONDO:0018953	Orphanet:60015	confirmed		
foramina parietalia permagna	MONDO:0018953	icd11.foundation:905361904	confirmed		
frontal sinus benign neoplasm	MONDO:0001757	DOID:1361	added		
frontal sinus benign neoplasm	MONDO:0021483	MONDO:patterns/location	unconfirmed		
frontal sinusitis	MONDO:0001120	icd11.foundation:881075891	added		
frontal sinusitis	MONDO:0001120	icd11.foundation:881075891	added		MONDO:0001121
frontal sinusitis	MONDO:0001121	DOID:10791	added		
frontonasal dysplasia	MONDO:0007636	OMIM:136760	added		
frontonasal dysplasia	MONDO:0007636	OMIM:136760	added		MONDO:0016643
frontonasal dysplasia	MONDO:0016643	DOID:0081044	added		
frontotemporal dementia and/or amyotrophic lateral sclerosis	MONDO:0007105	OMIM:105550	added		MONDO:0030923
frontotemporal lobe dementia	MONDO:0010857	OMIM:600274	added		
frontotemporal lobe dementia	MONDO:0017276	icd11.foundation:831337417	added		
generalised glycogenosis	MONDO:0002412	icd11.foundation:1187107383	added	http://purl.obolibrary.org/obo/OMO_0003005	
generalised glycogenosis	MONDO:0009290		unconfirmed	http://purl.obolibrary.org/obo/OMO_0003005	
generalized pustular psoriasis	MONDO:0013626	OMIM:614204	added		MONDO:0100491
germ cell cancer	MONDO:0005040	DOID:2994	added		
germ cell cancer	MONDO:0006290	MONDO:patterns/location	unconfirmed		
glaucoma, primary open angle	MONDO:0005338		unconfirmed		
glaucoma, primary open angle	MONDO:0100553	OMIM:137760	added		
glutaric aciduria	MONDO:0000129	MONDO:ambiguous	unconfirmed		
glutaric aciduria	MONDO:0017351	ICD10CM:E72.3	added		
glutaric aciduria	MONDO:0017351	ICD10CM:E72.3	added		MONDO:0000129
glycogen synthase deficiency	MONDO:0002412	icd11.foundation:1187107383	added		
glycogen synthase deficiency	MONDO:0009414		unconfirmed		
glycoproteinosis	MONDO:0009738	DOID:3343	added		MONDO:0017731
granular-lattice corneal dystrophy	MONDO:0001490	icd11.foundation:965716695	added		
granular-lattice corneal dystrophy	MONDO:0011855	Orphanet:98963	confirmed		
growth hormone insensitivity syndrome	MONDO:0009877	OMIM:262500	added		MONDO:0015892
gthr	MONDO:0008569	OMIM:188570	added		
gthr	MONDO:0010131	OMIM:274300	added		
hard syndrome	MONDO:0000171	DOID:0050560	confirmed		
hard syndrome	MONDO:0000171	Orphanet:899	confirmed		
hard syndrome	MONDO:0009364	OMIM:236670	added		
heart attack	MONDO:0004781	icd11.foundation:1334938734	added		
heart attack	MONDO:0005068	DOID:5844	confirmed		
heart attack	MONDO:0005068	NCIT:C27996	confirmed		
hematologic cancer	MONDO:0002334	DOID:2531	added		
hematologic cancer	MONDO:0044881	NCIT:C27134	confirmed		
hemifacial microsomia	MONDO:0015397	DOID:2907	confirmed		
hemifacial microsomia	MONDO:0958175	OMIM:164210	added		
hemochromatosis, hereditary	MONDO:0006507		unconfirmed		
hemochromatosis, hereditary	MONDO:0021001	OMIM:235200	added		
hemoglobinopathy	MONDO:0019050	DOID:2860	added		
hemoglobinopathy	MONDO:0019050	DOID:2860	added		MONDO:0044348
hemoglobinopathy	MONDO:0044348		unconfirmed		
hepatoma	MONDO:0007256	DOID:684	confirmed		
hepatoma	MONDO:0007256	ICD10CM:C22.0	confirmed		
hepatoma	MONDO:0007256	NCIT:C3099	confirmed		
hepatoma	MONDO:0007256	OMIM:114550	confirmed		
hepatoma	MONDO:0007256	https://orcid.org/0000-0002-6601-2165	unconfirmed		
hepatoma	MONDO:1015242	VeNom:966	unconfirmed		
hepatorenal glycogenosis	MONDO:0002413	Orphanet:364	confirmed		
hepatorenal glycogenosis	MONDO:0009287	OMIM:232200	added		
hereditary motor neuron disease	MONDO:0020128	icd11.foundation:661720689	added		
hereditary motor neuron disease	MONDO:0020128	icd11.foundation:661720689	added		MONDO:0024257
hereditary motor neuron disease	MONDO:0024257	MONDO:patterns/hereditary	unconfirmed		
herpes simplex encephalitis, susceptibility to, 7	MONDO:0014680		unconfirmed		
herpes simplex encephalitis, susceptibility to, 7	MONDO:0030313	OMIM:619396	added		
herpes simplex encephalitis, susceptibility to, 7	MONDO:0030313	OMIM:619396	added		MONDO:0014680
high blood pressure	MONDO:0001134	icd11.foundation:761947693	added		
high blood pressure	MONDO:0005044	NCIT:C3117	confirmed		
high density lipoprotein deficiency	MONDO:0011393	OMIM:604091	added		
high density lipoprotein deficiency	MONDO:0032766	OMIM:618463	added		
hl deficiency	MONDO:0009520	OMIM:246450	added		
hl deficiency	MONDO:0013533	OMIM:614025	added		
humeroradial synostosis	MONDO:0007737	DOID:0060467	confirmed		
humeroradial synostosis	MONDO:0007737	MONDO:ambiguous	unconfirmed		
humeroradial synostosis	MONDO:0007737	OMIM:143050	confirmed		
humeroradial synostosis	MONDO:0009356	OMIM:236400	added		
humeroradial synostosis	MONDO:0009356	OMIM:236400	added		MONDO:0007737
hydatidiform mole	MONDO:0006248	ICD10WHO:O01	confirmed		
hydatidiform mole	MONDO:0006248	MONDO:0020551	unconfirmed		
hydatidiform mole	MONDO:0006248	NCIT:C3110	confirmed		
hydatidiform mole	MONDO:0006248	Orphanet:99927	confirmed		
hydatidiform mole	MONDO:0009273	OMIM:231090	added		
hydatidiform mole	MONDO:0009273	OMIM:231090	added		MONDO:0006248
hydatidiform mole, complete	MONDO:0009273	OMIM:231090	added		
hydatidiform mole, complete	MONDO:0013671	OMIM:614293	added		
hypercalcemia, idiopathic, of infancy	MONDO:0000212		unconfirmed	http://purl.obolibrary.org/obo/mondo#DEPRECATED	
hypercalcemia, idiopathic, of infancy	MONDO:0020739	OMIM:143880	added	http://purl.obolibrary.org/obo/mondo#DEPRECATED	
hypercortisolism due to nonpituitary tumour	MONDO:0020527	icd11.foundation:1646144829	added	http://purl.obolibrary.org/obo/OMO_0003005	
hypercortisolism due to nonpituitary tumour	MONDO:0043472		unconfirmed	http://purl.obolibrary.org/obo/OMO_0003005	
hyperglycerolemia	MONDO:0010613	OMIM:307030	added		
hyperglycerolemia	MONDO:0018459	Orphanet:408	confirmed		
hyperinsulinemic hypoglycemia due to focal adenomatous hyperplasia	MONDO:0009734	OMIM:256450	added		
hyperinsulinemic hypoglycemia due to focal adenomatous hyperplasia	MONDO:0011153	OMIM:601820	added		
hyperinsulinism, congenital	MONDO:0009734	OMIM:256450	added		
hyperinsulinism, congenital	MONDO:0011153	OMIM:601820	added		
hyperkalemic periodic paralysis	MONDO:0008224	DOID:14451	confirmed		
hyperkalemic periodic paralysis	MONDO:0008224	NCIT:C123429	confirmed		
hyperkalemic periodic paralysis	MONDO:0008224	OMIM:170500	confirmed		
hyperkalemic periodic paralysis	MONDO:0008224	Orphanet:682	confirmed		
hyperkalemic periodic paralysis	MONDO:0016122	ICD10CM:G72.3	added		
hyperkalemic periodic paralysis	MONDO:0016122	ICD10CM:G72.3	added		MONDO:0008224
hyperprolactinemia	MONDO:0005804	ICD10CM:E22.1	confirmed		
hyperprolactinemia	MONDO:0005804	MONDO:ambiguous	unconfirmed		
hyperprolactinemia	MONDO:0024305	DOID:12700	added		
hyperprolactinemia	MONDO:0024305	DOID:12700	added		MONDO:0005804
hyperreninemic hypoaldosteronism, familial, 1	MONDO:0008751	OMIM:203400	added		
hyperreninemic hypoaldosteronism, familial, 1	MONDO:0012524	OMIM:610600	added		
hypersomnia	MONDO:0005466	ICD10CM:G47.1	confirmed		
hypersomnia	MONDO:0005466	MONDO:ambiguous	unconfirmed		
hypersomnia	MONDO:0005466	NCIT:C78346	confirmed		
hypersomnia	MONDO:0018044	icd11.foundation:631826564	added		
hypersomnia	MONDO:0018044	icd11.foundation:631826564	added		MONDO:0005466
hyperthyroidism	MONDO:0004425	DOID:7998	added		
hyperthyroidism	MONDO:0010138	icd11.foundation:1470387017	added		
hyperthyroidism	MONDO:0010138	icd11.foundation:1470387017	added		MONDO:0004425
hypochromic anemia	MONDO:0001356	ICD10CM:D50	added		
hypochromic anemia	MONDO:0001356	ICD10CM:D50	added		MONDO:0001357
hypochromic anemia	MONDO:0001357	DOID:11759	confirmed		
hypochromic anemia	MONDO:0001357	MONDO:ambiguous	unconfirmed		
hypochromic anemia	MONDO:0001357	NCIT:C34380	confirmed		
hypokalemic periodic paralysis	MONDO:0008223	DOID:14452	confirmed		
hypokalemic periodic paralysis	MONDO:0008223	NCIT:C84775	confirmed		
hypokalemic periodic paralysis	MONDO:0008223	Orphanet:681	confirmed		
hypokalemic periodic paralysis	MONDO:0016122	ICD10CM:G72.3	added		
hypokalemic periodic paralysis	MONDO:0016122	ICD10CM:G72.3	added		MONDO:0008223
hypokalemic periodic paralysis	MONDO:0042979	OMIM:170400	added		
hypokalemic periodic paralysis	MONDO:0042979	OMIM:170400	added		MONDO:0008223
ichthyosis vulgaris	MONDO:0007810	DOID:1702	added		
ichthyosis vulgaris	MONDO:0007810	OMIM:146700	added		
ichthyosis vulgaris	MONDO:0007810	DOID:1702	added		MONDO:0024304
ichthyosis vulgaris	MONDO:0007810	OMIM:146700	added		MONDO:0024304
ichthyosis vulgaris	MONDO:0024304	NCIT:C84778	confirmed		
ichthyosis vulgaris	MONDO:0024304	icd11.foundation:841161884	confirmed		
ideomotor apraxia	MONDO:0000665	icd11.foundation:986651951	added		
ideomotor apraxia	MONDO:0000665	icd11.foundation:986651951	added		MONDO:0006800
ideomotor apraxia	MONDO:0006800	DOID:4627	added		
idiopathic avascular necrosis	MONDO:0017178	icd11.foundation:467851106	added		MONDO:0018380
idiopathic cardiomyopathy	MONDO:0004994	icd11.foundation:282225286	added		MONDO:0005110
idiopathic infantile arterial calcification	MONDO:0008817	OMIM:208000	added		
idiopathic infantile arterial calcification	MONDO:0018870	DOID:0050644	confirmed		
idiopathic infantile arterial calcification	MONDO:0018870	Orphanet:51608	confirmed		
infantile autism	MONDO:0005258	icd11.foundation:437815624	added		
infantile autism	MONDO:0005260	DOID:12849	confirmed		
infantile autism	MONDO:0005260	ICD10CM:F84.0	confirmed		
infantile bilateral striatal necrosis	MONDO:0010080	OMIM:271930	added		
infantile bilateral striatal necrosis	MONDO:0010080	OMIM:271930	added		MONDO:0015518
infantile bilateral striatal necrosis	MONDO:0015518	GARD:0005040	unconfirmed		
infantile bilateral striatal necrosis	MONDO:0015518	Orphanet:1576	confirmed		
infantile bilateral striatal necrosis	MONDO:0015518	icd11.foundation:1947032348	confirmed		
infantile epileptic-dyskinetic encephalopathy	MONDO:0010632	OMIM:308350	added		MONDO:0018226
infantile phytanic acid storage disease	MONDO:0009959		unconfirmed		
infantile phytanic acid storage disease	MONDO:0011101	OMIM:601539	added		
inflammation of tonsil	MONDO:0001039		unconfirmed		
inflammation of tonsil	MONDO:0020686	icd11.foundation:260431605	added		
inflammatory bowel disease, early-onset, autosomal recessive	MONDO:0012941	OMIM:612567	added		
inflammatory bowel disease, early-onset, autosomal recessive	MONDO:0013153	OMIM:613148	confirmed		
inflammatory bowel disease, early-onset, autosomal recessive	MONDO:0030314	OMIM:619398	added		
interstitial keratitis	MONDO:0001694	icd11.foundation:1750662534	added		
interstitial keratitis	MONDO:0001694	icd11.foundation:1750662534	added		MONDO:0004902
interstitial keratitis	MONDO:0004902	DOID:9857	added		
intestinal benign neoplasm	MONDO:0021118	DOID:4610	added		MONDO:0003062
intestinal disaccharidase deficiency	MONDO:0004905	DOID:9868	added		
intestinal disaccharidase deficiency	MONDO:0009114	icd11.foundation:1817406536	added		
intestinal disaccharidase deficiency	MONDO:0009114	icd11.foundation:1817406536	added		MONDO:0004905
intestinal pseudo-obstruction	MONDO:0000858	DOID:0080072	added		
intestinal pseudo-obstruction	MONDO:0000858	DOID:0080072	added		MONDO:0002803
intestinal pseudo-obstruction	MONDO:0002803	NCIT:C34733	confirmed		
intracranial hypertension	MONDO:0006810	DOID:9428	added		
intracranial hypertension	MONDO:0009468	icd11.foundation:815670637	added		
intracranial hypertension	MONDO:0009468	icd11.foundation:815670637	added		MONDO:0006810
iritis	MONDO:0006651	icd11.foundation:908233081	added		
iritis	MONDO:0006651	icd11.foundation:908233081	added		MONDO:0006814
iritis	MONDO:0006814	DOID:1406	confirmed		
iritis	MONDO:0006814	MONDO:ambiguous	unconfirmed		
iritis	MONDO:0006814	NCIT:C50621	confirmed		
junctional epidermolysis bullosa inversa	MONDO:0009180	OMIM:226650	added		MONDO:0019308
keratopathy	MONDO:0000942	icd11.foundation:980864631	added		
keratopathy	MONDO:0000942	icd11.foundation:980864631	added		MONDO:0002261
keratopathy	MONDO:0002261	DOID:2283	added		
lacrimoauriculodentodigital syndrome	MONDO:0007872	DOID:0081370	confirmed		
lacrimoauriculodentodigital syndrome	MONDO:0007872	OMIMPS:149730	confirmed		
lacrimoauriculodentodigital syndrome	MONDO:0007872	Orphanet:2363	confirmed		
lacrimoauriculodentodigital syndrome	MONDO:0100302	OMIM:149730	added		
lacrimoauriculodentodigital syndrome 1	MONDO:0007872	DOID:0050331	added		
lacrimoauriculodentodigital syndrome 1	MONDO:0100302	OMIM:149730	confirmed		
lactic acidosis	MONDO:0024306	DOID:3650	added		MONDO:0006040
laryngeal carcinoma	MONDO:0002352	icd11.foundation:75194057	added		
laryngeal carcinoma	MONDO:0002352	icd11.foundation:75194057	added		MONDO:0002358
laryngeal carcinoma	MONDO:0002358	DOID:2600	confirmed		
laryngeal carcinoma	MONDO:0002358	NCIT:C4855	confirmed		
laryngeal inflammation	MONDO:0002647	NCIT:C26811	confirmed		
laryngeal inflammation	MONDO:0004777	icd11.foundation:1180710837	added		
larynx inflammation	MONDO:0002647	MONDO:patterns/inflammatory_disease_by_site	unconfirmed		
larynx inflammation	MONDO:0004777	icd11.foundation:1180710837	added		
lethal midline granuloma	MONDO:0006828	DOID:9072	added		
lethal midline granuloma	MONDO:0019472	Orphanet:86879	confirmed		
lip-pit syndrome	MONDO:0007333	OMIM:119300	added		
lip-pit syndrome	MONDO:0019508	Orphanet:888	confirmed		
lipoid nephrosis	MONDO:0005377	ICD10CM:N04	added		
lipoid nephrosis	MONDO:0006835	DOID:10966	confirmed		
lipoid nephrosis	MONDO:0006835	NCIT:C34844	confirmed		
lipoma	MONDO:0005106	DOID:3315	confirmed		
lipoma	MONDO:0005106	NCIT:C3192	confirmed		
lipoma	MONDO:0005106	icd11.foundation:1090000716	confirmed		
lipoma	MONDO:0007909	OMIM:151900	added		
lipoma	MONDO:0007909	OMIM:151900	added		MONDO:0005106
lipomatosis, familial multiple	MONDO:0005106		unconfirmed		
lipomatosis, familial multiple	MONDO:0007909	OMIM:151900	added		
lipomucopolysaccharidosis	MONDO:0009738	OMIM:256550	added		
lipomucopolysaccharidosis	MONDO:0019346	Orphanet:812	confirmed		
lipomucopolysaccharidosis	MONDO:0019346	icd11.foundation:1154773192	confirmed		
lissencephaly 3	MONDO:0012703	NCIT:C148461	confirmed		
lissencephaly 3	MONDO:0012703	OMIM:611603	unconfirmed		
lissencephaly 3	MONDO:0015148	DOID:0112232	added		
liver cancer	MONDO:0002691	DOID:3571	confirmed		
liver cancer	MONDO:0002691	MONDO:patterns/location	unconfirmed		
liver cancer	MONDO:0002691	icd11.foundation:1605020868	confirmed		
liver cancer	MONDO:0007256	OMIM:114550	added		
liver cancer	MONDO:0007256	OMIM:114550	added		MONDO:0002691
long QT syndrome 4	MONDO:0010958	DOID:0111701	added		MONDO:0800323
lower gum cancer	MONDO:0004713	DOID:9125	added		
lower gum cancer	MONDO:0005507	icd11.foundation:1719710858	added		
lower gum cancer	MONDO:0005507	icd11.foundation:1719710858	added		MONDO:0004713
lower lip cancer	MONDO:0004673	DOID:8883	confirmed		
lower lip cancer	MONDO:0004673	MONDO:patterns/location	unconfirmed		
lower lip cancer	MONDO:0006834	icd11.foundation:304997495	added		
lower lip cancer	MONDO:0006834	icd11.foundation:304997495	added		MONDO:0004673
lymphoplasmacytic lymphoma	MONDO:0000432	NCIT:C3212	confirmed		
lymphoplasmacytic lymphoma	MONDO:0000432	icd11.foundation:2058944823	confirmed		
lymphoplasmacytic lymphoma	MONDO:0100280	DOID:0060901	added		
lymphoplasmacytic lymphoma	MONDO:0100280	DOID:0060901	added		MONDO:0000432
macroglossia	MONDO:0007927	OMIM:153630	added		MONDO:0015496
malignant astrocytoma	MONDO:0016684	NCIT:C9477	confirmed		
malignant astrocytoma	MONDO:0021636	DOID:3069	added		
malignant neoplasm of hepatopancreatic ampulla	MONDO:0000919	MONDO:patterns/cancer	unconfirmed		
malignant neoplasm of hepatopancreatic ampulla	MONDO:0017590	icd11.foundation:267067189	added		
malignant struma ovarii	MONDO:0003332	DOID:5208	added		
malignant struma ovarii	MONDO:0006980	icd11.foundation:185581438	added		
malignant struma ovarii	MONDO:0006980	icd11.foundation:185581438	added		MONDO:0003332
malignant thymoma	MONDO:0006451	DOID:3284	confirmed		
malignant thymoma	MONDO:0006451	NCIT:C7612	confirmed		
malignant thymoma	MONDO:0006456	icd11.foundation:33869057	added		
mandibulofacial dysostosis	MONDO:0007944	OMIM:154500	added		MONDO:0015483
manic-depressive illness	MONDO:0004985	ICD10CM:F31	added		
manic-depressive illness	MONDO:0010648	OMIM:309200	added		
manic-depressive psychosis	MONDO:0004985	ICD10CM:F31	added		
manic-depressive psychosis	MONDO:0007440	OMIM:125480	added		
maple syrup urine disease	MONDO:0009563	DOID:9269	confirmed		
maple syrup urine disease	MONDO:0009563	NCIT:C34806	confirmed		
maple syrup urine disease	MONDO:0009563	OMIMPS:248600	confirmed		
maple syrup urine disease	MONDO:0009563	Orphanet:511	confirmed		
maple syrup urine disease	MONDO:0023691	OMIM:248600	added		
maple syrup urine disease	MONDO:0023691	OMIM:248600	added		MONDO:0009563
maple syrup urine disease, type 3	MONDO:0009529	OMIM:246900	added		
maple syrup urine disease, type 3	MONDO:0018963	icd11.foundation:586921197	added		
maxillary sinus benign neoplasm	MONDO:0006850	DOID:1358	added		
maxillary sinus benign neoplasm	MONDO:0021484	MONDO:patterns/location	unconfirmed		
maxillary sinusitis	MONDO:0001122	icd11.foundation:1372580647	added		
maxillary sinusitis	MONDO:0001122	icd11.foundation:1372580647	added		MONDO:0005842
maxillary sinusitis	MONDO:0005842	DOID:2051	added		
medullary cystic kidney	MONDO:0008264	icd11.foundation:216863438	added		
medullary cystic kidney	MONDO:0019005	DOID:12712	confirmed		
medullary cystic kidney	MONDO:0019005	ICD9CM:753.16	unconfirmed		
megaduodenum and/or megacystis	MONDO:0016829	Orphanet:2604	confirmed		
megaduodenum and/or megacystis	MONDO:0020754	OMIM:155310	added		
melancholic depression	MONDO:0002444	NCIT:C34812	confirmed		
melancholic depression	MONDO:0012048	DOID:1595	added		
melanoma, cutaneous malignant	MONDO:0007963	OMIM:155600	added		
melanoma, cutaneous malignant	MONDO:0024462	OMIMPS:155600	confirmed		
melanoma, malignant	MONDO:0005105	NCIT:C3224	confirmed		
melanoma, malignant	MONDO:0007963	OMIM:155600	added		
melanosis universalis hereditaria	MONDO:0007771	OMIM:145250	added		
melanosis universalis hereditaria	MONDO:0013648	Orphanet:79146	confirmed		
meningitis	MONDO:0004796	DOID:9471	added		
meningitis	MONDO:0004796	DOID:9471	added		MONDO:0021108
meningitis	MONDO:0021108	NCIT:C26828	confirmed		
meningocele	MONDO:0001147	DOID:1088	confirmed		
meningocele	MONDO:0001147	MONDO:ambiguous	unconfirmed		
meningocele	MONDO:0001147	NCIT:C101209	confirmed		
meningocele	MONDO:0001147	NCIT:C105595	confirmed		
meningocele	MONDO:0008449	ICD10CM:Q05	added		
meningocele	MONDO:0008449	ICD10CM:Q05	added		MONDO:0001147
meningoencephalocele	MONDO:0017078	ICD10CM:Q01	added		
meningoencephalocele	MONDO:0017078	ICD10CM:Q01	added		MONDO:0017079
meningoencephalocele	MONDO:0017079		unconfirmed		
meningomyelocele	MONDO:0008449	ICD10CM:Q05	added		
meningomyelocele	MONDO:0017069	NCIT:C101201	confirmed		
metachromatic leukodystrophy	MONDO:0009591	OMIM:250100	added		
metachromatic leukodystrophy	MONDO:0009591	OMIM:250100	added		MONDO:0018868
metachromatic leukodystrophy	MONDO:0018868	DOID:10581	added		
metastatic disease	MONDO:0024880	icd11.foundation:1399468320	added		
metastatic disease	MONDO:0024883		unconfirmed		
methionine synthase deficiency	MONDO:0009609	OMIM:250940	added		
methionine synthase deficiency	MONDO:0021915	NCIT:C99081	confirmed		
micro syndrome	MONDO:0010822	OMIM:600118	added		
micro syndrome	MONDO:0016649	DOID:0060237	confirmed		
micro syndrome	MONDO:0016649	Orphanet:2510	confirmed		
microcephalic osteodysplastic primordial dwarfism, type 3	MONDO:0008871	OMIM:210710	added		MONDO:0008873
microphthalmia with colobomatous cyst	MONDO:0000170	Orphanet:98938	confirmed		
microphthalmia with colobomatous cyst	MONDO:0009630	OMIM:251505	added		
migraine	MONDO:0005277	DOID:6364	confirmed		
migraine	MONDO:0005277	ICD10CM:G43	confirmed		
migraine	MONDO:0005277	NCIT:C89715	confirmed		
migraine	MONDO:0005277	icd11.foundation:669367341	confirmed		
migraine	MONDO:0008000	OMIM:157300	added		
mineral metabolism disease	MONDO:0024301	DOID:0050032	added		MONDO:0000226
mirror movements 1 and/or agenesis of the corpus callosum	MONDO:0008002	OMIM:157600	added		MONDO:0100515
mirror-image polydactyly	MONDO:0007615	OMIM:135750	added		MONDO:0700479
mitochondrial myopathy and sideroblastic anemia	MONDO:0000863	MONDO:0010892	unconfirmed		
mitochondrial myopathy and sideroblastic anemia	MONDO:0000863	Orphanet:2598	confirmed		
mitochondrial myopathy and sideroblastic anemia	MONDO:0024553	OMIM:600462	added		
monoclonal gammopathy of undetermined significance	MONDO:0004225	DOID:7442	confirmed		
monoclonal gammopathy of undetermined significance	MONDO:0004225	NCIT:C3996	confirmed		
monoclonal gammopathy of undetermined significance	MONDO:0004960	ICD10CM:D47.2	added		
mucositis	MONDO:0000888	DOID:0080178	added		
mucositis	MONDO:0000888	DOID:0080178	added		MONDO:0020579
mucositis	MONDO:0020579	NCIT:C115965	confirmed		
multi-infarct dementia	MONDO:0004648	ICD10CM:F01	added		
multi-infarct dementia	MONDO:0004648	ICD10CM:F01	added		MONDO:0043224
multi-infarct dementia	MONDO:0043224	GARD:0005925	unconfirmed		
multi-infarct dementia	MONDO:0043224	MESH:D015161	unconfirmed		
multi-infarct dementia	MONDO:0043224	NCIT:C34522	confirmed		
multi-infarct dementia	MONDO:0043224	icd11.foundation:645643099	confirmed		
multicore myopathy	MONDO:0009712	OMIM:255320	added		
multicore myopathy	MONDO:0018948	GARD:0009130	unconfirmed		
multifocal motor neuropathy	MONDO:0004004	DOID:683	added		MONDO:0018979
multiminicore myopathy	MONDO:0009712	OMIM:255320	added		MONDO:0018948
multiple cartilaginous exostoses	MONDO:0005508	Orphanet:321	confirmed		
multiple cartilaginous exostoses	MONDO:0005508	icd11.foundation:1578364807	confirmed		
multiple cartilaginous exostoses	MONDO:0007585	OMIM:133700	added		
multiple hamartoma syndrome	MONDO:0008021	OMIM:158350	added		
multiple hamartoma syndrome	MONDO:0016063	DOID:6457	confirmed		
multiple hamartoma syndrome	MONDO:0016063	Orphanet:201	confirmed		
multiple intestinal atresia	MONDO:0009465		unconfirmed		
multiple intestinal atresia	MONDO:0800030	DOID:14671	added		
multiple intestinal atresia	MONDO:0800030	DOID:14671	added		MONDO:0009465
multiple myeloma	MONDO:0009693	DOID:9538	confirmed		
multiple myeloma	MONDO:0009693	ICD10CM:C90.0	confirmed		
multiple myeloma	MONDO:0009693	NCIT:C3242	confirmed		
multiple myeloma	MONDO:0009693	Orphanet:29073	confirmed		
multiple myeloma	MONDO:0009693	icd11.foundation:526287100	confirmed		
multiple myeloma	MONDO:1013329	VeNom:16840	unconfirmed		
myelofibrosis	MONDO:0009692	DOID:4971	added		
myelofibrosis	MONDO:0009692	ICD10CM:D47.4	added		
myelofibrosis	MONDO:0009692	OMIM:254450	added		
myelofibrosis	MONDO:0009692	DOID:4971	added		MONDO:0044903
myelofibrosis	MONDO:0009692	ICD10CM:D47.4	added		MONDO:0044903
myelofibrosis	MONDO:0009692	OMIM:254450	added		MONDO:0044903
myelofibrosis	MONDO:0044903	NCIT:C3248	confirmed		
myeloma	MONDO:0009693	DOID:9538	confirmed		
myeloma	MONDO:0009693	NCIT:C3242	confirmed		
myeloma	MONDO:0009693	icd11.foundation:526287100	confirmed		
myeloma	MONDO:1013329	VeNom:81197	unconfirmed		
myelomeningocele	MONDO:0008449	ICD10CM:Q05	added		
myelomeningocele	MONDO:0008449	ICD10CM:Q05	added		MONDO:0019773
myelomeningocele	MONDO:0019773	DOID:0060326	added		
myoclonic dystonia	MONDO:0000903	DOID:0090033	confirmed		
myoclonic dystonia	MONDO:0000903	MESH:C536096	unconfirmed		
myoclonic dystonia	MONDO:0000903	Orphanet:36899	confirmed		
myoclonic dystonia	MONDO:0008044	OMIM:159900	added		
myoclonus-dystonia syndrome	MONDO:0000903	MESH:C536096	unconfirmed		
myoclonus-dystonia syndrome	MONDO:0000903	Orphanet:36899	confirmed		
myoclonus-dystonia syndrome	MONDO:0008044	OMIM:159900	added		
myoclonus-dystonia syndrome	MONDO:0008044	OMIM:159900	added		MONDO:0000903
myositis	MONDO:0021167	DOID:633	added		
myositis	MONDO:0600024	OMIM:160750	added		
myotonia fluctuans	MONDO:0018959	OMIM:608390	added		MONDO:0020481
myotonia permanens	MONDO:0018959	OMIM:608390	added		MONDO:0020482
nasal cavity benign neoplasm	MONDO:0004756	DOID:9310	added		
nasal cavity benign neoplasm	MONDO:0021475	MONDO:patterns/location	unconfirmed		
nasopharyngeal carcinoma	MONDO:0011775	OMIM:607107	added		
nasopharyngeal carcinoma	MONDO:0011775	OMIM:607107	added		MONDO:0015459
nasopharyngeal carcinoma	MONDO:0015459	DOID:9261	confirmed		
nasopharyngeal carcinoma	MONDO:0015459	NCIT:C3871	confirmed		
nasopharyngeal carcinoma	MONDO:0015459	Orphanet:150	confirmed		
nasopharyngeal carcinoma	MONDO:0015459	icd11.foundation:1883313543	confirmed		
nephroblastoma	MONDO:0008679	OMIM:194070	added		
nephroblastoma	MONDO:0019004	DOID:2154	confirmed		
nephroblastoma	MONDO:0019004	NCIT:C40407	confirmed		
nephroblastoma	MONDO:0019004	Orphanet:654	confirmed		
nephropathia epidemica	MONDO:0000284	DOID:0050201	added		
nephropathia epidemica	MONDO:0007416	OMIM:124100	added		
nephropathy, diabetic, susceptibility to	MONDO:0012963	OMIM:612624	added		
nephropathy, diabetic, susceptibility to	MONDO:0012966	OMIM:612628	added		
nephropathy, diabetic, susceptibility to	MONDO:0012970	OMIM:612634	added		
nephropathy, diabetic, susceptibility to	MONDO:0012971	OMIM:612635	added		
nephrosis-microcephaly syndrome	MONDO:0009627		unconfirmed		
nephrosis-microcephaly syndrome	MONDO:0033005	OMIM:251300	added		
nephrosis-neuronal dysmigration syndrome	MONDO:0009627	Orphanet:2065	confirmed		
nephrosis-neuronal dysmigration syndrome	MONDO:0033005	OMIM:251300	added		
nephrotic syndrome type 4	MONDO:0008682	NCIT:C84668	confirmed		
nephrotic syndrome type 4	MONDO:0009733	DOID:0080383	added		
nesidioblastosis	MONDO:0011153	OMIM:601820	added		
nesidioblastosis	MONDO:0017182	NCIT:C131425	confirmed		
neurocirculatory asthenia	MONDO:0001315	PMID:12147938	unconfirmed		
neurocirculatory asthenia	MONDO:0001315	PMID:16943900	unconfirmed		
neurocirculatory asthenia	MONDO:0001315	PMID:32148459	unconfirmed		
neurocirculatory asthenia	MONDO:0011479	OMIM:604715	added		
neurosarcoidosis	MONDO:0001706	DOID:13403	added		
neurosarcoidosis	MONDO:0001706	DOID:13403	added		MONDO:0045047
neurosarcoidosis	MONDO:0045047	icd11.foundation:1479285656	confirmed		
nevoid basal cell carcinoma syndrome	MONDO:0007187	DOID:2512	confirmed		
nevoid basal cell carcinoma syndrome	MONDO:0007187	NCIT:C2892	confirmed		
nevoid basal cell carcinoma syndrome	MONDO:0007187	Orphanet:377	confirmed		
nevoid basal cell carcinoma syndrome	MONDO:0958174	OMIM:109400	added		
nevoid basal cell carcinoma syndrome	MONDO:0958174	OMIM:109400	added		MONDO:0007187
nodular prostate	MONDO:0010811	ICD10CM:N40	added		
nodular prostate	MONDO:0021259	DOID:13206	added		
noninfectious pneumonia	MONDO:0002429	Wikipedia:Idiopathic_interstitial_pneumonia	unconfirmed		
noninfectious pneumonia	MONDO:0043905	icd11.foundation:1324545867	added		
nonproliferative retinopathy, diabetic, susceptibility to	MONDO:0011386	OMIM:603933	added		
nonproliferative retinopathy, diabetic, susceptibility to	MONDO:0012971	OMIM:612635	added		
nyctalopia	MONDO:0004588	DOID:8499	confirmed		
nyctalopia	MONDO:0004588	NCIT:C34850	confirmed		
nyctalopia	MONDO:0004588	icd11.foundation:205882698	confirmed		
nyctalopia	MONDO:1010359	VeNom:1504	unconfirmed		
obesity	MONDO:0011122	DOID:9970	confirmed		
obesity	MONDO:0011122	MONDO:ambiguous	unconfirmed		
obesity	MONDO:0011122	NCIT:C3283	confirmed		
obesity	MONDO:0019182	OMIM:601665	added		
obesity, morbid	MONDO:0013991	OMIM:614962	added		
obesity, morbid	MONDO:0013992	OMIM:614963	added		
ocular coloboma	MONDO:0001476		unconfirmed		
ocular coloboma	MONDO:0020356	icd11.foundation:1552972259	added		
oculoauriculovertebral dysplasia	MONDO:0015397		unconfirmed		
oculoauriculovertebral dysplasia	MONDO:0958175	OMIM:164210	added		
oculoauriculovertebral spectrum	MONDO:0015397	Orphanet:141132	confirmed		
oculoauriculovertebral spectrum	MONDO:0958175	OMIM:164210	added		
oligophrenia phenylpyruvica	MONDO:0009861	OMIM:261600	added		
oligophrenia phenylpyruvica	MONDO:0019259	icd11.foundation:2084504393	added		
opalescent teeth without osteogenesis imperfecta	MONDO:0007441	OMIM:125490	added		
opalescent teeth without osteogenesis imperfecta	MONDO:0018849	Orphanet:49042	confirmed		
optic atrophy plus syndrome	MONDO:0007429	OMIM:125250	confirmed		
optic atrophy plus syndrome	MONDO:0009787	OMIM:258501	added		
orthostatic intolerance	MONDO:0011479	OMIM:604715	added		MONDO:0001315
osteochondromatosis	MONDO:0007585	OMIM:133700	added		
osteochondromatosis	MONDO:0008145	DOID:4624	confirmed		
osteochondromatosis	MONDO:0008145	OMIM:166000	confirmed		
osteogenic sarcoma	MONDO:0002629	OMIM:259500	added		
osteogenic sarcoma	MONDO:0009807	DOID:3347	confirmed		
osteogenic sarcoma	MONDO:0009807	NCIT:C9145	confirmed		
osteosarcoma	MONDO:0002629	OMIM:259500	added		
osteosarcoma	MONDO:0002629	OMIM:259500	added		MONDO:0009807
osteosarcoma	MONDO:0009807	DOID:3347	confirmed		
osteosarcoma	MONDO:0009807	MONDO:ambiguous	unconfirmed		
osteosarcoma	MONDO:0009807	NCIT:C9145	confirmed		
osteosclerotic myeloma	MONDO:0004815	DOID:9541	added		
osteosclerotic myeloma	MONDO:0017364	Orphanet:2905	confirmed		
osteosclerotic myeloma	MONDO:0017364	icd11.foundation:1555299114	confirmed		
ostium primum atrial septal defect	MONDO:0020290	ICD10CM:Q21.2	added		
ostium primum atrial septal defect	MONDO:0020437	icd11.foundation:1159570489	added		
otitis	MONDO:0021666		unconfirmed		
otitis	MONDO:1013050	VeNom:1576	unconfirmed		
otitis media with effusion	MONDO:0001212	icd11.foundation:800153181	added		MONDO:0005892
otospondylomegaepiphyseal dysplasia, autosomal recessive	MONDO:0008975	DOID:0080026	added		
otospondylomegaepiphyseal dysplasia, autosomal recessive	MONDO:0008975	DOID:0080026	added		MONDO:0044206
otospondylomegaepiphyseal dysplasia, autosomal recessive	MONDO:0044206	OMIM:215150	confirmed		
ovarian germ cell cancer	MONDO:0011366	DOID:2156	added		
ovarian germ cell cancer	MONDO:0011366	OMIM:603737	added		
ovarian germ cell cancer	MONDO:0018171	NCIT:C4514	confirmed		
ovarian germ cell cancer	MONDO:0018171	Orphanet:35807	confirmed		
ovarian solid teratoma	MONDO:0003852	DOID:6315	added		
ovarian solid teratoma	MONDO:0005602	icd11.foundation:1752240825	added		
ovarian solid teratoma	MONDO:0005602	icd11.foundation:1752240825	added		MONDO:0003852
overactive thyroid	MONDO:0004425	DOID:7998	confirmed		
overactive thyroid	MONDO:0004425	NCIT:C3123	confirmed		
overactive thyroid	MONDO:0010138	icd11.foundation:1470387017	added		
pachydermoperiostosis, autosomal recessive	MONDO:0013756	OMIM:614441	added		
pachydermoperiostosis, autosomal recessive	MONDO:0024546	OMIM:259100	added		
pagetoid amyotrophic lateral sclerosis	MONDO:0000507	Orphanet:52430	confirmed		
pagetoid amyotrophic lateral sclerosis	MONDO:0008178	OMIM:167320	added		
pagetoid neuroskeletal syndrome	MONDO:0000507	Orphanet:52430	confirmed		
pagetoid neuroskeletal syndrome	MONDO:0008178	OMIM:167320	added		
pancreatic cancer	MONDO:0009831	DOID:1793	confirmed		
pancreatic cancer	MONDO:0009831	https://orcid.org/0000-0002-6601-2165	unconfirmed		
pancreatic cancer	MONDO:0009831	icd11.foundation:542147910	confirmed		
pancreatic cancer	MONDO:0015278	OMIM:260350	added		
pancreatic carcinoma	MONDO:0005192	DOID:4905	added		
pancreatic carcinoma	MONDO:0015278	OMIM:260350	added		
pancreatic insufficiency and bone marrow dysfunction	MONDO:0009833	DOID:0060479	confirmed		
pancreatic insufficiency and bone marrow dysfunction	MONDO:0009833	Orphanet:811	confirmed		
pancreatic insufficiency and bone marrow dysfunction	MONDO:0044204	OMIM:260400	added		
pancreatitis, chronic	MONDO:0005003	MONDO:patterns/chronic	unconfirmed		
pancreatitis, chronic	MONDO:0008185	OMIM:167800	added		
panhypopituitarism	MONDO:0009878	OMIM:262600	added		MONDO:0019591
papillary carcinoma of thyroid	MONDO:0005075	DOID:3969	confirmed		
papillary carcinoma of thyroid	MONDO:0005075	NCIT:C4035	confirmed		
papillary carcinoma of thyroid	MONDO:0008567	OMIM:188550	added		
parietal lobe neoplasm	MONDO:0001952	DOID:14384	added		
parietal lobe neoplasm	MONDO:0021373	NCIT:C5573	confirmed		
paroxysmal dystonic choreoathetosis	MONDO:0015427	Orphanet:1431	confirmed		
paroxysmal dystonic choreoathetosis	MONDO:0700089	OMIM:118800	added		
partial atrioventricular canal defect	MONDO:0015275	Orphanet:1330	confirmed		
partial atrioventricular canal defect	MONDO:0020437	icd11.foundation:1159570489	added		
patellofemoral pain syndrome	MONDO:0006894	DOID:14284	added		
patellofemoral pain syndrome	MONDO:0008207	icd11.foundation:1589625540	added		
patellofemoral pain syndrome	MONDO:0008207	icd11.foundation:1589625540	added		MONDO:0006894
pdp, autosomal recessive	MONDO:0013756	OMIM:614441	added		
pdp, autosomal recessive	MONDO:0024546	OMIM:259100	added		
peritoneal mesothelioma	MONDO:0005512	DOID:1788	added		
peritoneal mesothelioma	MONDO:0005512	DOID:1788	added		MONDO:0006362
peritoneal mesothelioma	MONDO:0006362	MONDO:ambiguous	unconfirmed		
peritoneal mesothelioma	MONDO:0006362	NCIT:C7633	confirmed		
peritonitis	MONDO:0004522	DOID:8283	added		MONDO:1010128
peroneal muscular atrophy	MONDO:0015358	ICD10CM:G60.0	added		
peroneal muscular atrophy	MONDO:0015626	ICD9CM:356.1	unconfirmed		
peroxisome biogenesis disorder	MONDO:0011101	OMIM:601539	added		
peroxisome biogenesis disorder	MONDO:0011101	OMIM:601539	added		MONDO:0019234
peroxisome biogenesis disorder	MONDO:0019234	NCIT:C155747	confirmed		
peroxisome biogenesis disorder	MONDO:0019234	OMIMPS:214100	confirmed		
peroxisome biogenesis disorder	MONDO:0019234	Orphanet:79189	confirmed		
peroxisome biogenesis disorder	MONDO:0019234	https://www.clinicalgenome.org/affiliation/40049/	unconfirmed		
persistent hyperinsulinemic hypoglycemia of infancy	MONDO:0009734	OMIM:256450	added		
persistent hyperinsulinemic hypoglycemia of infancy	MONDO:0011153	OMIM:601820	added		
persistent hyperinsulinemic hypoglycemia of infancy	MONDO:0019010	NCIT:C122923	confirmed		
persistent hyperinsulinemic hypoglycemia of infancy	MONDO:0019010	Orphanet:657	confirmed		
phosphoethanolaminuria	MONDO:0018570	Orphanet:436	confirmed		
phosphoethanolaminuria	MONDO:1010169	OMIM:241500	added		
phytosterolemia	MONDO:0008863	DOID:0090019	confirmed		
phytosterolemia	MONDO:0008863	Orphanet:2882	confirmed		
phytosterolemia	MONDO:0020747	OMIM:210250	added		
pili trianguli et canaliculi	MONDO:0008621	Orphanet:1410	confirmed		
pili trianguli et canaliculi	MONDO:0008621	icd11.foundation:244892708	confirmed		
pili trianguli et canaliculi	MONDO:0020736	OMIM:191480	added		
pituitary basophilism	MONDO:0009050	icd11.foundation:380861892	added		
pituitary basophilism	MONDO:0018912		unconfirmed		
pituitary carcinoma	MONDO:0002109	icd11.foundation:1130461249	added		
pituitary carcinoma	MONDO:0017582	DOID:4916	confirmed		
pituitary carcinoma	MONDO:0017582	MONDO:ambiguous	unconfirmed		
pituitary carcinoma	MONDO:0017582	NCIT:C4536	confirmed		
pituitary carcinoma	MONDO:0017582	Orphanet:300385	confirmed		
pituitary deficiency	MONDO:0005152	icd11.foundation:768216194	added		MONDO:0015127
pituitary dwarfism	MONDO:0005152	icd11.foundation:768216194	added		MONDO:0006909
pituitary gland disease	MONDO:0003381	DOID:53	confirmed		
pituitary gland disease	MONDO:0003381	MONDO:patterns/location	unconfirmed		
pituitary gland disease	MONDO:0003381	NCIT:C26854	confirmed		
pituitary gland disease	MONDO:0015127	icd11.foundation:292840069	added		
pleural malignant mesothelioma	MONDO:0005112	NCIT:C7376	confirmed		
pleural malignant mesothelioma	MONDO:0006292	icd11.foundation:369414280	added		
polycystic kidney disease, autosomal recessive	MONDO:0009889	MONDO:patterns/autosomal_recessive	unconfirmed		
polycystic kidney disease, autosomal recessive	MONDO:0033004	OMIM:263200	added		
polymastia	MONDO:0008101	OMIM:163700	added		
polymastia	MONDO:0015854	Orphanet:180182	confirmed		
polymastia	MONDO:0015854	icd11.foundation:1458532658	confirmed		
polymyalgia rheumatica	MONDO:0008538	OMIM:187360	added		
polymyalgia rheumatica	MONDO:0008538	OMIM:187360	added		MONDO:0019735
polymyalgia rheumatica	MONDO:0019735	DOID:853	confirmed		
polymyalgia rheumatica	MONDO:0019735	ICD10CM:M35.3	confirmed		
polymyalgia rheumatica	MONDO:0019735	ICD9CM:725	unconfirmed		
polymyalgia rheumatica	MONDO:0019735	NCIT:C85018	confirmed		
polymyalgia rheumatica	MONDO:0019735	icd11.foundation:103940897	confirmed		
porphobilinogen synthase deficiency	MONDO:0002520		unconfirmed		
porphobilinogen synthase deficiency	MONDO:0013000	OMIM:612740	added		
porphyria cutanea tarda	MONDO:0008296	OMIM:176100	added		
porphyria cutanea tarda	MONDO:0008296	OMIM:176100	added		MONDO:0015104
porphyria cutanea tarda	MONDO:0015104	DOID:3132	added		
posterior polymorphous corneal dystrophy	MONDO:0007378	OMIM:122000	added		
posterior polymorphous corneal dystrophy	MONDO:0007378	OMIM:122000	added		MONDO:0020364
posterior polymorphous corneal dystrophy	MONDO:0020364	DOID:0060457	added		
postgastrectomy syndrome	MONDO:0001979	icd11.foundation:237191235	added		
postgastrectomy syndrome	MONDO:0001979	icd11.foundation:237191235	added		MONDO:0004566
postgastrectomy syndrome	MONDO:0004566	DOID:8439	added		
postpartum hypopituitarism	MONDO:0005152	icd11.foundation:768216194	added		
postpartum hypopituitarism	MONDO:0019618	DOID:9476	confirmed		
postpartum hypopituitarism	MONDO:0019618	NCIT:C35300	confirmed		
prekallikrein deficiency	MONDO:0012901	OMIM:612423	added		
prekallikrein deficiency	MONDO:0012901	OMIM:612423	added		MONDO:0044744
prekallikrein deficiency	MONDO:0044744	NCIT:C99022	confirmed		
presenile and senile dementia	MONDO:0004975		unconfirmed		
presenile and senile dementia	MONDO:0007088	OMIM:104300	added		
primary adrenal insufficiency	MONDO:0100480	icd11.foundation:1920929898	added		MONDO:0015128
primary cardiomyopathy	MONDO:0000591	Wikipedia:Cardiomyopathy	unconfirmed		
primary cardiomyopathy	MONDO:0004994	icd11.foundation:282225286	added		
primary familial brain calcification	MONDO:0008947	Orphanet:1980	confirmed		
primary familial brain calcification	MONDO:0024538	OMIM:213600	added		
primary hyperaldosteronism	MONDO:0001422	ICD10CM:E26.0	confirmed		
primary hyperaldosteronism	MONDO:0001422	NCIT:C34510	confirmed		
primary hyperaldosteronism	MONDO:0001422	icd11.foundation:197924221	confirmed		
primary hyperaldosteronism	MONDO:0003009	DOID:446	added		
primary hypoadrenalism	MONDO:0015129	DOID:13774	confirmed		
primary hypoadrenalism	MONDO:0015129	NCIT:C26689	confirmed		
primary hypoadrenalism	MONDO:0100480	icd11.foundation:1920929898	added		
primary peritoneal cancer	MONDO:0002087	icd11.foundation:315445782	added		
primary peritoneal cancer	MONDO:0015686	NCIT:C40022	confirmed		
primary pulmonary hypertension	MONDO:0001999	DOID:14557	confirmed		
primary pulmonary hypertension	MONDO:0001999	ICD10CM:I27.0	confirmed		
primary pulmonary hypertension	MONDO:0015924	icd11.foundation:1931148955	added		
primitive renal tubule syndrome	MONDO:0009970	OMIM:267430	added		
primitive renal tubule syndrome	MONDO:0017609	Orphanet:3033	confirmed		
progressive diaphyseal dysplasia	MONDO:0007542	DOID:4997	confirmed		
progressive diaphyseal dysplasia	MONDO:0007542	ICD10CM:Q78.3	confirmed		
progressive diaphyseal dysplasia	MONDO:0007542	NCIT:C84610	confirmed		
progressive diaphyseal dysplasia	MONDO:0007542	Orphanet:1328	confirmed		
progressive diaphyseal dysplasia	MONDO:0700385	OMIM:131300	added		
progressive myoclonic epilepsy	MONDO:0009698	OMIM:254800	added		
progressive myoclonic epilepsy	MONDO:0020074	DOID:891	confirmed		
progressive myoclonic epilepsy	MONDO:0020074	Orphanet:98261	confirmed		
progressive myoclonic epilepsy	MONDO:0020074	icd11.foundation:173613583	confirmed		
proliferative retinopathy, diabetic, susceptibility to	MONDO:0011386	OMIM:603933	added		
proliferative retinopathy, diabetic, susceptibility to	MONDO:0012962	OMIM:612623	added		
proliferative retinopathy, diabetic, susceptibility to	MONDO:0012971	OMIM:612635	added		
prostate cancer	MONDO:0008315	DOID:10283	added		
prostate cancer	MONDO:0700275	OMIM:176807	added		
prostate cancer	MONDO:0700275	OMIM:176807	added		MONDO:0008315
proteasome-associated autoinflammatory syndrome 1	MONDO:0009726	DOID:0050553	added		
proteasome-associated autoinflammatory syndrome 1	MONDO:0009726	DOID:0050553	added		MONDO:0054698
proteasome-associated autoinflammatory syndrome 1	MONDO:0054698	NCIT:C176619	confirmed		
proteasome-associated autoinflammatory syndrome 1	MONDO:0054698	OMIM:256040	confirmed		
proximal myotonic myopathy	MONDO:0011266	NCIT:C84680	confirmed		
proximal myotonic myopathy	MONDO:0011266	OMIM:602668	confirmed		
proximal myotonic myopathy	MONDO:0011266	Orphanet:606	confirmed		
proximal myotonic myopathy	MONDO:0016107	ICD10CM:G71.11	added		
pseudo-TORCH syndrome 1	MONDO:0009626	DOID:0050656	added		
pseudo-TORCH syndrome 1	MONDO:0009626	DOID:0050656	added		MONDO:0020789
pseudo-TORCH syndrome 1	MONDO:0020789	OMIM:251290	confirmed		
pseudoaldosteronism	MONDO:0008323	DOID:0050477	confirmed		
pseudoaldosteronism	MONDO:0008323	Orphanet:526	confirmed		
pseudoaldosteronism	MONDO:0020607	OMIM:177200	added		
pseudoexfoliation glaucoma	MONDO:0008327	DOID:13641	confirmed		
pseudoexfoliation glaucoma	MONDO:0008327	ICD9CM:365.52	unconfirmed		
pseudoexfoliation glaucoma	MONDO:0100046	OMIM:177650	added		
pterygium of conjunctiva and cornea	MONDO:0005085	NCIT:C133744	confirmed		
pterygium of conjunctiva and cornea	MONDO:0008337	OMIM:178000	added		
pubertas praecox	MONDO:0000088	https://rarediseases.org/rare-diseases/precocious-puberty/	unconfirmed		
pubertas praecox	MONDO:0015791	icd11.foundation:1495024153	added		
pulmonary TB	MONDO:0006052	NCIT:C26899	confirmed		
pulmonary TB	MONDO:0957462	icd11.foundation:882244568	added		
pulmonary arterial hypertension	MONDO:0015924	Orphanet:182090	confirmed		
pulmonary arterial hypertension	MONDO:0015924	icd11.foundation:1931148955	confirmed		
pulmonary arterial hypertension	MONDO:0024533	OMIM:178600	added		
pulmonary arterial hypertension	MONDO:0024533	OMIM:178600	added		MONDO:0015924
pulmonary tuberculosis	MONDO:0006052	DOID:2957	added		
pulmonary tuberculosis	MONDO:0957462	icd11.foundation:882244568	added		
pulmonary tuberculosis	MONDO:0957462	icd11.foundation:882244568	added		MONDO:0006052
pyelonephritis	MONDO:0001085	ICD10CM:N10-N16	added		
pyelonephritis	MONDO:0001085	ICD10CM:N10-N16	added		MONDO:0006939
pyelonephritis	MONDO:0006939	DOID:11400	added		
pyloric antrum cancer	MONDO:0001056	icd11.foundation:1397617262	added		
pyloric antrum cancer	MONDO:0001056	icd11.foundation:1397617262	added		MONDO:0001062
pyloric antrum cancer	MONDO:0001062	DOID:10547	confirmed		
pyloric antrum cancer	MONDO:0001062	MONDO:patterns/location	unconfirmed		
pyloric stenosis, infantile	MONDO:0001560	MONDO:0000092	unconfirmed		
pyloric stenosis, infantile	MONDO:0008355	OMIM:179010	added		
pyridoxine-dependent epilepsy	MONDO:0009945	DOID:0080768	confirmed		
pyridoxine-dependent epilepsy	MONDO:0020741	OMIM:266100	added		
pyridoxine-dependent epilepsy	MONDO:0020741	OMIM:266100	added		MONDO:0009945
pyroglutamic aciduria	MONDO:0009947	OMIM:266130	added		
pyroglutamic aciduria	MONDO:0017909	NCIT:C128193	confirmed		
pyruvate dehydrogenase complex deficiency	MONDO:0010717	OMIM:312170	added		
pyruvate dehydrogenase complex deficiency	MONDO:0019169	OMIMPS:312170	confirmed		
pyruvate dehydrogenase complex deficiency	MONDO:0019169	Orphanet:765	confirmed		
pyruvate dehydrogenase complex deficiency	MONDO:0019169	icd11.foundation:1124597954	confirmed		
radicular dentin dysplasia	MONDO:0007436	Orphanet:99789	confirmed		
radicular dentin dysplasia	MONDO:0017819	OMIM:125400	added		
radiculitis	MONDO:0002959	icd11.foundation:1802542189	added		
radiculitis	MONDO:0002959	icd11.foundation:1802542189	added		MONDO:0021765
radiculitis	MONDO:0021765	NCIT:C78581	confirmed		
rear syndrome	MONDO:0007142	Orphanet:857	confirmed		
rear syndrome	MONDO:0054581	OMIM:107480	added		
rectal carcinoma	MONDO:0006519	icd11.foundation:1113099195	added		
rectal carcinoma	MONDO:0006519	icd11.foundation:1113099195	added		MONDO:0044937
rectal carcinoma	MONDO:0044937	NCIT:C9382	confirmed		
rectal prolapse	MONDO:0004754	DOID:9307	confirmed		
rectal prolapse	MONDO:0004754	ICD10CM:K62.3	confirmed		
rectal prolapse	MONDO:0004754	MONDO:ambiguous	unconfirmed		
rectal prolapse	MONDO:0004754	NCIT:C34973	confirmed		
rectal prolapse	MONDO:0004754	icd11.foundation:231914102	confirmed		
rectal prolapse	MONDO:0008313	OMIM:176780	added		
rectal prolapse	MONDO:0008313	OMIM:176780	added		MONDO:0004754
rectosigmoid cancer	MONDO:0002424	DOID:2781	confirmed		
rectosigmoid cancer	MONDO:0002424	NCIT:C7421	confirmed		
rectosigmoid cancer	MONDO:0002425	icd11.foundation:774170412	added		
refractory anemia with excess blasts in transformation	MONDO:0018874	ICD10CM:C92.0	added		MONDO:0015692
renal agenesis	MONDO:0018470	DOID:14766	confirmed		
renal agenesis	MONDO:0018470	MONDO:ambiguous	unconfirmed		
renal agenesis	MONDO:0018470	NCIT:C99041	confirmed		
renal agenesis	MONDO:0018470	Orphanet:411709	confirmed		
renal agenesis	MONDO:0018470	icd11.foundation:683319223	confirmed		
renal agenesis	MONDO:0024519	OMIM:191830	added		
renal agenesis	MONDO:0024519	OMIM:191830	added		MONDO:0018470
renal cell carcinoma, papillary, 1	MONDO:0003789	OMIM:605074	added		
renal cell carcinoma, papillary, 1	MONDO:0010456		unconfirmed		
renal hypertension	MONDO:0001105	DOID:1073	added		
renal hypertension	MONDO:0006947	icd11.foundation:422807701	added		
renal hypertension	MONDO:0006947	icd11.foundation:422807701	added		MONDO:0001105
renal pelvis benign neoplasm	MONDO:0003719	DOID:5977	added		
renal pelvis benign neoplasm	MONDO:0021467	MONDO:patterns/location	unconfirmed		
renal-ear-anal-radial syndrome	MONDO:0007142	Orphanet:857	confirmed		
renal-ear-anal-radial syndrome	MONDO:0054581	OMIM:107480	added		
resistance to thyrotropin	MONDO:0012360	OMIM:609893	added		
resistance to thyrotropin	MONDO:0024264	OMIM:218700	added		
reticular pigment anomaly of flexures	MONDO:0008371	DOID:0060256	confirmed		
reticular pigment anomaly of flexures	MONDO:0008371	Orphanet:79145	confirmed		
reticular pigment anomaly of flexures	MONDO:0024534	OMIM:179850	added		
retinal degeneration	MONDO:0001451	icd11.foundation:1518234440	added		
retinal degeneration	MONDO:0001451	icd11.foundation:1518234440	added		MONDO:0004580
retinal degeneration	MONDO:0004580	DOID:8466	added		
retinal dystrophy with early macular involvement	MONDO:0013786	DOID:0111022	confirmed		
retinal dystrophy with early macular involvement	MONDO:0013786	OMIM:614500	confirmed		
retinal dystrophy with early macular involvement	MONDO:0014669	OMIM:616502	added		
retinitis pigmentosa 99	MONDO:0100444	DOID:0061127	added		
retinitis pigmentosa 99	MONDO:0100444	DOID:0061127	added		MONDO:0978291
retinitis pigmentosa 99	MONDO:0978291	OMIM:301148	added		
retinitis pigmentosa and congenital deafness	MONDO:0010168		unconfirmed		
retinitis pigmentosa and congenital deafness	MONDO:0700087	OMIM:276900	added		
retinitis proliferans	MONDO:0100450	DOID:9719	confirmed		
retinitis proliferans	MONDO:0100450	https://clinicalgenome.org/affiliation/40072/	unconfirmed		
retinitis proliferans	MONDO:0700115	icd11.foundation:1908429642	added		
retinoblastoma	MONDO:0008380	DOID:768	confirmed		
retinoblastoma	MONDO:0008380	NCIT:C7541	confirmed		
retinoblastoma	MONDO:0008380	Orphanet:790	confirmed		
retinoblastoma	MONDO:0008380	icd11.foundation:1855353671	confirmed		
retinoblastoma	MONDO:0018160	OMIM:180200	added		
retinoblastoma	MONDO:0018160	OMIM:180200	added		MONDO:0008380
rheumatic disease of pulmonary valve	MONDO:0003627	DOID:5748	confirmed		
rheumatic disease of pulmonary valve	MONDO:0003627	ICD9CM:397.1	unconfirmed		
rheumatic disease of pulmonary valve	MONDO:0003628	icd11.foundation:1146446025	added		
rheumatic heart failure	MONDO:0001899	DOID:14172	confirmed		
rheumatic heart failure	MONDO:0001899	ICD10CM:I09.81	confirmed		
rheumatic heart failure	MONDO:0006955	icd11.foundation:291726710	added		
rhinitis	MONDO:0003014	DOID:4483	added		
rhinitis	MONDO:0004514	icd11.foundation:1346915097	added		
rhinitis	MONDO:0004514	icd11.foundation:1346915097	added		MONDO:0003014
rippling muscle disease	MONDO:0019947	OMIM:606072	added		MONDO:0011634
salivary duct calculi	MONDO:0006970	icd11.foundation:1984849248	added		
salivary duct calculi	MONDO:0006970	icd11.foundation:1984849248	added		MONDO:0008400
salivary duct calculi	MONDO:0008400	OMIM:181010	confirmed		
scid, autosomal recessive, t cell-negative, B cell-positive, nk cell-positive	MONDO:0012163	OMIM:608971	added		
scid, autosomal recessive, t cell-negative, B cell-positive, nk cell-positive	MONDO:0800104	OMIM:619924	added		
scimitar syndrome	MONDO:0007130	DOID:4297	added		MONDO:0015987
scimitar syndrome	MONDO:0007130	OMIM:106700	added		MONDO:0015987
sclerosing cholangitis	MONDO:0013433	icd11.foundation:857962451	added		
sclerosing cholangitis	MONDO:0013433	icd11.foundation:857962451	added		MONDO:0018646
sclerosing cholangitis	MONDO:0018646	DOID:14268	confirmed		
sclerosing cholangitis	MONDO:0018646	MONDO:ambiguous	unconfirmed		
sclerosing cholangitis	MONDO:0018646	NCIT:C4828	unconfirmed		
sclerosing cholangitis	MONDO:0018646	Orphanet:447771	confirmed		
secondary hypogonadism	MONDO:0005152	icd11.foundation:768216194	added		
secondary hypogonadism	MONDO:0018555	NCIT:C113347	confirmed		
serine deficiency	MONDO:0000421	DOID:0050721	added		
serine deficiency	MONDO:0018162	Orphanet:35705	confirmed		
serous cystadenocarcinoma	MONDO:0005278	DOID:3114	added		
serous cystadenocarcinoma	MONDO:0005278	DOID:3114	added		MONDO:0024621
serous cystadenocarcinoma	MONDO:0024621	NCIT:C3778	confirmed		
severe combined immunodeficiency	MONDO:0015974	DOID:627	confirmed		
severe combined immunodeficiency	MONDO:0015974	MONDO:ambiguous	unconfirmed		
severe combined immunodeficiency	MONDO:0015974	NCIT:C3472	confirmed		
severe combined immunodeficiency	MONDO:0015974	Orphanet:183660	confirmed		
severe combined immunodeficiency	MONDO:0031520	OMIMPS:601457	added		
severe combined immunodeficiency	MONDO:0031520	OMIMPS:601457	added		MONDO:0015974
severe myoclonic epilepsy of infancy	MONDO:0100079	OMIM:607208	added		
severe myoclonic epilepsy of infancy	MONDO:0100135	DOID:0080422	confirmed		
severe myoclonic epilepsy of infancy	MONDO:0100135	NCIT:C116573	confirmed		
severe myoclonic epilepsy of infancy	MONDO:0100135	PMID:37498137	unconfirmed		
sexual precocity	MONDO:0000088	GARD:0007446	unconfirmed		
sexual precocity	MONDO:0000088	NCIT:C79704	confirmed		
sexual precocity	MONDO:0000088	https://rarediseases.org/rare-diseases/precocious-puberty/	unconfirmed		
sexual precocity	MONDO:0015791	icd11.foundation:1495024153	added		
situs inversus viscerum	MONDO:0010029	icd11.foundation:797648408	added	http://purl.obolibrary.org/obo/mondo#DEPRECATED	
situs inversus viscerum	MONDO:0700112		unconfirmed	http://purl.obolibrary.org/obo/mondo#DEPRECATED	
small intestine benign neoplasm	MONDO:0004251	DOID:7505	added		
small intestine benign neoplasm	MONDO:0021501	MONDO:patterns/location	unconfirmed		
sphenoid sinusitis	MONDO:0001123	icd11.foundation:627227610	added		
sphenoid sinusitis	MONDO:0001123	icd11.foundation:627227610	added		MONDO:0005964
sphenoid sinusitis	MONDO:0005964	DOID:10794	added		
sphenoidal sinus benign neoplasm	MONDO:0004047	DOID:6947	added		
sphenoidal sinus benign neoplasm	MONDO:0021477	MONDO:patterns/location	unconfirmed		
spherophakia-brachymorphia syndrome	MONDO:0010194	OMIM:277600	added		
spherophakia-brachymorphia syndrome	MONDO:0018096	Orphanet:3449	confirmed		
spinocerebellar ataxia 27A	MONDO:0012247	DOID:0050976	added		MONDO:0008654
spinocerebellar degeneration with slow eye movements	MONDO:0008458	OMIM:183090	added		
spinocerebellar degeneration with slow eye movements	MONDO:0008458	OMIM:183090	added		MONDO:0010065
spinocerebellar degeneration with slow eye movements	MONDO:0010065	OMIM:271322	confirmed		
spondylocostal dysplasia	MONDO:0000359	https://rarediseases.org/rare-diseases/jarcho-levin-syndrome/	unconfirmed		
spondylocostal dysplasia	MONDO:0007389	OMIM:122600	added		
spondyloepimetaphyseal dysplasia, anauxetic type	MONDO:0011773	Orphanet:93347	confirmed		
spondyloepimetaphyseal dysplasia, anauxetic type	MONDO:0011773	icd11.foundation:1897630209	confirmed		
spondyloepimetaphyseal dysplasia, anauxetic type	MONDO:0054560	OMIM:607095	added		
spondylometaphyseal dysplasia	MONDO:0008476	OMIM:184250	added		
spondylometaphyseal dysplasia	MONDO:0008476	OMIM:184250	added		MONDO:0016763
spondylometaphyseal dysplasia	MONDO:0016763	DOID:0112295	confirmed		
spondylometaphyseal dysplasia	MONDO:0016763	OMIMPS:184255	confirmed		
spondylometaphyseal dysplasia	MONDO:0016763	Orphanet:254	confirmed		
subglottis benign neoplasm	MONDO:0000933	DOID:10069	added		
subglottis benign neoplasm	MONDO:0021530	MONDO:patterns/location	unconfirmed		
sudden unexplained nocturnal death syndrome	MONDO:0011001	OMIM:601144	added		
sudden unexplained nocturnal death syndrome	MONDO:0015263	DOID:0050451	confirmed		
sudden unexplained nocturnal death syndrome	MONDO:0015263	icd11.foundation:1250136584	confirmed		
suprarenogenic syndrome	MONDO:0009050	icd11.foundation:380861892	added		
suprarenogenic syndrome	MONDO:0018912		unconfirmed		
sweat gland benign neoplasm	MONDO:0002381	DOID:2664	added		
sweat gland benign neoplasm	MONDO:0021489	MONDO:patterns/location	unconfirmed		
symphalangism-brachydactyly syndrome	MONDO:0008519	OMIM:186500	added		
symphalangism-brachydactyly syndrome	MONDO:0017923	Orphanet:3237	confirmed		
synpolydactyly	MONDO:0000722	DOID:0060242	added		
synpolydactyly	MONDO:0000722	DOID:0060242	added		MONDO:0021651
synpolydactyly	MONDO:0021651	NCIT:C75003	confirmed		
synpolydactyly	MONDO:0021651	Orphanet:93403	confirmed		
syphilis	MONDO:0004944	ICD10CM:A52.3	added		
syphilis	MONDO:0004944	ICD10CM:A52.3	added		MONDO:0005976
syphilis	MONDO:0005976	DOID:4166	added		
tactile agnosia	MONDO:0000680	icd11.foundation:756147896	added		
tactile agnosia	MONDO:0000680	icd11.foundation:756147896	added		MONDO:0000681
tactile agnosia	MONDO:0000681	DOID:0060151	added		
temporal lobe neoplasm	MONDO:0002218	DOID:2135	added		
temporal lobe neoplasm	MONDO:0021372	NCIT:C5567	confirmed		
testicular germ cell cancer	MONDO:0003510	NCIT:C9063	confirmed		
testicular germ cell cancer	MONDO:0010108	DOID:5557	added		
testicular teratoma	MONDO:0018193	MONDO:ambiguous	unconfirmed		
testicular teratoma	MONDO:0018193	NCIT:C3877	confirmed		
testicular teratoma	MONDO:0018193	Orphanet:363483	confirmed		
testicular teratoma	MONDO:0021282	icd11.foundation:1214355345	added		
testicular teratoma	MONDO:0021282	icd11.foundation:1214355345	added		MONDO:0018193
thanatophoric dwarfism	MONDO:0008546	OMIM:187600	added		
thanatophoric dwarfism	MONDO:0017042	icd11.foundation:1668919215	confirmed		
thanatophoric dysplasia	MONDO:0008546	OMIM:187600	added		
thanatophoric dysplasia	MONDO:0008546	OMIM:187600	added		MONDO:0017042
thanatophoric dysplasia	MONDO:0017042	DOID:13481	added		
third and fourth pharyngeal pouch syndrome	MONDO:0008564	OMIM:188400	added		
third and fourth pharyngeal pouch syndrome	MONDO:0018923	icd11.foundation:1868156761	added		
throat inflammation	MONDO:0002258	MONDO:patterns/inflammatory_disease_by_site	unconfirmed		
throat inflammation	MONDO:0020600	icd11.foundation:1791890273	added		
thyroid hormone unresponsiveness	MONDO:0008569	OMIM:188570	added		
thyroid hormone unresponsiveness	MONDO:0010131	OMIM:274300	added		
thyroid hypoplasia	MONDO:0024264	OMIM:218700	added		MONDO:0019861
thyrotoxicosis	MONDO:0010138	DOID:7997	added		
thyrotoxicosis	MONDO:0010138	ICD10CM:E05	added		
thyrotoxicosis	MONDO:0100489	OMIM:275000	added		
thyrotoxicosis	MONDO:0100489	OMIM:275000	added		MONDO:0010138
thyrotropin resistance	MONDO:0010142	OMIM:275200	added		
thyrotropin resistance	MONDO:0012360	OMIM:609893	added		
thyrotropin resistance	MONDO:0024264	OMIM:218700	added		
tonsil carcinoma	MONDO:0006998	icd11.foundation:2044833589	added		
tonsil carcinoma	MONDO:0006998	icd11.foundation:2044833589	added		MONDO:0021337
tonsil carcinoma	MONDO:0021337	MONDO:patterns/location	unconfirmed		
tonsil carcinoma	MONDO:0021337	NCIT:C4825	confirmed		
tonsillar fossa cancer	MONDO:0004690	DOID:8969	confirmed		
tonsillar fossa cancer	MONDO:0004690	MONDO:patterns/location	unconfirmed		
tonsillar fossa cancer	MONDO:0006998	icd11.foundation:2044833589	added		
tonsillar fossa cancer	MONDO:0006998	icd11.foundation:2044833589	added		MONDO:0004690
tonsillar pillar cancer	MONDO:0004642	DOID:8688	added		
tonsillar pillar cancer	MONDO:0006998	icd11.foundation:2044833589	added		
tonsillar pillar cancer	MONDO:0006998	icd11.foundation:2044833589	added		MONDO:0004642
tonsillitis	MONDO:0001039	DOID:10456	added		
tonsillitis	MONDO:0020686	icd11.foundation:260431605	added		
tonsillitis	MONDO:0020686	icd11.foundation:260431605	added		MONDO:0001039
tuberous sclerosis complex	MONDO:0001734	DOID:13515	confirmed		
tuberous sclerosis complex	MONDO:0001734	MONDO:0019341	unconfirmed		
tuberous sclerosis complex	MONDO:0001734	NCIT:C3424	confirmed		
tuberous sclerosis complex	MONDO:0001734	Orphanet:805	confirmed		
tuberous sclerosis complex	MONDO:0008612	OMIM:191100	added		
tubular aggregate myopathy	MONDO:0008051	Orphanet:2593	confirmed		
tubular aggregate myopathy	MONDO:0024531	OMIM:160565	added		
tubular aggregate myopathy	MONDO:0024531	OMIM:160565	added		MONDO:0008051
tylosis	MONDO:0007758	OMIM:144200	added		
tylosis	MONDO:0010962	OMIM:600962	added		
uncombable hair syndrome	MONDO:0008621	Orphanet:1410	confirmed		
uncombable hair syndrome	MONDO:0008621	icd11.foundation:244892708	confirmed		
uncombable hair syndrome	MONDO:0020736	OMIM:191480	added		
uncombable hair syndrome	MONDO:0020736	OMIM:191480	added		MONDO:0008621
upper gum cancer	MONDO:0004615	DOID:8601	added		
upper gum cancer	MONDO:0005507	icd11.foundation:1719710858	added		
upper gum cancer	MONDO:0005507	icd11.foundation:1719710858	added		MONDO:0004615
upper lip cancer	MONDO:0004621	DOID:8630	confirmed		
upper lip cancer	MONDO:0004621	MONDO:patterns/location	unconfirmed		
upper lip cancer	MONDO:0006834	icd11.foundation:304997495	added		
upper lip cancer	MONDO:0006834	icd11.foundation:304997495	added		MONDO:0004621
urethral obstruction	MONDO:0001556	DOID:12577	confirmed		
urethral obstruction	MONDO:0001556	MONDO:ambiguous	unconfirmed		
urethral obstruction	MONDO:0002127	icd11.foundation:611219038	added		
urethral obstruction	MONDO:0002127	icd11.foundation:611219038	added		MONDO:0001556
uric acid urolithiasis	MONDO:0003652		unconfirmed		
uric acid urolithiasis	MONDO:0008629	DOID:0080654	added		
urofacial syndrome	MONDO:0000463	DOID:0050816	confirmed		
urofacial syndrome	MONDO:0000463	OMIMPS:236730	confirmed		
urofacial syndrome	MONDO:0000463	Orphanet:2704	confirmed		
urofacial syndrome	MONDO:0009368	OMIM:236730	added		
urticaria pigmentosa	MONDO:0019023	OMIM:154800	added		
urticaria pigmentosa	MONDO:0019316	DOID:12309	confirmed		
urticaria pigmentosa	MONDO:0019316	MONDO:0001489	unconfirmed		
urticaria pigmentosa	MONDO:0019316	NCIT:C3433	confirmed		
urticaria pigmentosa	MONDO:0019316	Orphanet:79457	confirmed		
urticaria pigmentosa	MONDO:0019316	icd11.foundation:245322245	confirmed		
vascular degeneration	MONDO:0005311	ICD10CM:I70	added		
vascular degeneration	MONDO:0005386	icd11.foundation:1821859817	added		
vascular sclerosis	MONDO:0002277	NCIT:C34398	confirmed		
vascular sclerosis	MONDO:0005386	icd11.foundation:1821859817	added		
vasopressin deficiency	MONDO:0007450	DOID:12388	confirmed		
vasopressin deficiency	MONDO:0007450	NCIT:C84933	confirmed		
vasopressin deficiency	MONDO:0015790	icd11.foundation:1009553897	added		
vibratory urticaria	MONDO:0006618	DOID:1554	added		
vibratory urticaria	MONDO:0007447	OMIM:125630	added		
vibratory urticaria	MONDO:0007447	OMIM:125630	added		MONDO:0006618
vitamin B12 deficiency	MONDO:0019220	DOID:0050731	added		MONDO:0020696
vitiligo	MONDO:0008661	DOID:12306	added		
vitiligo	MONDO:0011684	OMIM:606579	added		
vitiligo	MONDO:0011684	OMIM:606579	added		MONDO:0008661
vocal cord dysfunction, familial	MONDO:0007876	OMIM:150260	added		
vocal cord dysfunction, familial	MONDO:0010639	OMIM:308850	added		
von Willebrand's disease	MONDO:0019565	DOID:12531	added		
von Willebrand's disease	MONDO:0024574	NCIT:C68677	confirmed		
vulvar carcinoma	MONDO:0001528	icd11.foundation:1530443809	added		
vulvar carcinoma	MONDO:0001528	icd11.foundation:1530443809	added		MONDO:0005215
vulvar carcinoma	MONDO:0005215	DOID:1294	confirmed		
vulvar carcinoma	MONDO:0005215	NCIT:C4866	confirmed		
vulvar carcinoma	MONDO:0005215	Orphanet:494418	confirmed		
well-differentiated liposarcoma	MONDO:0005103	Orphanet:99971	confirmed		
well-differentiated liposarcoma	MONDO:0006097	DOID:5690	added		
well-differentiated liposarcoma	MONDO:0006097	DOID:5690	added		MONDO:0005103
xanthinuria	MONDO:0018106	DOID:0060236	added		MONDO:0000721
